<?xml version='1.0' encoding='UTF-8'?>
<gpx xmlns="http://www.topografix.com/GPX/1/1" xmlns:xsi="http://www.w3.org/2001/XMLSchema-instance" creator="StravaGPX" version="1.1" xsi:schemaLocation="http://www.topografix.com/GPX/1/1 http://www.topografix.com/GPX/1/1/gpx.xsd">
  <metadata>
    <name>V14.1_280장수군_280 K_스테이지1(토요일)</name>
    <desc>장수280 스테이지1 1km별 예상 배터리 잔량 표시. Amflow PL 800Wh 기준. 50km 42→70%, 75km 28→70%, 100km 36→75%, 135km 종점 15% 목표. 50~75km 실제 소비 42%를 기준으로 고도와 거리에 따라 각 km에 소비량을 배분한 추정치.</desc>
    <author>
      <name>Jason Han</name>
      <link href="https://www.strava.com/athletes/16220252" />
    </author>
    <copyright author="OpenStreetMap contributors">
      <year>2020</year>
      <license>https://www.openstreetmap.org/copyright</license>
    </copyright>
    <link href="https://www.strava.com/routes/3524332463456954188" />
  </metadata>
  <wpt lat="35.61708" lon="127.49958">
    <name>용개마을 좌회전</name>
    <desc />
    <sym>Generic</sym>
    <type>Generic</type>
  </wpt>
  <wpt lat="35.58779" lon="127.44601">
    <name>대성고원 좌회전 해태동상</name>
    <desc />
    <sym>Generic</sym>
    <type>Generic</type>
  </wpt>
  <wpt lat="35.57664" lon="127.46308">
    <name>동화임도</name>
    <desc />
    <sym>Generic</sym>
    <type>Generic</type>
  </wpt>
  <wpt lat="35.55732" lon="127.47541">
    <name>장남호 급좌회전턴</name>
    <desc />
    <sym>Generic</sym>
    <type>Generic</type>
  </wpt>
  <wpt lat="35.61155" lon="127.49205">
    <name>한우목장 업힐</name>
    <desc />
    <sym>Generic</sym>
    <type>Generic</type>
  </wpt>
  <wpt lat="35.60865" lon="127.50337">
    <name>수분리임도</name>
    <desc />
    <sym>Generic</sym>
    <type>Generic</type>
  </wpt>
  <wpt lat="35.57889" lon="127.49035">
    <name>상교마을 속도주의</name>
    <desc />
    <sym>Generic</sym>
    <type>Generic</type>
  </wpt>
  <wpt lat="35.58676" lon="127.50217">
    <name>수분재 다운힐 속도 감속</name>
    <desc />
    <sym>Generic</sym>
    <type>Generic</type>
  </wpt>
  <wpt lat="35.5415" lon="127.51871">
    <name>장수수퍼</name>
    <desc />
    <sym>Generic</sym>
    <type>Generic</type>
  </wpt>
  <wpt lat="35.54038" lon="127.5427">
    <name>1보급소(유인)50</name>
    <desc>50 | 배터리 계획: 1차 약50km 42%→70%, 약75km 같은 장소 복귀 28%→70%.</desc>
    <sym>Water Source</sym>
    <type>Water Source</type>
  </wpt>
  <wpt lat="35.56383" lon="127.55367">
    <name>좌회전_황금장여관</name>
    <desc />
    <sym>Generic</sym>
    <type>Generic</type>
  </wpt>
  <wpt lat="35.55146" lon="127.58321">
    <name>봉화산임도정상</name>
    <desc>정상에서 800미터 다운힐 중 우회전 주의</desc>
    <sym>Generic</sym>
    <type>Generic</type>
  </wpt>
  <wpt lat="35.54418" lon="127.582">
    <name>우회전 철쭉군락지</name>
    <desc />
    <sym>Generic</sym>
    <type>Generic</type>
  </wpt>
  <wpt lat="35.53556" lon="127.57433">
    <name>독립가옥</name>
    <desc />
    <sym>Generic</sym>
    <type>Generic</type>
  </wpt>
  <wpt lat="35.52775" lon="127.57015">
    <name>우회전_봉화산임도 종료구간</name>
    <desc />
    <sym>Generic</sym>
    <type>Generic</type>
  </wpt>
  <wpt lat="35.52708" lon="127.56868">
    <name>봉화산 싱글900M</name>
    <desc />
    <sym>Generic</sym>
    <type>Generic</type>
  </wpt>
  <wpt lat="35.5258" lon="127.5682">
    <name>봉화산매봉</name>
    <desc />
    <sym>Generic</sym>
    <type>Generic</type>
  </wpt>
  <wpt lat="35.51916" lon="127.57123">
    <name>복성이재</name>
    <desc />
    <sym>Generic</sym>
    <type>Generic</type>
  </wpt>
  <wpt lat="35.51999" lon="127.5618">
    <name>좌회전 천문대</name>
    <desc />
    <sym>Generic</sym>
    <type>Generic</type>
  </wpt>
  <wpt lat="35.51821" lon="127.55985">
    <name>천문대 다운힐</name>
    <desc />
    <sym>Generic</sym>
    <type>Generic</type>
  </wpt>
  <wpt lat="35.53274" lon="127.54561">
    <name>번암면 관광지</name>
    <desc />
    <sym>Generic</sym>
    <type>Generic</type>
  </wpt>
  <wpt lat="35.56856" lon="127.55702">
    <name>동화보건소</name>
    <desc />
    <sym>Generic</sym>
    <type>Generic</type>
  </wpt>
  <wpt lat="35.59915" lon="127.56745">
    <name>동화임도 정상</name>
    <desc />
    <sym>Generic</sym>
    <type>Generic</type>
  </wpt>
  <wpt lat="35.617" lon="127.551">
    <name>2보급소(무인)_덕산제(용림호) 삼거리</name>
    <desc />
    <sym>Water Source</sym>
    <type>Water Source</type>
  </wpt>
  <wpt lat="35.61692" lon="127.55065">
    <name>용림저수지 교차로(85K종목 이탈점),2보급소(무인)</name>
    <desc>280K, 140K는 원래 코스대로.(2보급소 생수)
85K 종목만 업힐, 장수종합체육관으로 회귀</desc>
    <sym>Checkpoint</sym>
    <type>Checkpoint</type>
  </wpt>
  <wpt lat="35.60734" lon="127.54791">
    <name>방화동자연휴양림_끌바주의</name>
    <desc />
    <sym>Generic</sym>
    <type>Generic</type>
  </wpt>
  <wpt lat="35.59199" lon="127.51824">
    <name>당재터널_업힐정상</name>
    <desc />
    <sym>Generic</sym>
    <type>Generic</type>
  </wpt>
  <wpt lat="35.5888" lon="127.50469">
    <name>우회전 다운힐 차량주의_수분령</name>
    <desc />
    <sym>Generic</sym>
    <type>Generic</type>
  </wpt>
  <wpt lat="35.63563" lon="127.49462">
    <name>서구이재업힐시작</name>
    <desc />
    <sym>Generic</sym>
    <type>Generic</type>
  </wpt>
  <wpt lat="35.63795" lon="127.46889">
    <name>3보급소(무인)_서구이재주차장</name>
    <desc />
    <sym>Water Source</sym>
    <type>Water Source</type>
  </wpt>
  <wpt lat="35.65634" lon="127.47537">
    <name>천상데미</name>
    <desc />
    <sym>Generic</sym>
    <type>Generic</type>
  </wpt>
  <wpt lat="35.66564" lon="127.46979">
    <name>오계치 우회전</name>
    <desc />
    <sym>Generic</sym>
    <type>Generic</type>
  </wpt>
  <wpt lat="35.67298" lon="127.47588">
    <name>야영장 속도주의</name>
    <desc />
    <sym>Generic</sym>
    <type>Generic</type>
  </wpt>
  <wpt lat="35.68046" lon="127.47875">
    <name>와룡휴양림입구 우회전</name>
    <desc />
    <sym>Generic</sym>
    <type>Generic</type>
  </wpt>
  <wpt lat="35.67858" lon="127.493">
    <name>마을 사람주의</name>
    <desc />
    <sym>Generic</sym>
    <type>Generic</type>
  </wpt>
  <wpt lat="35.65256" lon="127.51344">
    <name>노하교 우회전</name>
    <desc />
    <sym>Generic</sym>
    <type>Generic</type>
  </wpt>
  <wpt lat="35.64361" lon="127.51732">
    <name>두산주유소 차량주의</name>
    <desc />
    <sym>Generic</sym>
    <type>Generic</type>
  </wpt>
  <wpt lat="35.63425997" lon="127.52261245">
    <ele>476.4</ele>
    <name>001K 98%</name>
    <desc>1km 예상 배터리 잔량: 98.4%</desc>
    <sym>Waypoint</sym>
    <type>Battery estimate</type>
  </wpt>
  <wpt lat="35.62655812" lon="127.52309346">
    <ele>526.4</ele>
    <name>002K 97%</name>
    <desc>2km 예상 배터리 잔량: 96.5%</desc>
    <sym>Waypoint</sym>
    <type>Battery estimate</type>
  </wpt>
  <wpt lat="35.62136028" lon="127.51562849">
    <ele>493.2</ele>
    <name>003K 96%</name>
    <desc>3km 예상 배터리 잔량: 95.9%</desc>
    <sym>Waypoint</sym>
    <type>Battery estimate</type>
  </wpt>
  <wpt lat="35.61847794" lon="127.50804391">
    <ele>456.3</ele>
    <name>004K 95%</name>
    <desc>4km 예상 배터리 잔량: 95.3%</desc>
    <sym>Waypoint</sym>
    <type>Battery estimate</type>
  </wpt>
  <wpt lat="35.61599386" lon="127.49864127">
    <ele>472.4</ele>
    <name>005K 94%</name>
    <desc>5km 예상 배터리 잔량: 94.3%</desc>
    <sym>Waypoint</sym>
    <type>Battery estimate</type>
  </wpt>
  <wpt lat="35.61170057" lon="127.49153971">
    <ele>548.6</ele>
    <name>006K 92%</name>
    <desc>6km 예상 배터리 잔량: 91.7%</desc>
    <sym>Waypoint</sym>
    <type>Battery estimate</type>
  </wpt>
  <wpt lat="35.60444716" lon="127.48803944">
    <ele>596.5</ele>
    <name>007K 90%</name>
    <desc>7km 예상 배터리 잔량: 89.9%</desc>
    <sym>Waypoint</sym>
    <type>Battery estimate</type>
  </wpt>
  <wpt lat="35.60050381" lon="127.48172117">
    <ele>652.5</ele>
    <name>008K 88%</name>
    <desc>8km 예상 배터리 잔량: 87.9%</desc>
    <sym>Waypoint</sym>
    <type>Battery estimate</type>
  </wpt>
  <wpt lat="35.60212204" lon="127.47340787">
    <ele>646.4</ele>
    <name>009K 87%</name>
    <desc>9km 예상 배터리 잔량: 87.0%</desc>
    <sym>Waypoint</sym>
    <type>Battery estimate</type>
  </wpt>
  <wpt lat="35.59815294" lon="127.46436927">
    <ele>584.4</ele>
    <name>010K 87%</name>
    <desc>10km 예상 배터리 잔량: 86.5%</desc>
    <sym>Waypoint</sym>
    <type>Battery estimate</type>
  </wpt>
  <wpt lat="35.59999848" lon="127.45522274">
    <ele>567.1</ele>
    <name>011K 86%</name>
    <desc>11km 예상 배터리 잔량: 85.6%</desc>
    <sym>Waypoint</sym>
    <type>Battery estimate</type>
  </wpt>
  <wpt lat="35.59396852" lon="127.44825878">
    <ele>548.7</ele>
    <name>012K 85%</name>
    <desc>12km 예상 배터리 잔량: 85.0%</desc>
    <sym>Waypoint</sym>
    <type>Battery estimate</type>
  </wpt>
  <wpt lat="35.58622763" lon="127.44638660">
    <ele>567.4</ele>
    <name>013K 84%</name>
    <desc>13km 예상 배터리 잔량: 83.7%</desc>
    <sym>Waypoint</sym>
    <type>Battery estimate</type>
  </wpt>
  <wpt lat="35.58046950" lon="127.45047228">
    <ele>622.0</ele>
    <name>014K 81%</name>
    <desc>14km 예상 배터리 잔량: 81.5%</desc>
    <sym>Waypoint</sym>
    <type>Battery estimate</type>
  </wpt>
  <wpt lat="35.57979071" lon="127.45976569">
    <ele>674.0</ele>
    <name>015K 80%</name>
    <desc>15km 예상 배터리 잔량: 79.6%</desc>
    <sym>Waypoint</sym>
    <type>Battery estimate</type>
  </wpt>
  <wpt lat="35.57589209" lon="127.45965413">
    <ele>678.2</ele>
    <name>016K 78%</name>
    <desc>16km 예상 배터리 잔량: 78.5%</desc>
    <sym>Waypoint</sym>
    <type>Battery estimate</type>
  </wpt>
  <wpt lat="35.57066101" lon="127.46209302">
    <ele>618.5</ele>
    <name>017K 78%</name>
    <desc>17km 예상 배터리 잔량: 77.7%</desc>
    <sym>Waypoint</sym>
    <type>Battery estimate</type>
  </wpt>
  <wpt lat="35.56560712" lon="127.45959007">
    <ele>549.1</ele>
    <name>018K 77%</name>
    <desc>18km 예상 배터리 잔량: 77.2%</desc>
    <sym>Waypoint</sym>
    <type>Battery estimate</type>
  </wpt>
  <wpt lat="35.56331308" lon="127.45600907">
    <ele>461.3</ele>
    <name>019K 77%</name>
    <desc>19km 예상 배터리 잔량: 76.7%</desc>
    <sym>Waypoint</sym>
    <type>Battery estimate</type>
  </wpt>
  <wpt lat="35.56211533" lon="127.46551122">
    <ele>433.6</ele>
    <name>020K 76%</name>
    <desc>20km 예상 배터리 잔량: 75.7%</desc>
    <sym>Waypoint</sym>
    <type>Battery estimate</type>
  </wpt>
  <wpt lat="35.55952925" lon="127.47058402">
    <ele>416.3</ele>
    <name>021K 74%</name>
    <desc>21km 예상 배터리 잔량: 74.4%</desc>
    <sym>Waypoint</sym>
    <type>Battery estimate</type>
  </wpt>
  <wpt lat="35.56092232" lon="127.47460976">
    <ele>382.0</ele>
    <name>022K 73%</name>
    <desc>22km 예상 배터리 잔량: 73.2%</desc>
    <sym>Waypoint</sym>
    <type>Battery estimate</type>
  </wpt>
  <wpt lat="35.56917328" lon="127.47655396">
    <ele>475.0</ele>
    <name>023K 70%</name>
    <desc>23km 예상 배터리 잔량: 70.2%</desc>
    <sym>Waypoint</sym>
    <type>Battery estimate</type>
  </wpt>
  <wpt lat="35.57219672" lon="127.47807577">
    <ele>607.2</ele>
    <name>024K 66%</name>
    <desc>24km 예상 배터리 잔량: 66.0%</desc>
    <sym>Waypoint</sym>
    <type>Battery estimate</type>
  </wpt>
  <wpt lat="35.57907472" lon="127.48083337">
    <ele>630.2</ele>
    <name>025K 64%</name>
    <desc>25km 예상 배터리 잔량: 64.4%</desc>
    <sym>Waypoint</sym>
    <type>Battery estimate</type>
  </wpt>
  <wpt lat="35.58600941" lon="127.48175888">
    <ele>690.4</ele>
    <name>026K 62%</name>
    <desc>26km 예상 배터리 잔량: 62.2%</desc>
    <sym>Waypoint</sym>
    <type>Battery estimate</type>
  </wpt>
  <wpt lat="35.59416476" lon="127.48063276">
    <ele>674.1</ele>
    <name>027K 61%</name>
    <desc>27km 예상 배터리 잔량: 61.3%</desc>
    <sym>Waypoint</sym>
    <type>Battery estimate</type>
  </wpt>
  <wpt lat="35.59790143" lon="127.47610179">
    <ele>623.5</ele>
    <name>028K 61%</name>
    <desc>28km 예상 배터리 잔량: 60.6%</desc>
    <sym>Waypoint</sym>
    <type>Battery estimate</type>
  </wpt>
  <wpt lat="35.60131041" lon="127.47990479">
    <ele>654.8</ele>
    <name>029K 59%</name>
    <desc>29km 예상 배터리 잔량: 59.0%</desc>
    <sym>Waypoint</sym>
    <type>Battery estimate</type>
  </wpt>
  <wpt lat="35.60346137" lon="127.48661460">
    <ele>605.3</ele>
    <name>030K 58%</name>
    <desc>30km 예상 배터리 잔량: 58.5%</desc>
    <sym>Waypoint</sym>
    <type>Battery estimate</type>
  </wpt>
  <wpt lat="35.61068023" lon="127.48976977">
    <ele>564.1</ele>
    <name>031K 58%</name>
    <desc>31km 예상 배터리 잔량: 58.0%</desc>
    <sym>Waypoint</sym>
    <type>Battery estimate</type>
  </wpt>
  <wpt lat="35.60830979" lon="127.49754552">
    <ele>602.8</ele>
    <name>032K 56%</name>
    <desc>32km 예상 배터리 잔량: 55.9%</desc>
    <sym>Waypoint</sym>
    <type>Battery estimate</type>
  </wpt>
  <wpt lat="35.60713765" lon="127.50346742">
    <ele>605.2</ele>
    <name>033K 55%</name>
    <desc>33km 예상 배터리 잔량: 54.6%</desc>
    <sym>Waypoint</sym>
    <type>Battery estimate</type>
  </wpt>
  <wpt lat="35.59988261" lon="127.50108428">
    <ele>645.8</ele>
    <name>034K 53%</name>
    <desc>34km 예상 배터리 잔량: 53.0%</desc>
    <sym>Waypoint</sym>
    <type>Battery estimate</type>
  </wpt>
  <wpt lat="35.59511917" lon="127.49385915">
    <ele>687.3</ele>
    <name>035K 51%</name>
    <desc>35km 예상 배터리 잔량: 51.1%</desc>
    <sym>Waypoint</sym>
    <type>Battery estimate</type>
  </wpt>
  <wpt lat="35.58790865" lon="127.49315019">
    <ele>700.6</ele>
    <name>036K 50%</name>
    <desc>36km 예상 배터리 잔량: 50.0%</desc>
    <sym>Waypoint</sym>
    <type>Battery estimate</type>
  </wpt>
  <wpt lat="35.58280597" lon="127.48984648">
    <ele>692.0</ele>
    <name>037K 50%</name>
    <desc>37km 예상 배터리 잔량: 49.5%</desc>
    <sym>Waypoint</sym>
    <type>Battery estimate</type>
  </wpt>
  <wpt lat="35.58090483" lon="127.49111570">
    <ele>613.5</ele>
    <name>038K 49%</name>
    <desc>38km 예상 배터리 잔량: 48.6%</desc>
    <sym>Waypoint</sym>
    <type>Battery estimate</type>
  </wpt>
  <wpt lat="35.58334923" lon="127.49991487">
    <ele>564.2</ele>
    <name>039K 48%</name>
    <desc>39km 예상 배터리 잔량: 48.1%</desc>
    <sym>Waypoint</sym>
    <type>Battery estimate</type>
  </wpt>
  <wpt lat="35.58298620" lon="127.50143378">
    <ele>508.9</ele>
    <name>040K 48%</name>
    <desc>40km 예상 배터리 잔량: 47.6%</desc>
    <sym>Waypoint</sym>
    <type>Battery estimate</type>
  </wpt>
  <wpt lat="35.57471185" lon="127.49799593">
    <ele>461.0</ele>
    <name>041K 47%</name>
    <desc>41km 예상 배터리 잔량: 47.1%</desc>
    <sym>Waypoint</sym>
    <type>Battery estimate</type>
  </wpt>
  <wpt lat="35.56627956" lon="127.49646807">
    <ele>414.2</ele>
    <name>042K 47%</name>
    <desc>42km 예상 배터리 잔량: 46.6%</desc>
    <sym>Waypoint</sym>
    <type>Battery estimate</type>
  </wpt>
  <wpt lat="35.55817687" lon="127.49246454">
    <ele>357.1</ele>
    <name>043K 46%</name>
    <desc>43km 예상 배터리 잔량: 46.1%</desc>
    <sym>Waypoint</sym>
    <type>Battery estimate</type>
  </wpt>
  <wpt lat="35.54972429" lon="127.49514909">
    <ele>313.8</ele>
    <name>044K 46%</name>
    <desc>44km 예상 배터리 잔량: 45.6%</desc>
    <sym>Waypoint</sym>
    <type>Battery estimate</type>
  </wpt>
  <wpt lat="35.54511319" lon="127.50256749">
    <ele>301.5</ele>
    <name>045K 45%</name>
    <desc>45km 예상 배터리 잔량: 44.9%</desc>
    <sym>Waypoint</sym>
    <type>Battery estimate</type>
  </wpt>
  <wpt lat="35.54277580" lon="127.51270553">
    <ele>282.9</ele>
    <name>046K 44%</name>
    <desc>46km 예상 배터리 잔량: 44.4%</desc>
    <sym>Waypoint</sym>
    <type>Battery estimate</type>
  </wpt>
  <wpt lat="35.54041897" lon="127.52264241">
    <ele>272.1</ele>
    <name>047K 44%</name>
    <desc>47km 예상 배터리 잔량: 43.9%</desc>
    <sym>Waypoint</sym>
    <type>Battery estimate</type>
  </wpt>
  <wpt lat="35.53739101" lon="127.53276873">
    <ele>268.8</ele>
    <name>048K 43%</name>
    <desc>48km 예상 배터리 잔량: 43.3%</desc>
    <sym>Waypoint</sym>
    <type>Battery estimate</type>
  </wpt>
  <wpt lat="35.53469731" lon="127.54262133">
    <ele>250.8</ele>
    <name>049K 43%</name>
    <desc>49km 예상 배터리 잔량: 42.8%</desc>
    <sym>Waypoint</sym>
    <type>Battery estimate</type>
  </wpt>
  <wpt lat="35.54031176" lon="127.53977084">
    <ele>259.2</ele>
    <name>050K 42%→70%</name>
    <desc>50km | 1보급소 1차 도착: 예상 42%, 70%까지 충전. 이 지점의 숫자는 충전 전 잔량이며 충전 후 다음 구간을 시작.</desc>
    <sym>Flag, Red</sym>
    <type>Battery estimate</type>
  </wpt>
  <wpt lat="35.54620767" lon="127.53314602">
    <ele>329.5</ele>
    <name>051K 67%</name>
    <desc>51km 예상 배터리 잔량: 67.4%</desc>
    <sym>Waypoint</sym>
    <type>Battery estimate</type>
  </wpt>
  <wpt lat="35.55303810" lon="127.52965602">
    <ele>334.2</ele>
    <name>052K 66%</name>
    <desc>52km 예상 배터리 잔량: 66.4%</desc>
    <sym>Waypoint</sym>
    <type>Battery estimate</type>
  </wpt>
  <wpt lat="35.55965640" lon="127.53175640">
    <ele>323.8</ele>
    <name>053K 66%</name>
    <desc>53km 예상 배터리 잔량: 65.8%</desc>
    <sym>Waypoint</sym>
    <type>Battery estimate</type>
  </wpt>
  <wpt lat="35.56343578" lon="127.54026224">
    <ele>327.9</ele>
    <name>054K 65%</name>
    <desc>54km 예상 배터리 잔량: 64.9%</desc>
    <sym>Waypoint</sym>
    <type>Battery estimate</type>
  </wpt>
  <wpt lat="35.56628908" lon="127.55038626">
    <ele>330.0</ele>
    <name>055K 64%</name>
    <desc>55km 예상 배터리 잔량: 64.0%</desc>
    <sym>Waypoint</sym>
    <type>Battery estimate</type>
  </wpt>
  <wpt lat="35.56424284" lon="127.55445056">
    <ele>334.8</ele>
    <name>056K 63%</name>
    <desc>56km 예상 배터리 잔량: 63.2%</desc>
    <sym>Waypoint</sym>
    <type>Battery estimate</type>
  </wpt>
  <wpt lat="35.55867090" lon="127.55907289">
    <ele>372.0</ele>
    <name>057K 62%</name>
    <desc>57km 예상 배터리 잔량: 61.5%</desc>
    <sym>Waypoint</sym>
    <type>Battery estimate</type>
  </wpt>
  <wpt lat="35.55564000" lon="127.56557655">
    <ele>459.6</ele>
    <name>058K 58%</name>
    <desc>58km 예상 배터리 잔량: 58.4%</desc>
    <sym>Waypoint</sym>
    <type>Battery estimate</type>
  </wpt>
  <wpt lat="35.55014039" lon="127.56372511">
    <ele>531.8</ele>
    <name>059K 56%</name>
    <desc>59km 예상 배터리 잔량: 55.6%</desc>
    <sym>Waypoint</sym>
    <type>Battery estimate</type>
  </wpt>
  <wpt lat="35.54766503" lon="127.56669000">
    <ele>627.8</ele>
    <name>060K 52%</name>
    <desc>60km 예상 배터리 잔량: 52.3%</desc>
    <sym>Waypoint</sym>
    <type>Battery estimate</type>
  </wpt>
  <wpt lat="35.54749948" lon="127.56931632">
    <ele>717.3</ele>
    <name>061K 49%</name>
    <desc>61km 예상 배터리 잔량: 49.1%</desc>
    <sym>Waypoint</sym>
    <type>Battery estimate</type>
  </wpt>
  <wpt lat="35.54727956" lon="127.57472615">
    <ele>786.0</ele>
    <name>062K 46%</name>
    <desc>62km 예상 배터리 잔량: 46.4%</desc>
    <sym>Waypoint</sym>
    <type>Battery estimate</type>
  </wpt>
  <wpt lat="35.54950995" lon="127.58112787">
    <ele>872.9</ele>
    <name>063K 43%</name>
    <desc>63km 예상 배터리 잔량: 42.9%</desc>
    <sym>Waypoint</sym>
    <type>Battery estimate</type>
  </wpt>
  <wpt lat="35.54705162" lon="127.58134919">
    <ele>840.9</ele>
    <name>064K 42%</name>
    <desc>64km 예상 배터리 잔량: 41.8%</desc>
    <sym>Waypoint</sym>
    <type>Battery estimate</type>
  </wpt>
  <wpt lat="35.54431267" lon="127.57809854">
    <ele>796.5</ele>
    <name>065K 41%</name>
    <desc>65km 예상 배터리 잔량: 40.7%</desc>
    <sym>Waypoint</sym>
    <type>Battery estimate</type>
  </wpt>
  <wpt lat="35.54063789" lon="127.57316382">
    <ele>707.7</ele>
    <name>066K 40%</name>
    <desc>66km 예상 배터리 잔량: 40.1%</desc>
    <sym>Waypoint</sym>
    <type>Battery estimate</type>
  </wpt>
  <wpt lat="35.53580569" lon="127.57664620">
    <ele>645.9</ele>
    <name>067K 39%</name>
    <desc>67km 예상 배터리 잔량: 39.3%</desc>
    <sym>Waypoint</sym>
    <type>Battery estimate</type>
  </wpt>
  <wpt lat="35.53200633" lon="127.56996626">
    <ele>644.4</ele>
    <name>068K 38%</name>
    <desc>68km 예상 배터리 잔량: 38.3%</desc>
    <sym>Waypoint</sym>
    <type>Battery estimate</type>
  </wpt>
  <wpt lat="35.52591279" lon="127.56822191">
    <ele>676.7</ele>
    <name>069K 35%</name>
    <desc>69km 예상 배터리 잔량: 35.4%</desc>
    <sym>Waypoint</sym>
    <type>Battery estimate</type>
  </wpt>
  <wpt lat="35.51910648" lon="127.57020704">
    <ele>548.6</ele>
    <name>070K 34%</name>
    <desc>70km 예상 배터리 잔량: 34.1%</desc>
    <sym>Waypoint</sym>
    <type>Battery estimate</type>
  </wpt>
  <wpt lat="35.51932459" lon="127.56142110">
    <ele>582.1</ele>
    <name>071K 33%</name>
    <desc>71km 예상 배터리 잔량: 32.6%</desc>
    <sym>Waypoint</sym>
    <type>Battery estimate</type>
  </wpt>
  <wpt lat="35.52069255" lon="127.55641355">
    <ele>461.4</ele>
    <name>072K 31%</name>
    <desc>72km 예상 배터리 잔량: 30.7%</desc>
    <sym>Waypoint</sym>
    <type>Battery estimate</type>
  </wpt>
  <wpt lat="35.52784437" lon="127.55126320">
    <ele>313.0</ele>
    <name>073K 30%</name>
    <desc>73km 예상 배터리 잔량: 30.1%</desc>
    <sym>Waypoint</sym>
    <type>Battery estimate</type>
  </wpt>
  <wpt lat="35.53388570" lon="127.54535405">
    <ele>253.1</ele>
    <name>074K 29%</name>
    <desc>74km 예상 배터리 잔량: 29.0%</desc>
    <sym>Waypoint</sym>
    <type>Battery estimate</type>
  </wpt>
  <wpt lat="35.53959436" lon="127.54245092">
    <ele>259.6</ele>
    <name>075K 28%→70%</name>
    <desc>75km | 같은 1보급소 복귀: 실측 기준 예상 28%, 70%까지 충전. 이 지점의 숫자는 충전 전 잔량이며 충전 후 다음 구간을 시작.</desc>
    <sym>Flag, Red</sym>
    <type>Battery estimate</type>
  </wpt>
  <wpt lat="35.54374542" lon="127.53369645">
    <ele>322.0</ele>
    <name>076K 67%</name>
    <desc>76km 예상 배터리 잔량: 67.5%</desc>
    <sym>Waypoint</sym>
    <type>Battery estimate</type>
  </wpt>
  <wpt lat="35.55090643" lon="127.53064000">
    <ele>342.0</ele>
    <name>077K 66%</name>
    <desc>77km 예상 배터리 잔량: 66.1%</desc>
    <sym>Waypoint</sym>
    <type>Battery estimate</type>
  </wpt>
  <wpt lat="35.55752560" lon="127.53052449">
    <ele>325.1</ele>
    <name>078K 66%</name>
    <desc>78km 예상 배터리 잔량: 65.5%</desc>
    <sym>Waypoint</sym>
    <type>Battery estimate</type>
  </wpt>
  <wpt lat="35.56281702" lon="127.53721558">
    <ele>327.0</ele>
    <name>079K 65%</name>
    <desc>79km 예상 배터리 잔량: 64.6%</desc>
    <sym>Waypoint</sym>
    <type>Battery estimate</type>
  </wpt>
  <wpt lat="35.56573062" lon="127.54743686">
    <ele>338.1</ele>
    <name>080K 64%</name>
    <desc>80km 예상 배터리 잔량: 63.7%</desc>
    <sym>Waypoint</sym>
    <type>Battery estimate</type>
  </wpt>
  <wpt lat="35.56691857" lon="127.55668780">
    <ele>339.2</ele>
    <name>081K 63%</name>
    <desc>81km 예상 배터리 잔량: 62.8%</desc>
    <sym>Waypoint</sym>
    <type>Battery estimate</type>
  </wpt>
  <wpt lat="35.57537860" lon="127.55655000">
    <ele>365.2</ele>
    <name>082K 61%</name>
    <desc>82km 예상 배터리 잔량: 61.4%</desc>
    <sym>Waypoint</sym>
    <type>Battery estimate</type>
  </wpt>
  <wpt lat="35.58367584" lon="127.55500364">
    <ele>415.4</ele>
    <name>083K 59%</name>
    <desc>83km 예상 배터리 잔량: 59.3%</desc>
    <sym>Waypoint</sym>
    <type>Battery estimate</type>
  </wpt>
  <wpt lat="35.59179831" lon="127.55425501">
    <ele>471.4</ele>
    <name>084K 57%</name>
    <desc>84km 예상 배터리 잔량: 57.0%</desc>
    <sym>Waypoint</sym>
    <type>Battery estimate</type>
  </wpt>
  <wpt lat="35.59307653" lon="127.55795478">
    <ele>581.9</ele>
    <name>085K 53%</name>
    <desc>85km 예상 배터리 잔량: 53.0%</desc>
    <sym>Waypoint</sym>
    <type>Battery estimate</type>
  </wpt>
  <wpt lat="35.59734450" lon="127.56209862">
    <ele>636.2</ele>
    <name>086K 51%</name>
    <desc>86km 예상 배터리 잔량: 50.6%</desc>
    <sym>Waypoint</sym>
    <type>Battery estimate</type>
  </wpt>
  <wpt lat="35.59792638" lon="127.56534881">
    <ele>729.1</ele>
    <name>087K 47%</name>
    <desc>87km 예상 배터리 잔량: 47.2%</desc>
    <sym>Waypoint</sym>
    <type>Battery estimate</type>
  </wpt>
  <wpt lat="35.60263995" lon="127.56509990">
    <ele>744.5</ele>
    <name>088K 46%</name>
    <desc>88km 예상 배터리 잔량: 45.9%</desc>
    <sym>Waypoint</sym>
    <type>Battery estimate</type>
  </wpt>
  <wpt lat="35.60402388" lon="127.55898168">
    <ele>722.2</ele>
    <name>089K 45%</name>
    <desc>89km 예상 배터리 잔량: 45.1%</desc>
    <sym>Waypoint</sym>
    <type>Battery estimate</type>
  </wpt>
  <wpt lat="35.60894082" lon="127.55774969">
    <ele>691.4</ele>
    <name>090K 44%</name>
    <desc>90km 예상 배터리 잔량: 44.1%</desc>
    <sym>Waypoint</sym>
    <type>Battery estimate</type>
  </wpt>
  <wpt lat="35.61160000" lon="127.56000215">
    <ele>638.7</ele>
    <name>091K 43%</name>
    <desc>91km 예상 배터리 잔량: 43.3%</desc>
    <sym>Waypoint</sym>
    <type>Battery estimate</type>
  </wpt>
  <wpt lat="35.61356749" lon="127.55379809">
    <ele>650.4</ele>
    <name>092K 42%</name>
    <desc>92km 예상 배터리 잔량: 42.3%</desc>
    <sym>Waypoint</sym>
    <type>Battery estimate</type>
  </wpt>
  <wpt lat="35.61797124" lon="127.56239890">
    <ele>640.1</ele>
    <name>093K 42%</name>
    <desc>93km 예상 배터리 잔량: 41.8%</desc>
    <sym>Waypoint</sym>
    <type>Battery estimate</type>
  </wpt>
  <wpt lat="35.61745759" lon="127.55982759">
    <ele>627.5</ele>
    <name>094K 41%</name>
    <desc>94km 예상 배터리 잔량: 41.0%</desc>
    <sym>Waypoint</sym>
    <type>Battery estimate</type>
  </wpt>
  <wpt lat="35.61668153" lon="127.55111774">
    <ele>667.8</ele>
    <name>095K 39%</name>
    <desc>95km 예상 배터리 잔량: 39.1%</desc>
    <sym>Waypoint</sym>
    <type>Battery estimate</type>
  </wpt>
  <wpt lat="35.61026805" lon="127.55060254">
    <ele>630.5</ele>
    <name>096K 39%</name>
    <desc>96km 예상 배터리 잔량: 38.6%</desc>
    <sym>Waypoint</sym>
    <type>Battery estimate</type>
  </wpt>
  <wpt lat="35.60518210" lon="127.54611407">
    <ele>561.6</ele>
    <name>097K 38%</name>
    <desc>97km 예상 배터리 잔량: 37.9%</desc>
    <sym>Waypoint</sym>
    <type>Battery estimate</type>
  </wpt>
  <wpt lat="35.60068976" lon="127.54295735">
    <ele>533.4</ele>
    <name>098K 37%</name>
    <desc>98km 예상 배터리 잔량: 37.3%</desc>
    <sym>Waypoint</sym>
    <type>Battery estimate</type>
  </wpt>
  <wpt lat="35.59641699" lon="127.53521510">
    <ele>505.4</ele>
    <name>099K 37%</name>
    <desc>99km 예상 배터리 잔량: 36.6%</desc>
    <sym>Waypoint</sym>
    <type>Battery estimate</type>
  </wpt>
  <wpt lat="35.59871904" lon="127.53004666">
    <ele>470.7</ele>
    <name>100K 36%→75%</name>
    <desc>100km | 점심 지점: 예상 36%, 75%까지 충전. 이 지점의 숫자는 충전 전 잔량이며 충전 후 다음 구간을 시작.</desc>
    <sym>Flag, Red</sym>
    <type>Battery estimate</type>
  </wpt>
  <wpt lat="35.59224844" lon="127.52817894">
    <ele>454.5</ele>
    <name>101K 74%</name>
    <desc>101km 예상 배터리 잔량: 74.2%</desc>
    <sym>Waypoint</sym>
    <type>Battery estimate</type>
  </wpt>
  <wpt lat="35.58507934" lon="127.52961969">
    <ele>418.0</ele>
    <name>102K 73%</name>
    <desc>102km 예상 배터리 잔량: 73.1%</desc>
    <sym>Waypoint</sym>
    <type>Battery estimate</type>
  </wpt>
  <wpt lat="35.58237368" lon="127.52486265">
    <ele>387.2</ele>
    <name>103K 73%</name>
    <desc>103km 예상 배터리 잔량: 72.6%</desc>
    <sym>Waypoint</sym>
    <type>Battery estimate</type>
  </wpt>
  <wpt lat="35.58990294" lon="127.52116408">
    <ele>465.9</ele>
    <name>104K 70%</name>
    <desc>104km 예상 배터리 잔량: 69.5%</desc>
    <sym>Waypoint</sym>
    <type>Battery estimate</type>
  </wpt>
  <wpt lat="35.59265438" lon="127.51891264">
    <ele>582.7</ele>
    <name>105K 65%</name>
    <desc>105km 예상 배터리 잔량: 65.4%</desc>
    <sym>Waypoint</sym>
    <type>Battery estimate</type>
  </wpt>
  <wpt lat="35.58983962" lon="127.50950034">
    <ele>625.0</ele>
    <name>106K 64%</name>
    <desc>106km 예상 배터리 잔량: 63.6%</desc>
    <sym>Waypoint</sym>
    <type>Battery estimate</type>
  </wpt>
  <wpt lat="35.59114300" lon="127.50710671">
    <ele>524.8</ele>
    <name>107K 63%</name>
    <desc>107km 예상 배터리 잔량: 63.0%</desc>
    <sym>Waypoint</sym>
    <type>Battery estimate</type>
  </wpt>
  <wpt lat="35.59998959" lon="127.50854328">
    <ele>500.4</ele>
    <name>108K 62%</name>
    <desc>108km 예상 배터리 잔량: 62.5%</desc>
    <sym>Waypoint</sym>
    <type>Battery estimate</type>
  </wpt>
  <wpt lat="35.60888444" lon="127.50978299">
    <ele>474.9</ele>
    <name>109K 62%</name>
    <desc>109km 예상 배터리 잔량: 61.9%</desc>
    <sym>Waypoint</sym>
    <type>Battery estimate</type>
  </wpt>
  <wpt lat="35.61764585" lon="127.50822846">
    <ele>456.6</ele>
    <name>110K 61%</name>
    <desc>110km 예상 배터리 잔량: 61.3%</desc>
    <sym>Waypoint</sym>
    <type>Battery estimate</type>
  </wpt>
  <wpt lat="35.62593337" lon="127.50668191">
    <ele>446.7</ele>
    <name>111K 61%</name>
    <desc>111km 예상 배터리 잔량: 60.6%</desc>
    <sym>Waypoint</sym>
    <type>Battery estimate</type>
  </wpt>
  <wpt lat="35.63174923" lon="127.50144782">
    <ele>436.9</ele>
    <name>112K 60%</name>
    <desc>112km 예상 배터리 잔량: 59.7%</desc>
    <sym>Waypoint</sym>
    <type>Battery estimate</type>
  </wpt>
  <wpt lat="35.63053703" lon="127.49274566">
    <ele>466.8</ele>
    <name>113K 58%</name>
    <desc>113km 예상 배터리 잔량: 58.2%</desc>
    <sym>Waypoint</sym>
    <type>Battery estimate</type>
  </wpt>
  <wpt lat="35.63352240" lon="127.49128865">
    <ele>513.7</ele>
    <name>114K 56%</name>
    <desc>114km 예상 배터리 잔량: 56.1%</desc>
    <sym>Waypoint</sym>
    <type>Battery estimate</type>
  </wpt>
  <wpt lat="35.63321446" lon="127.49000231">
    <ele>523.4</ele>
    <name>115K 54%</name>
    <desc>115km 예상 배터리 잔량: 54.2%</desc>
    <sym>Waypoint</sym>
    <type>Battery estimate</type>
  </wpt>
  <wpt lat="35.63695756" lon="127.48717543">
    <ele>596.8</ele>
    <name>116K 51%</name>
    <desc>116km 예상 배터리 잔량: 51.4%</desc>
    <sym>Waypoint</sym>
    <type>Battery estimate</type>
  </wpt>
  <wpt lat="35.64301945" lon="127.48433096">
    <ele>670.2</ele>
    <name>117K 49%</name>
    <desc>117km 예상 배터리 잔량: 48.6%</desc>
    <sym>Waypoint</sym>
    <type>Battery estimate</type>
  </wpt>
  <wpt lat="35.64439141" lon="127.47825361">
    <ele>741.2</ele>
    <name>118K 46%</name>
    <desc>118km 예상 배터리 잔량: 45.9%</desc>
    <sym>Waypoint</sym>
    <type>Battery estimate</type>
  </wpt>
  <wpt lat="35.63923970" lon="127.47020617">
    <ele>795.0</ele>
    <name>119K 44%</name>
    <desc>119km 예상 배터리 잔량: 43.7%</desc>
    <sym>Waypoint</sym>
    <type>Battery estimate</type>
  </wpt>
  <wpt lat="35.63850609" lon="127.46696581">
    <ele>888.9</ele>
    <name>120K 40%</name>
    <desc>120km 예상 배터리 잔량: 39.6%</desc>
    <sym>Waypoint</sym>
    <type>Battery estimate</type>
  </wpt>
  <wpt lat="35.64522095" lon="127.47155572">
    <ele>977.0</ele>
    <name>121K 35%</name>
    <desc>121km 예상 배터리 잔량: 35.0%</desc>
    <sym>Waypoint</sym>
    <type>Battery estimate</type>
  </wpt>
  <wpt lat="35.65284167" lon="127.47469391">
    <ele>1009.2</ele>
    <name>122K 33%</name>
    <desc>122km 예상 배터리 잔량: 32.5%</desc>
    <sym>Waypoint</sym>
    <type>Battery estimate</type>
  </wpt>
  <wpt lat="35.66025259" lon="127.47726685">
    <ele>1053.5</ele>
    <name>123K 29%</name>
    <desc>123km 예상 배터리 잔량: 29.1%</desc>
    <sym>Waypoint</sym>
    <type>Battery estimate</type>
  </wpt>
  <wpt lat="35.66567430" lon="127.46969140">
    <ele>891.4</ele>
    <name>124K 28%</name>
    <desc>124km 예상 배터리 잔량: 28.4%</desc>
    <sym>Waypoint</sym>
    <type>Battery estimate</type>
  </wpt>
  <wpt lat="35.67237618" lon="127.47559376">
    <ele>682.4</ele>
    <name>125K 28%</name>
    <desc>125km 예상 배터리 잔량: 27.8%</desc>
    <sym>Waypoint</sym>
    <type>Battery estimate</type>
  </wpt>
  <wpt lat="35.68011923" lon="127.47845447">
    <ele>569.4</ele>
    <name>126K 27%</name>
    <desc>126km 예상 배터리 잔량: 27.3%</desc>
    <sym>Waypoint</sym>
    <type>Battery estimate</type>
  </wpt>
  <wpt lat="35.67724297" lon="127.48433942">
    <ele>647.5</ele>
    <name>127K 24%</name>
    <desc>127km 예상 배터리 잔량: 23.9%</desc>
    <sym>Waypoint</sym>
    <type>Battery estimate</type>
  </wpt>
  <wpt lat="35.67861501" lon="127.48810482">
    <ele>627.5</ele>
    <name>128K 22%</name>
    <desc>128km 예상 배터리 잔량: 22.3%</desc>
    <sym>Waypoint</sym>
    <type>Battery estimate</type>
  </wpt>
  <wpt lat="35.67976751" lon="127.49742487">
    <ele>579.5</ele>
    <name>129K 22%</name>
    <desc>129km 예상 배터리 잔량: 21.5%</desc>
    <sym>Waypoint</sym>
    <type>Battery estimate</type>
  </wpt>
  <wpt lat="35.67450551" lon="127.50210678">
    <ele>537.6</ele>
    <name>130K 21%</name>
    <desc>130km 예상 배터리 잔량: 20.8%</desc>
    <sym>Waypoint</sym>
    <type>Battery estimate</type>
  </wpt>
  <wpt lat="35.66970272" lon="127.50648202">
    <ele>487.7</ele>
    <name>131K 20%</name>
    <desc>131km 예상 배터리 잔량: 19.5%</desc>
    <sym>Waypoint</sym>
    <type>Battery estimate</type>
  </wpt>
  <wpt lat="35.66227978" lon="127.50868711">
    <ele>492.0</ele>
    <name>132K 18%</name>
    <desc>132km 예상 배터리 잔량: 17.6%</desc>
    <sym>Waypoint</sym>
    <type>Battery estimate</type>
  </wpt>
  <wpt lat="35.65396011" lon="127.51188742">
    <ele>427.2</ele>
    <name>133K 17%</name>
    <desc>133km 예상 배터리 잔량: 17.0%</desc>
    <sym>Waypoint</sym>
    <type>Battery estimate</type>
  </wpt>
  <wpt lat="35.64648693" lon="127.51316614">
    <ele>414.8</ele>
    <name>134K 16%</name>
    <desc>134km 예상 배터리 잔량: 16.3%</desc>
    <sym>Waypoint</sym>
    <type>Battery estimate</type>
  </wpt>
  <wpt lat="35.64165562" lon="127.52054610">
    <ele>434.2</ele>
    <name>135K 15%</name>
    <desc>135km 예상 배터리 잔량: 15.0%</desc>
    <sym>Waypoint</sym>
    <type>Battery estimate</type>
  </wpt>
  <trk>
    <name>V14.1_280장수군_280 K_스테이지1(토요일)</name>
    <desc>토요일 분 140K </desc>
    <link href="https://www.strava.com/routes/3524332463456954188" />
    <type>cycling</type>
    <trkseg>
      <trkpt lat="35.64077" lon="127.52096000000002">
        <ele>437.96</ele>
      </trkpt>
      <trkpt lat="35.6411" lon="127.52089000000001">
        <ele>437.27000000000004</ele>
      </trkpt>
      <trkpt lat="35.6411" lon="127.52117000000001">
        <ele>438.05000000000007</ele>
      </trkpt>
      <trkpt lat="35.6407" lon="127.52136000000002">
        <ele>440.02000000000004</ele>
      </trkpt>
      <trkpt lat="35.64009" lon="127.52150000000002">
        <ele>440.58000000000004</ele>
      </trkpt>
      <trkpt lat="35.63950000025113" lon="127.52167333589195">
        <ele>446.07</ele>
      </trkpt>
      <trkpt lat="35.63891000025394" lon="127.52184666922442">
        <ele>448.96000000000004</ele>
      </trkpt>
      <trkpt lat="35.63832" lon="127.52202000000001">
        <ele>450.47</ele>
      </trkpt>
      <trkpt lat="35.638120003016965" lon="127.52116499784351">
        <ele>448.87000000000006</ele>
      </trkpt>
      <trkpt lat="35.63792" lon="127.52031000000001">
        <ele>454.86</ele>
      </trkpt>
      <trkpt lat="35.63726000261076" lon="127.5207080131515">
        <ele>455.87000000000006</ele>
      </trkpt>
      <trkpt lat="35.63660000391229" lon="127.5211060197293">
        <ele>458.59000000000003</ele>
      </trkpt>
      <trkpt lat="35.63594000390466" lon="127.52150401973361">
        <ele>463.79</ele>
      </trkpt>
      <trkpt lat="35.63528000258789" lon="127.52190201316475">
        <ele>469.96000000000004</ele>
      </trkpt>
      <trkpt lat="35.634620000000005" lon="127.52230000000002">
        <ele>474.16</ele>
      </trkpt>
      <trkpt lat="35.63404000215406" lon="127.52280334058574">
        <ele>477.71000000000004</ele>
      </trkpt>
      <trkpt lat="35.63346000221431" lon="127.52330667386667">
        <ele>481.42</ele>
      </trkpt>
      <trkpt lat="35.63288" lon="127.52381000000001">
        <ele>487.00000000000006</ele>
      </trkpt>
      <trkpt lat="35.63221000156679" lon="127.52441000495814">
        <ele>493.62000000000006</ele>
      </trkpt>
      <trkpt lat="35.63154" lon="127.52501000000001">
        <ele>499.96</ele>
      </trkpt>
      <trkpt lat="35.6313" lon="127.52512000000002">
        <ele>503.40000000000003</ele>
      </trkpt>
      <trkpt lat="35.631130000000006" lon="127.52516000000001">
        <ele>503.40000000000003</ele>
      </trkpt>
      <trkpt lat="35.63031" lon="127.52522">
        <ele>510.36</ele>
      </trkpt>
      <trkpt lat="35.63013" lon="127.52518">
        <ele>511.86000000000007</ele>
      </trkpt>
      <trkpt lat="35.629940000000005" lon="127.52506000000001">
        <ele>513.78</ele>
      </trkpt>
      <trkpt lat="35.629780000000004" lon="127.52483000000001">
        <ele>514.83</ele>
      </trkpt>
      <trkpt lat="35.629430000000006" lon="127.52428">
        <ele>516.27</ele>
      </trkpt>
      <trkpt lat="35.62905" lon="127.52388">
        <ele>515.8900000000001</ele>
      </trkpt>
      <trkpt lat="35.628820000000005" lon="127.52373000000001">
        <ele>515.61</ele>
      </trkpt>
      <trkpt lat="35.628005000631525" lon="127.52332999590779">
        <ele>517.14</ele>
      </trkpt>
      <trkpt lat="35.627190000000006" lon="127.52293000000002">
        <ele>521.44</ele>
      </trkpt>
      <trkpt lat="35.627010000000006" lon="127.52289">
        <ele>523.37</ele>
      </trkpt>
      <trkpt lat="35.626900000000006" lon="127.52291000000001">
        <ele>523.37</ele>
      </trkpt>
      <trkpt lat="35.62661" lon="127.52309000000001">
        <ele>526.09</ele>
      </trkpt>
      <trkpt lat="35.62646" lon="127.52310000000001">
        <ele>526.93</ele>
      </trkpt>
      <trkpt lat="35.62608" lon="127.52307">
        <ele>528.46</ele>
      </trkpt>
      <trkpt lat="35.625910000000005" lon="127.52301000000001">
        <ele>529.1600000000001</ele>
      </trkpt>
      <trkpt lat="35.625710000000005" lon="127.5229">
        <ele>529.52</ele>
      </trkpt>
      <trkpt lat="35.625600000000006" lon="127.5228">
        <ele>529.5500000000001</ele>
      </trkpt>
      <trkpt lat="35.625130000000006" lon="127.52220000000001">
        <ele>528.0</ele>
      </trkpt>
      <trkpt lat="35.62494" lon="127.52205000000001">
        <ele>526.2</ele>
      </trkpt>
      <trkpt lat="35.624810000000004" lon="127.52198000000001">
        <ele>525.42</ele>
      </trkpt>
      <trkpt lat="35.624610000000004" lon="127.52171000000001">
        <ele>523.59</ele>
      </trkpt>
      <trkpt lat="35.62454" lon="127.52151">
        <ele>522.24</ele>
      </trkpt>
      <trkpt lat="35.62451" lon="127.52105000000002">
        <ele>519.5000000000001</ele>
      </trkpt>
      <trkpt lat="35.6244" lon="127.52066">
        <ele>517.4000000000001</ele>
      </trkpt>
      <trkpt lat="35.624120000000005" lon="127.52012">
        <ele>516.38</ele>
      </trkpt>
      <trkpt lat="35.62398" lon="127.51995000000001">
        <ele>516.35</ele>
      </trkpt>
      <trkpt lat="35.62366" lon="127.51963">
        <ele>516.96</ele>
      </trkpt>
      <trkpt lat="35.623650000000005" lon="127.51963">
        <ele>516.96</ele>
      </trkpt>
      <trkpt lat="35.62323" lon="127.51927">
        <ele>516.81</ele>
      </trkpt>
      <trkpt lat="35.6231" lon="127.51909">
        <ele>516.17</ele>
      </trkpt>
      <trkpt lat="35.62297" lon="127.51887">
        <ele>514.99</ele>
      </trkpt>
      <trkpt lat="35.622890000000005" lon="127.51879000000001">
        <ele>514.54</ele>
      </trkpt>
      <trkpt lat="35.622730000000004" lon="127.51852000000001">
        <ele>513.1800000000001</ele>
      </trkpt>
      <trkpt lat="35.622370000000004" lon="127.51820000000001">
        <ele>510.61</ele>
      </trkpt>
      <trkpt lat="35.62191000018033" lon="127.51793499841234">
        <ele>507.41</ele>
      </trkpt>
      <trkpt lat="35.62145" lon="127.51767000000001">
        <ele>504.0</ele>
      </trkpt>
      <trkpt lat="35.621280000000006" lon="127.51754000000001">
        <ele>502.5200000000001</ele>
      </trkpt>
      <trkpt lat="35.62115" lon="127.51737000000001">
        <ele>501.77000000000004</ele>
      </trkpt>
      <trkpt lat="35.621100000000006" lon="127.51725">
        <ele>501.77000000000004</ele>
      </trkpt>
      <trkpt lat="35.62109" lon="127.51707">
        <ele>499.35</ele>
      </trkpt>
      <trkpt lat="35.621270003803026" lon="127.51611000218567">
        <ele>496.15000000000003</ele>
      </trkpt>
      <trkpt lat="35.62145" lon="127.51515">
        <ele>490.3</ele>
      </trkpt>
      <trkpt lat="35.62147" lon="127.51469000000002">
        <ele>488.65000000000003</ele>
      </trkpt>
      <trkpt lat="35.621410000000004" lon="127.51423000000001">
        <ele>486.56000000000006</ele>
      </trkpt>
      <trkpt lat="35.62131" lon="127.51392000000001">
        <ele>485.88000000000005</ele>
      </trkpt>
      <trkpt lat="35.621140000000004" lon="127.51358">
        <ele>485.73</ele>
      </trkpt>
      <trkpt lat="35.62097" lon="127.51336">
        <ele>485.69000000000005</ele>
      </trkpt>
      <trkpt lat="35.620810000000006" lon="127.51320000000001">
        <ele>485.54</ele>
      </trkpt>
      <trkpt lat="35.6206" lon="127.51307000000001">
        <ele>485.64</ele>
      </trkpt>
      <trkpt lat="35.620360000000005" lon="127.51296">
        <ele>486.40000000000003</ele>
      </trkpt>
      <trkpt lat="35.619900000267" lon="127.51282999930797">
        <ele>489.01000000000005</ele>
      </trkpt>
      <trkpt lat="35.619440000000004" lon="127.51270000000001">
        <ele>488.00000000000006</ele>
      </trkpt>
      <trkpt lat="35.61880000031768" lon="127.51247999827991">
        <ele>487.05</ele>
      </trkpt>
      <trkpt lat="35.61816" lon="127.51226000000001">
        <ele>484.32</ele>
      </trkpt>
      <trkpt lat="35.617940000000004" lon="127.5121">
        <ele>482.31</ele>
      </trkpt>
      <trkpt lat="35.61778" lon="127.51192">
        <ele>480.68000000000006</ele>
      </trkpt>
      <trkpt lat="35.61766" lon="127.51168000000001">
        <ele>478.52000000000004</ele>
      </trkpt>
      <trkpt lat="35.61759" lon="127.51146000000001">
        <ele>478.52000000000004</ele>
      </trkpt>
      <trkpt lat="35.61757" lon="127.51116">
        <ele>475.40000000000003</ele>
      </trkpt>
      <trkpt lat="35.61761500255167" lon="127.51037500034056">
        <ele>470.47</ele>
      </trkpt>
      <trkpt lat="35.61766" lon="127.50959000000002">
        <ele>467.22</ele>
      </trkpt>
      <trkpt lat="35.61775" lon="127.50921000000001">
        <ele>465.33</ele>
      </trkpt>
      <trkpt lat="35.617920000000005" lon="127.50898000000001">
        <ele>464.77</ele>
      </trkpt>
      <trkpt lat="35.61825" lon="127.50871000000001">
        <ele>462.78000000000003</ele>
      </trkpt>
      <trkpt lat="35.61836" lon="127.50856000000002">
        <ele>462.02000000000004</ele>
      </trkpt>
      <trkpt lat="35.61835" lon="127.50856000000002">
        <ele>462.02000000000004</ele>
      </trkpt>
      <trkpt lat="35.61845" lon="127.50845000000001">
        <ele>461.37000000000006</ele>
      </trkpt>
      <trkpt lat="35.618460000000006" lon="127.50834">
        <ele>460.99</ele>
      </trkpt>
      <trkpt lat="35.618480000000005" lon="127.50801000000001">
        <ele>455.81000000000006</ele>
      </trkpt>
      <trkpt lat="35.61865" lon="127.50791000000001">
        <ele>455.76000000000005</ele>
      </trkpt>
      <trkpt lat="35.61845" lon="127.50717000000002">
        <ele>454.98</ele>
      </trkpt>
      <trkpt lat="35.61823000292224" lon="127.50632499756912">
        <ele>452.66</ele>
      </trkpt>
      <trkpt lat="35.618010000000005" lon="127.50548">
        <ele>452.43000000000006</ele>
      </trkpt>
      <trkpt lat="35.61779000351449" lon="127.50455499736957">
        <ele>451.42</ele>
      </trkpt>
      <trkpt lat="35.61757" lon="127.50363000000002">
        <ele>452.09000000000003</ele>
      </trkpt>
      <trkpt lat="35.617445010263616" lon="127.5027199957332">
        <ele>451.94000000000005</ele>
      </trkpt>
      <trkpt lat="35.617320013684775" lon="127.50180999431073">
        <ele>453.14000000000004</ele>
      </trkpt>
      <trkpt lat="35.617195010263536" lon="127.5008999957328">
        <ele>455.39</ele>
      </trkpt>
      <trkpt lat="35.617070000000005" lon="127.49999000000001">
        <ele>459.0</ele>
      </trkpt>
      <trkpt lat="35.61706" lon="127.49973000000001">
        <ele>459.68</ele>
      </trkpt>
      <trkpt lat="35.61708" lon="127.49958000000001">
        <ele>459.96000000000004</ele>
      </trkpt>
      <trkpt lat="35.617110000000004" lon="127.49936000000001">
        <ele>460.52000000000004</ele>
      </trkpt>
      <trkpt lat="35.617070000000005" lon="127.49924000000001">
        <ele>460.85</ele>
      </trkpt>
      <trkpt lat="35.617050000000006" lon="127.49880000000002">
        <ele>463.88</ele>
      </trkpt>
      <trkpt lat="35.6169" lon="127.49859000000001">
        <ele>465.62</ele>
      </trkpt>
      <trkpt lat="35.61674" lon="127.49853000000002">
        <ele>466.38</ele>
      </trkpt>
      <trkpt lat="35.61641" lon="127.49863">
        <ele>468.30000000000007</ele>
      </trkpt>
      <trkpt lat="35.616110000000006" lon="127.49866000000002">
        <ele>471.05</ele>
      </trkpt>
      <trkpt lat="35.6158" lon="127.49861000000001">
        <ele>474.68000000000006</ele>
      </trkpt>
      <trkpt lat="35.615260000000006" lon="127.49847000000001">
        <ele>478.38</ele>
      </trkpt>
      <trkpt lat="35.61488" lon="127.49829000000001">
        <ele>481.08000000000004</ele>
      </trkpt>
      <trkpt lat="35.614470000000004" lon="127.49784000000001">
        <ele>484.4700000000001</ele>
      </trkpt>
      <trkpt lat="35.61433" lon="127.49776000000001">
        <ele>485.01000000000005</ele>
      </trkpt>
      <trkpt lat="35.613870000000006" lon="127.49761000000001">
        <ele>489.00000000000006</ele>
      </trkpt>
      <trkpt lat="35.613620000000004" lon="127.49741000000002">
        <ele>491.66</ele>
      </trkpt>
      <trkpt lat="35.613510000000005" lon="127.49715">
        <ele>492.59000000000003</ele>
      </trkpt>
      <trkpt lat="35.613760000000006" lon="127.49679">
        <ele>494.42</ele>
      </trkpt>
      <trkpt lat="35.61392" lon="127.49651000000001">
        <ele>496.63</ele>
      </trkpt>
      <trkpt lat="35.61392" lon="127.49633000000001">
        <ele>497.6700000000001</ele>
      </trkpt>
      <trkpt lat="35.61383" lon="127.49618000000001">
        <ele>498.46</ele>
      </trkpt>
      <trkpt lat="35.613420000000005" lon="127.49572">
        <ele>502.9100000000001</ele>
      </trkpt>
      <trkpt lat="35.612790000000004" lon="127.49556000000001">
        <ele>508.85</ele>
      </trkpt>
      <trkpt lat="35.612480000000005" lon="127.49542000000001">
        <ele>511.44</ele>
      </trkpt>
      <trkpt lat="35.61234" lon="127.49526000000002">
        <ele>512.54</ele>
      </trkpt>
      <trkpt lat="35.61216" lon="127.49497000000001">
        <ele>514.1300000000001</ele>
      </trkpt>
      <trkpt lat="35.612" lon="127.49442">
        <ele>519.02</ele>
      </trkpt>
      <trkpt lat="35.61178" lon="127.49403000000001">
        <ele>525.0799999999999</ele>
      </trkpt>
      <trkpt lat="35.611790000000006" lon="127.49385000000001">
        <ele>525.0799999999999</ele>
      </trkpt>
      <trkpt lat="35.611830000000005" lon="127.49371000000001">
        <ele>527.36</ele>
      </trkpt>
      <trkpt lat="35.61182" lon="127.49362">
        <ele>528.46</ele>
      </trkpt>
      <trkpt lat="35.611740000000005" lon="127.49347000000002">
        <ele>529.95</ele>
      </trkpt>
      <trkpt lat="35.611700000000006" lon="127.49335">
        <ele>530.8000000000001</ele>
      </trkpt>
      <trkpt lat="35.611760000000004" lon="127.49289000000002">
        <ele>535.08</ele>
      </trkpt>
      <trkpt lat="35.611450000000005" lon="127.49233000000001">
        <ele>544.15</ele>
      </trkpt>
      <trkpt lat="35.611430000000006" lon="127.49222000000002">
        <ele>546.0</ele>
      </trkpt>
      <trkpt lat="35.61144" lon="127.49216000000001">
        <ele>546.0</ele>
      </trkpt>
      <trkpt lat="35.61159" lon="127.49202000000001">
        <ele>546.52</ele>
      </trkpt>
      <trkpt lat="35.61169" lon="127.49188000000001">
        <ele>546.98</ele>
      </trkpt>
      <trkpt lat="35.611720000000005" lon="127.49170000000001">
        <ele>547.4499999999999</ele>
      </trkpt>
      <trkpt lat="35.61168" lon="127.49137">
        <ele>549.7500000000001</ele>
      </trkpt>
      <trkpt lat="35.61164" lon="127.49126000000001">
        <ele>549.7500000000001</ele>
      </trkpt>
      <trkpt lat="35.611470000000004" lon="127.49106">
        <ele>552.44</ele>
      </trkpt>
      <trkpt lat="35.6113" lon="127.49061">
        <ele>554.4300000000001</ele>
      </trkpt>
      <trkpt lat="35.61124" lon="127.49056000000002">
        <ele>555.83</ele>
      </trkpt>
      <trkpt lat="35.611000000000004" lon="127.49050000000001">
        <ele>557.45</ele>
      </trkpt>
      <trkpt lat="35.61088" lon="127.49043">
        <ele>559.27</ele>
      </trkpt>
      <trkpt lat="35.61086" lon="127.49024000000001">
        <ele>559.27</ele>
      </trkpt>
      <trkpt lat="35.61093" lon="127.49006000000001">
        <ele>560.8100000000001</ele>
      </trkpt>
      <trkpt lat="35.61094" lon="127.48987000000001">
        <ele>562.6000000000001</ele>
      </trkpt>
      <trkpt lat="35.6109" lon="127.48982000000001">
        <ele>562.6000000000001</ele>
      </trkpt>
      <trkpt lat="35.61059" lon="127.48975000000002">
        <ele>564.72</ele>
      </trkpt>
      <trkpt lat="35.61059" lon="127.48974000000001">
        <ele>564.72</ele>
      </trkpt>
      <trkpt lat="35.61055" lon="127.48974000000001">
        <ele>565.2600000000001</ele>
      </trkpt>
      <trkpt lat="35.610440000000004" lon="127.48963">
        <ele>566.4</ele>
      </trkpt>
      <trkpt lat="35.61027" lon="127.48936">
        <ele>568.25</ele>
      </trkpt>
      <trkpt lat="35.610170000000004" lon="127.48932">
        <ele>569.25</ele>
      </trkpt>
      <trkpt lat="35.60996" lon="127.48935000000002">
        <ele>570.2</ele>
      </trkpt>
      <trkpt lat="35.6098" lon="127.48927">
        <ele>570.59</ele>
      </trkpt>
      <trkpt lat="35.60958" lon="127.48929000000001">
        <ele>571.67</ele>
      </trkpt>
      <trkpt lat="35.609370000000006" lon="127.48917000000002">
        <ele>573.2700000000001</ele>
      </trkpt>
      <trkpt lat="35.609260000000006" lon="127.48914">
        <ele>573.74</ele>
      </trkpt>
      <trkpt lat="35.60911" lon="127.48921000000001">
        <ele>574.52</ele>
      </trkpt>
      <trkpt lat="35.608900000000006" lon="127.48938000000001">
        <ele>575.4100000000001</ele>
      </trkpt>
      <trkpt lat="35.60857" lon="127.48959">
        <ele>579.3000000000001</ele>
      </trkpt>
      <trkpt lat="35.60844" lon="127.48962000000002">
        <ele>580.45</ele>
      </trkpt>
      <trkpt lat="35.60826" lon="127.48959">
        <ele>581.61</ele>
      </trkpt>
      <trkpt lat="35.60792" lon="127.48941">
        <ele>582.85</ele>
      </trkpt>
      <trkpt lat="35.607620000000004" lon="127.48928000000001">
        <ele>584.5400000000001</ele>
      </trkpt>
      <trkpt lat="35.60745" lon="127.48927">
        <ele>585.67</ele>
      </trkpt>
      <trkpt lat="35.606910000000006" lon="127.48934000000001">
        <ele>587.89</ele>
      </trkpt>
      <trkpt lat="35.606550000000006" lon="127.48918">
        <ele>588.7</ele>
      </trkpt>
      <trkpt lat="35.6062" lon="127.48928000000001">
        <ele>589.0500000000001</ele>
      </trkpt>
      <trkpt lat="35.60602" lon="127.48928000000001">
        <ele>589.84</ele>
      </trkpt>
      <trkpt lat="35.605850000000004" lon="127.48923">
        <ele>590.22</ele>
      </trkpt>
      <trkpt lat="35.6053600006904" lon="127.48882499753044">
        <ele>591.34</ele>
      </trkpt>
      <trkpt lat="35.604870000000005" lon="127.48842">
        <ele>594.31</ele>
      </trkpt>
      <trkpt lat="35.60427" lon="127.48788">
        <ele>597.48</ele>
      </trkpt>
      <trkpt lat="35.60428" lon="127.48788">
        <ele>597.48</ele>
      </trkpt>
      <trkpt lat="35.60384000017508" lon="127.48768499893575">
        <ele>599.85</ele>
      </trkpt>
      <trkpt lat="35.6034" lon="127.48749000000001">
        <ele>601.45</ele>
      </trkpt>
      <trkpt lat="35.60325" lon="127.48734000000002">
        <ele>602.28</ele>
      </trkpt>
      <trkpt lat="35.60316" lon="127.48715000000001">
        <ele>602.86</ele>
      </trkpt>
      <trkpt lat="35.603190000000005" lon="127.48695000000001">
        <ele>603.44</ele>
      </trkpt>
      <trkpt lat="35.603300000000004" lon="127.48679000000001">
        <ele>604.23</ele>
      </trkpt>
      <trkpt lat="35.603530000000006" lon="127.48654">
        <ele>605.7300000000001</ele>
      </trkpt>
      <trkpt lat="35.60352" lon="127.48637000000001">
        <ele>606.34</ele>
      </trkpt>
      <trkpt lat="35.60338" lon="127.48619000000001">
        <ele>607.89</ele>
      </trkpt>
      <trkpt lat="35.603" lon="127.48589000000001">
        <ele>612.45</ele>
      </trkpt>
      <trkpt lat="35.60289" lon="127.48573">
        <ele>613.2500000000001</ele>
      </trkpt>
      <trkpt lat="35.6028" lon="127.48544000000001">
        <ele>613.74</ele>
      </trkpt>
      <trkpt lat="35.60268" lon="127.48527000000001">
        <ele>613.75</ele>
      </trkpt>
      <trkpt lat="35.602450000000005" lon="127.48510000000002">
        <ele>613.5200000000001</ele>
      </trkpt>
      <trkpt lat="35.60219" lon="127.48507000000001">
        <ele>614.0600000000001</ele>
      </trkpt>
      <trkpt lat="35.6021" lon="127.48512000000001">
        <ele>614.83</ele>
      </trkpt>
      <trkpt lat="35.60179" lon="127.48508000000001">
        <ele>617.89</ele>
      </trkpt>
      <trkpt lat="35.60163" lon="127.48493">
        <ele>619.48</ele>
      </trkpt>
      <trkpt lat="35.60164" lon="127.48482000000001">
        <ele>619.48</ele>
      </trkpt>
      <trkpt lat="35.601600000000005" lon="127.48469000000001">
        <ele>620.3700000000001</ele>
      </trkpt>
      <trkpt lat="35.601510000000005" lon="127.48461">
        <ele>621.0500000000001</ele>
      </trkpt>
      <trkpt lat="35.60143" lon="127.48420000000002">
        <ele>624.3100000000001</ele>
      </trkpt>
      <trkpt lat="35.60146" lon="127.48396000000001">
        <ele>626.69</ele>
      </trkpt>
      <trkpt lat="35.60163" lon="127.48386">
        <ele>628.7</ele>
      </trkpt>
      <trkpt lat="35.601960000000005" lon="127.48387000000001">
        <ele>631.08</ele>
      </trkpt>
      <trkpt lat="35.602050000000006" lon="127.48384000000001">
        <ele>631.08</ele>
      </trkpt>
      <trkpt lat="35.60217" lon="127.48377">
        <ele>632.6</ele>
      </trkpt>
      <trkpt lat="35.60224" lon="127.48365000000001">
        <ele>633.5200000000001</ele>
      </trkpt>
      <trkpt lat="35.60222" lon="127.48340000000002">
        <ele>634.66</ele>
      </trkpt>
      <trkpt lat="35.60211" lon="127.48319000000001">
        <ele>635.38</ele>
      </trkpt>
      <trkpt lat="35.60175" lon="127.48263000000001">
        <ele>639.33</ele>
      </trkpt>
      <trkpt lat="35.601510000000005" lon="127.48218000000001">
        <ele>643.8000000000001</ele>
      </trkpt>
      <trkpt lat="35.601330000000004" lon="127.48200000000001">
        <ele>645.0100000000001</ele>
      </trkpt>
      <trkpt lat="35.60114" lon="127.48192000000002">
        <ele>646.21</ele>
      </trkpt>
      <trkpt lat="35.600730000000006" lon="127.48192000000002">
        <ele>650.22</ele>
      </trkpt>
      <trkpt lat="35.600550000000005" lon="127.48181000000001">
        <ele>652.23</ele>
      </trkpt>
      <trkpt lat="35.60042" lon="127.48156000000002">
        <ele>653.0100000000001</ele>
      </trkpt>
      <trkpt lat="35.60038" lon="127.48143000000002">
        <ele>653.12</ele>
      </trkpt>
      <trkpt lat="35.600460000000005" lon="127.48083000000001">
        <ele>654.49</ele>
      </trkpt>
      <trkpt lat="35.60051" lon="127.48058">
        <ele>654.98</ele>
      </trkpt>
      <trkpt lat="35.600680000000004" lon="127.48049000000002">
        <ele>655.0</ele>
      </trkpt>
      <trkpt lat="35.600970000000004" lon="127.48049000000002">
        <ele>655.51</ele>
      </trkpt>
      <trkpt lat="35.60103" lon="127.48043000000001">
        <ele>655.5200000000001</ele>
      </trkpt>
      <trkpt lat="35.60107" lon="127.48019000000001">
        <ele>655.27</ele>
      </trkpt>
      <trkpt lat="35.60114" lon="127.48004000000002">
        <ele>654.84</ele>
      </trkpt>
      <trkpt lat="35.601200000000006" lon="127.47997000000001">
        <ele>654.78</ele>
      </trkpt>
      <trkpt lat="35.601620000000004" lon="127.47975000000001">
        <ele>654.73</ele>
      </trkpt>
      <trkpt lat="35.60179" lon="127.47970000000001">
        <ele>654.6800000000001</ele>
      </trkpt>
      <trkpt lat="35.60222" lon="127.47932000000002">
        <ele>655.05</ele>
      </trkpt>
      <trkpt lat="35.60257" lon="127.4788">
        <ele>657.51</ele>
      </trkpt>
      <trkpt lat="35.602590000000006" lon="127.47819000000001">
        <ele>659.47</ele>
      </trkpt>
      <trkpt lat="35.60266" lon="127.47802000000001">
        <ele>659.7900000000001</ele>
      </trkpt>
      <trkpt lat="35.602970000000006" lon="127.47780000000002">
        <ele>658.6200000000001</ele>
      </trkpt>
      <trkpt lat="35.60314" lon="127.47760000000001">
        <ele>656.82</ele>
      </trkpt>
      <trkpt lat="35.603210000000004" lon="127.47746000000001">
        <ele>656.2800000000001</ele>
      </trkpt>
      <trkpt lat="35.60278000061867" lon="127.4770499977247">
        <ele>660.5200000000001</ele>
      </trkpt>
      <trkpt lat="35.60235" lon="127.47664000000002">
        <ele>662.48</ele>
      </trkpt>
      <trkpt lat="35.60204" lon="127.47615">
        <ele>659.27</ele>
      </trkpt>
      <trkpt lat="35.6019" lon="127.47585000000001">
        <ele>657.93</ele>
      </trkpt>
      <trkpt lat="35.60181" lon="127.47554000000001">
        <ele>657.5000000000001</ele>
      </trkpt>
      <trkpt lat="35.60175" lon="127.47519000000001">
        <ele>656.87</ele>
      </trkpt>
      <trkpt lat="35.60172" lon="127.47476">
        <ele>655.54</ele>
      </trkpt>
      <trkpt lat="35.60173" lon="127.47470000000001">
        <ele>655.54</ele>
      </trkpt>
      <trkpt lat="35.60184" lon="127.47419000000001">
        <ele>653.2800000000001</ele>
      </trkpt>
      <trkpt lat="35.60208" lon="127.47354000000001">
        <ele>647.22</ele>
      </trkpt>
      <trkpt lat="35.60229" lon="127.47288">
        <ele>643.1</ele>
      </trkpt>
      <trkpt lat="35.6024" lon="127.47218000000001">
        <ele>638.87</ele>
      </trkpt>
      <trkpt lat="35.6024" lon="127.47172">
        <ele>636.5200000000001</ele>
      </trkpt>
      <trkpt lat="35.60223000315054" lon="127.47084499807943">
        <ele>630.46</ele>
      </trkpt>
      <trkpt lat="35.60206" lon="127.46997">
        <ele>626.9300000000001</ele>
      </trkpt>
      <trkpt lat="35.601670000000006" lon="127.46909000000001">
        <ele>623.48</ele>
      </trkpt>
      <trkpt lat="35.60123" lon="127.46854">
        <ele>620.12</ele>
      </trkpt>
      <trkpt lat="35.60076" lon="127.4681">
        <ele>616.48</ele>
      </trkpt>
      <trkpt lat="35.600460000000005" lon="127.46777000000002">
        <ele>615.3000000000001</ele>
      </trkpt>
      <trkpt lat="35.60025" lon="127.46734000000001">
        <ele>611.51</ele>
      </trkpt>
      <trkpt lat="35.600030000000004" lon="127.46662">
        <ele>606.2700000000001</ele>
      </trkpt>
      <trkpt lat="35.599560000000004" lon="127.46602000000001">
        <ele>599.21</ele>
      </trkpt>
      <trkpt lat="35.59886" lon="127.46545">
        <ele>593.1800000000001</ele>
      </trkpt>
      <trkpt lat="35.59861" lon="127.46513000000002">
        <ele>591.1700000000001</ele>
      </trkpt>
      <trkpt lat="35.59832" lon="127.46466000000001">
        <ele>586.46</ele>
      </trkpt>
      <trkpt lat="35.5979350019103" lon="127.4639899968748">
        <ele>581.69</ele>
      </trkpt>
      <trkpt lat="35.597550000000005" lon="127.46332000000001">
        <ele>576.97</ele>
      </trkpt>
      <trkpt lat="35.59733" lon="127.46283000000001">
        <ele>577.64</ele>
      </trkpt>
      <trkpt lat="35.59725" lon="127.46234000000001">
        <ele>579.2400000000001</ele>
      </trkpt>
      <trkpt lat="35.59727" lon="127.46187">
        <ele>580.1800000000001</ele>
      </trkpt>
      <trkpt lat="35.59747500170879" lon="127.46122000177999">
        <ele>581.07</ele>
      </trkpt>
      <trkpt lat="35.597680000000004" lon="127.46057">
        <ele>582.7500000000001</ele>
      </trkpt>
      <trkpt lat="35.597710000000006" lon="127.46010000000001">
        <ele>585.0500000000001</ele>
      </trkpt>
      <trkpt lat="35.5977" lon="127.45977">
        <ele>586.44</ele>
      </trkpt>
      <trkpt lat="35.59776" lon="127.45959">
        <ele>588.99</ele>
      </trkpt>
      <trkpt lat="35.59792" lon="127.45939000000001">
        <ele>589.6600000000001</ele>
      </trkpt>
      <trkpt lat="35.59853500048875" lon="127.45904500265269">
        <ele>592.99</ele>
      </trkpt>
      <trkpt lat="35.59915" lon="127.45870000000001">
        <ele>588.58</ele>
      </trkpt>
      <trkpt lat="35.59926" lon="127.45850000000002">
        <ele>586.34</ele>
      </trkpt>
      <trkpt lat="35.59950500250705" lon="127.45772000240675">
        <ele>580.88</ele>
      </trkpt>
      <trkpt lat="35.59975" lon="127.45694000000002">
        <ele>576.34</ele>
      </trkpt>
      <trkpt lat="35.60005" lon="127.45652000000001">
        <ele>573.2400000000001</ele>
      </trkpt>
      <trkpt lat="35.600190000000005" lon="127.45628">
        <ele>573.2400000000001</ele>
      </trkpt>
      <trkpt lat="35.60024" lon="127.45601">
        <ele>571.52</ele>
      </trkpt>
      <trkpt lat="35.600190000000005" lon="127.45561000000001">
        <ele>569.6500000000001</ele>
      </trkpt>
      <trkpt lat="35.600060000000006" lon="127.45528000000002">
        <ele>567.38</ele>
      </trkpt>
      <trkpt lat="35.59955500082486" lon="127.4548099969528">
        <ele>565.2</ele>
      </trkpt>
      <trkpt lat="35.599050000000005" lon="127.45434000000002">
        <ele>563.33</ele>
      </trkpt>
      <trkpt lat="35.598710000000004" lon="127.45420000000001">
        <ele>561.69</ele>
      </trkpt>
      <trkpt lat="35.598530000000004" lon="127.45403000000002">
        <ele>560.77</ele>
      </trkpt>
      <trkpt lat="35.59843" lon="127.45380000000002">
        <ele>559.7</ele>
      </trkpt>
      <trkpt lat="35.59841" lon="127.45338000000001">
        <ele>557.06</ele>
      </trkpt>
      <trkpt lat="35.59836" lon="127.45306000000001">
        <ele>554.88</ele>
      </trkpt>
      <trkpt lat="35.59826" lon="127.45287">
        <ele>554.35</ele>
      </trkpt>
      <trkpt lat="35.598060000000004" lon="127.45261">
        <ele>552.1400000000001</ele>
      </trkpt>
      <trkpt lat="35.59794" lon="127.45227000000001">
        <ele>550.79</ele>
      </trkpt>
      <trkpt lat="35.597970000000004" lon="127.45153">
        <ele>548.82</ele>
      </trkpt>
      <trkpt lat="35.597930000000005" lon="127.4513">
        <ele>548.88</ele>
      </trkpt>
      <trkpt lat="35.597840000000005" lon="127.45105000000001">
        <ele>548.23</ele>
      </trkpt>
      <trkpt lat="35.59769" lon="127.45077">
        <ele>547.5699999999999</ele>
      </trkpt>
      <trkpt lat="35.597550000000005" lon="127.45061000000001">
        <ele>547.0400000000001</ele>
      </trkpt>
      <trkpt lat="35.597240000000006" lon="127.45036">
        <ele>546.73</ele>
      </trkpt>
      <trkpt lat="35.5968300002544" lon="127.45011999878027">
        <ele>546.1400000000001</ele>
      </trkpt>
      <trkpt lat="35.59642" lon="127.44988000000001">
        <ele>545.96</ele>
      </trkpt>
      <trkpt lat="35.59586" lon="127.44958000000001">
        <ele>545.24</ele>
      </trkpt>
      <trkpt lat="35.5953049999741" lon="127.44939999870016">
        <ele>544.19</ele>
      </trkpt>
      <trkpt lat="35.594750000000005" lon="127.44922000000001">
        <ele>544.52</ele>
      </trkpt>
      <trkpt lat="35.59425000152552" lon="127.44860499611343">
        <ele>547.47</ele>
      </trkpt>
      <trkpt lat="35.59375" lon="127.44799">
        <ele>549.67</ele>
      </trkpt>
      <trkpt lat="35.59364" lon="127.44792000000001">
        <ele>549.7700000000001</ele>
      </trkpt>
      <trkpt lat="35.59347" lon="127.44785000000002">
        <ele>549.64</ele>
      </trkpt>
      <trkpt lat="35.592635000122065" lon="127.44791000061815">
        <ele>546.33</ele>
      </trkpt>
      <trkpt lat="35.591800000000006" lon="127.44797000000001">
        <ele>543.19</ele>
      </trkpt>
      <trkpt lat="35.59161" lon="127.44799">
        <ele>542.9200000000001</ele>
      </trkpt>
      <trkpt lat="35.59087" lon="127.44798000000002">
        <ele>542.5600000000001</ele>
      </trkpt>
      <trkpt lat="35.590270000000004" lon="127.44791000000001">
        <ele>543.58</ele>
      </trkpt>
      <trkpt lat="35.59011" lon="127.44786">
        <ele>543.84</ele>
      </trkpt>
      <trkpt lat="35.58982" lon="127.44746">
        <ele>546.1</ele>
      </trkpt>
      <trkpt lat="35.589650000000006" lon="127.44719">
        <ele>549.42</ele>
      </trkpt>
      <trkpt lat="35.5895" lon="127.44702000000001">
        <ele>550.3100000000001</ele>
      </trkpt>
      <trkpt lat="35.58932" lon="127.44691000000002">
        <ele>552.3100000000001</ele>
      </trkpt>
      <trkpt lat="35.58919" lon="127.44687">
        <ele>552.3100000000001</ele>
      </trkpt>
      <trkpt lat="35.588930000000005" lon="127.44686000000002">
        <ele>555.0200000000001</ele>
      </trkpt>
      <trkpt lat="35.5884" lon="127.44693000000001">
        <ele>556.95</ele>
      </trkpt>
      <trkpt lat="35.588170000000005" lon="127.44692">
        <ele>558.0</ele>
      </trkpt>
      <trkpt lat="35.588010000000004" lon="127.44683">
        <ele>558.96</ele>
      </trkpt>
      <trkpt lat="35.58791" lon="127.44661">
        <ele>559.64</ele>
      </trkpt>
      <trkpt lat="35.587790000000005" lon="127.44601000000002">
        <ele>558.4100000000001</ele>
      </trkpt>
      <trkpt lat="35.587650000000004" lon="127.44600000000001">
        <ele>558.4100000000001</ele>
      </trkpt>
      <trkpt lat="35.587360000000004" lon="127.44590000000001">
        <ele>560.27</ele>
      </trkpt>
      <trkpt lat="35.587210000000006" lon="127.44577000000001">
        <ele>562.1700000000001</ele>
      </trkpt>
      <trkpt lat="35.586980000000004" lon="127.44573000000001">
        <ele>565.03</ele>
      </trkpt>
      <trkpt lat="35.58679" lon="127.44579000000002">
        <ele>566.28</ele>
      </trkpt>
      <trkpt lat="35.586690000000004" lon="127.44603000000001">
        <ele>567.9000000000001</ele>
      </trkpt>
      <trkpt lat="35.58657" lon="127.44612000000001">
        <ele>568.3100000000001</ele>
      </trkpt>
      <trkpt lat="35.58641" lon="127.44615000000002">
        <ele>568.4300000000001</ele>
      </trkpt>
      <trkpt lat="35.586290000000005" lon="127.44625">
        <ele>568.08</ele>
      </trkpt>
      <trkpt lat="35.586240000000004" lon="127.44638">
        <ele>567.4100000000001</ele>
      </trkpt>
      <trkpt lat="35.586090000000006" lon="127.44646000000002">
        <ele>566.9300000000001</ele>
      </trkpt>
      <trkpt lat="35.585910000000005" lon="127.44643">
        <ele>566.9300000000001</ele>
      </trkpt>
      <trkpt lat="35.58576" lon="127.44630000000001">
        <ele>566.7</ele>
      </trkpt>
      <trkpt lat="35.585170000000005" lon="127.44626000000001">
        <ele>567.9200000000001</ele>
      </trkpt>
      <trkpt lat="35.58489" lon="127.44622000000001">
        <ele>568.83</ele>
      </trkpt>
      <trkpt lat="35.58473" lon="127.44627000000001">
        <ele>569.47</ele>
      </trkpt>
      <trkpt lat="35.584480000000006" lon="127.44664000000002">
        <ele>571.59</ele>
      </trkpt>
      <trkpt lat="35.58433" lon="127.44679000000001">
        <ele>572.1</ele>
      </trkpt>
      <trkpt lat="35.58431" lon="127.44699000000001">
        <ele>573.0</ele>
      </trkpt>
      <trkpt lat="35.58435" lon="127.44720000000001">
        <ele>573.1700000000001</ele>
      </trkpt>
      <trkpt lat="35.584360000000004" lon="127.44742000000001">
        <ele>572.64</ele>
      </trkpt>
      <trkpt lat="35.58428" lon="127.44761000000001">
        <ele>571.96</ele>
      </trkpt>
      <trkpt lat="35.583980000000004" lon="127.44787000000001">
        <ele>571.04</ele>
      </trkpt>
      <trkpt lat="35.583830000000006" lon="127.44788000000001">
        <ele>569.52</ele>
      </trkpt>
      <trkpt lat="35.5837" lon="127.44782000000001">
        <ele>569.52</ele>
      </trkpt>
      <trkpt lat="35.58355" lon="127.44786">
        <ele>567.55</ele>
      </trkpt>
      <trkpt lat="35.58321" lon="127.44828000000001">
        <ele>565.11</ele>
      </trkpt>
      <trkpt lat="35.58312" lon="127.44831">
        <ele>564.96</ele>
      </trkpt>
      <trkpt lat="35.5829" lon="127.44813">
        <ele>564.4200000000001</ele>
      </trkpt>
      <trkpt lat="35.582620000000006" lon="127.44795">
        <ele>565.4</ele>
      </trkpt>
      <trkpt lat="35.58249" lon="127.44792000000001">
        <ele>565.74</ele>
      </trkpt>
      <trkpt lat="35.5824" lon="127.44796000000001">
        <ele>567.89</ele>
      </trkpt>
      <trkpt lat="35.582330000000006" lon="127.44818000000001">
        <ele>568.72</ele>
      </trkpt>
      <trkpt lat="35.58223" lon="127.44821000000002">
        <ele>569.6</ele>
      </trkpt>
      <trkpt lat="35.582080000000005" lon="127.44810000000001">
        <ele>571.84</ele>
      </trkpt>
      <trkpt lat="35.581920000000004" lon="127.44799">
        <ele>573.13</ele>
      </trkpt>
      <trkpt lat="35.58174" lon="127.44797000000001">
        <ele>573.79</ele>
      </trkpt>
      <trkpt lat="35.58167" lon="127.44811000000001">
        <ele>574.57</ele>
      </trkpt>
      <trkpt lat="35.58175" lon="127.44826">
        <ele>575.99</ele>
      </trkpt>
      <trkpt lat="35.58189" lon="127.44845000000001">
        <ele>578.55</ele>
      </trkpt>
      <trkpt lat="35.58191" lon="127.44871">
        <ele>582.32</ele>
      </trkpt>
      <trkpt lat="35.58176" lon="127.44886000000001">
        <ele>586.4200000000001</ele>
      </trkpt>
      <trkpt lat="35.5816" lon="127.44882000000001">
        <ele>588.64</ele>
      </trkpt>
      <trkpt lat="35.581390000000006" lon="127.44892000000002">
        <ele>591.1200000000001</ele>
      </trkpt>
      <trkpt lat="35.5814" lon="127.44907">
        <ele>594.41</ele>
      </trkpt>
      <trkpt lat="35.58147" lon="127.44921000000001">
        <ele>595.11</ele>
      </trkpt>
      <trkpt lat="35.58146" lon="127.44946000000002">
        <ele>598.53</ele>
      </trkpt>
      <trkpt lat="35.58137" lon="127.44966000000001">
        <ele>603.8100000000001</ele>
      </trkpt>
      <trkpt lat="35.58127" lon="127.44978">
        <ele>606.62</ele>
      </trkpt>
      <trkpt lat="35.5812" lon="127.45004000000002">
        <ele>609.68</ele>
      </trkpt>
      <trkpt lat="35.58109" lon="127.45015000000001">
        <ele>612.45</ele>
      </trkpt>
      <trkpt lat="35.5807" lon="127.45022000000002">
        <ele>617.17</ele>
      </trkpt>
      <trkpt lat="35.58048" lon="127.45047000000001">
        <ele>621.73</ele>
      </trkpt>
      <trkpt lat="35.58025" lon="127.45052000000001">
        <ele>627.0400000000001</ele>
      </trkpt>
      <trkpt lat="35.580090000000006" lon="127.45061000000001">
        <ele>630.45</ele>
      </trkpt>
      <trkpt lat="35.57997" lon="127.45065000000001">
        <ele>631.9800000000001</ele>
      </trkpt>
      <trkpt lat="35.579820000000005" lon="127.45065000000001">
        <ele>637.7</ele>
      </trkpt>
      <trkpt lat="35.57932" lon="127.45100000000001">
        <ele>649.0</ele>
      </trkpt>
      <trkpt lat="35.57923" lon="127.45119000000001">
        <ele>651.5600000000001</ele>
      </trkpt>
      <trkpt lat="35.57916" lon="127.45144">
        <ele>653.7400000000001</ele>
      </trkpt>
      <trkpt lat="35.57916" lon="127.45164000000001">
        <ele>654.27</ele>
      </trkpt>
      <trkpt lat="35.579190000000004" lon="127.45197000000002">
        <ele>655.2</ele>
      </trkpt>
      <trkpt lat="35.579330000000006" lon="127.45236000000001">
        <ele>657.45</ele>
      </trkpt>
      <trkpt lat="35.57934" lon="127.45277000000002">
        <ele>659.5600000000001</ele>
      </trkpt>
      <trkpt lat="35.57936" lon="127.45304000000002">
        <ele>662.0</ele>
      </trkpt>
      <trkpt lat="35.579420000000006" lon="127.45335000000001">
        <ele>665.4300000000001</ele>
      </trkpt>
      <trkpt lat="35.57959" lon="127.4539">
        <ele>669.94</ele>
      </trkpt>
      <trkpt lat="35.579600000000006" lon="127.45436000000001">
        <ele>673.34</ele>
      </trkpt>
      <trkpt lat="35.57969" lon="127.45454000000001">
        <ele>674.9900000000001</ele>
      </trkpt>
      <trkpt lat="35.57974" lon="127.45483000000002">
        <ele>674.9900000000001</ele>
      </trkpt>
      <trkpt lat="35.57969" lon="127.45541000000001">
        <ele>674.9900000000001</ele>
      </trkpt>
      <trkpt lat="35.579910000000005" lon="127.45614">
        <ele>674.9900000000001</ele>
      </trkpt>
      <trkpt lat="35.57994" lon="127.45656000000001">
        <ele>674.9900000000001</ele>
      </trkpt>
      <trkpt lat="35.5801" lon="127.45697000000001">
        <ele>674.9900000000001</ele>
      </trkpt>
      <trkpt lat="35.58024500219198" lon="127.45769999863472">
        <ele>674.9900000000001</ele>
      </trkpt>
      <trkpt lat="35.58039" lon="127.45843">
        <ele>674.9900000000001</ele>
      </trkpt>
      <trkpt lat="35.580400000000004" lon="127.45858000000001">
        <ele>674.9900000000001</ele>
      </trkpt>
      <trkpt lat="35.58035" lon="127.45869">
        <ele>674.9900000000001</ele>
      </trkpt>
      <trkpt lat="35.58028" lon="127.45875000000001">
        <ele>674.9900000000001</ele>
      </trkpt>
      <trkpt lat="35.58003" lon="127.45881000000001">
        <ele>674.0100000000001</ele>
      </trkpt>
      <trkpt lat="35.579930000000004" lon="127.45891000000002">
        <ele>674.0100000000001</ele>
      </trkpt>
      <trkpt lat="35.57994" lon="127.45914">
        <ele>674.0100000000001</ele>
      </trkpt>
      <trkpt lat="35.579980000000006" lon="127.45930000000001">
        <ele>674.0100000000001</ele>
      </trkpt>
      <trkpt lat="35.579950000000004" lon="127.45949000000002">
        <ele>674.0100000000001</ele>
      </trkpt>
      <trkpt lat="35.57969" lon="127.45994000000002">
        <ele>674.0100000000001</ele>
      </trkpt>
      <trkpt lat="35.57936" lon="127.46027000000001">
        <ele>674.0100000000001</ele>
      </trkpt>
      <trkpt lat="35.579280000000004" lon="127.46041000000001">
        <ele>674.0100000000001</ele>
      </trkpt>
      <trkpt lat="35.57923" lon="127.46069000000001">
        <ele>674.0100000000001</ele>
      </trkpt>
      <trkpt lat="35.579260000000005" lon="127.46079000000002">
        <ele>674.0100000000001</ele>
      </trkpt>
      <trkpt lat="35.579480000000004" lon="127.46107">
        <ele>674.0100000000001</ele>
      </trkpt>
      <trkpt lat="35.5795" lon="127.46136000000001">
        <ele>674.0100000000001</ele>
      </trkpt>
      <trkpt lat="35.579440000000005" lon="127.46163000000001">
        <ele>674.0100000000001</ele>
      </trkpt>
      <trkpt lat="35.57932" lon="127.46183">
        <ele>674.0100000000001</ele>
      </trkpt>
      <trkpt lat="35.57916" lon="127.46198000000001">
        <ele>674.0100000000001</ele>
      </trkpt>
      <trkpt lat="35.57896" lon="127.46212000000001">
        <ele>674.0100000000001</ele>
      </trkpt>
      <trkpt lat="35.57885" lon="127.46219">
        <ele>675.7500000000001</ele>
      </trkpt>
      <trkpt lat="35.578790000000005" lon="127.46233000000001">
        <ele>677.0200000000001</ele>
      </trkpt>
      <trkpt lat="35.578720000000004" lon="127.46242000000001">
        <ele>679.12</ele>
      </trkpt>
      <trkpt lat="35.57853" lon="127.46251000000001">
        <ele>681.96</ele>
      </trkpt>
      <trkpt lat="35.578480000000006" lon="127.46259">
        <ele>682.52</ele>
      </trkpt>
      <trkpt lat="35.57846" lon="127.46270000000001">
        <ele>683.86</ele>
      </trkpt>
      <trkpt lat="35.57849" lon="127.46289000000002">
        <ele>687.09</ele>
      </trkpt>
      <trkpt lat="35.57846" lon="127.46305000000001">
        <ele>688.9900000000001</ele>
      </trkpt>
      <trkpt lat="35.57838" lon="127.46321">
        <ele>689.94</ele>
      </trkpt>
      <trkpt lat="35.5782" lon="127.46328000000001">
        <ele>692.0200000000001</ele>
      </trkpt>
      <trkpt lat="35.57809" lon="127.46335">
        <ele>693.11</ele>
      </trkpt>
      <trkpt lat="35.578010000000006" lon="127.46344">
        <ele>694.23</ele>
      </trkpt>
      <trkpt lat="35.577960000000004" lon="127.46357">
        <ele>694.71</ele>
      </trkpt>
      <trkpt lat="35.57781" lon="127.46366">
        <ele>695.2700000000001</ele>
      </trkpt>
      <trkpt lat="35.57772000000001" lon="127.46365000000002">
        <ele>695.3900000000001</ele>
      </trkpt>
      <trkpt lat="35.57759" lon="127.46345000000001">
        <ele>695.46</ele>
      </trkpt>
      <trkpt lat="35.57746" lon="127.46333000000001">
        <ele>695.21</ele>
      </trkpt>
      <trkpt lat="35.57735" lon="127.46331">
        <ele>694.6600000000001</ele>
      </trkpt>
      <trkpt lat="35.577200000000005" lon="127.46332000000001">
        <ele>694.0</ele>
      </trkpt>
      <trkpt lat="35.577090000000005" lon="127.46331">
        <ele>693.69</ele>
      </trkpt>
      <trkpt lat="35.57688" lon="127.46310000000001">
        <ele>692.9300000000001</ele>
      </trkpt>
      <trkpt lat="35.57681" lon="127.46307000000002">
        <ele>692.9300000000001</ele>
      </trkpt>
      <trkpt lat="35.57665" lon="127.46308">
        <ele>691.5400000000001</ele>
      </trkpt>
      <trkpt lat="35.576640000000005" lon="127.46308">
        <ele>691.5400000000001</ele>
      </trkpt>
      <trkpt lat="35.576480000000004" lon="127.46305000000001">
        <ele>691.03</ele>
      </trkpt>
      <trkpt lat="35.576370000000004" lon="127.46300000000001">
        <ele>690.2900000000001</ele>
      </trkpt>
      <trkpt lat="35.576330000000006" lon="127.46291000000001">
        <ele>690.0</ele>
      </trkpt>
      <trkpt lat="35.57632" lon="127.46273000000001">
        <ele>688.96</ele>
      </trkpt>
      <trkpt lat="35.57638" lon="127.46237">
        <ele>686.86</ele>
      </trkpt>
      <trkpt lat="35.57636" lon="127.46229000000001">
        <ele>686.86</ele>
      </trkpt>
      <trkpt lat="35.576260000000005" lon="127.46219">
        <ele>686.34</ele>
      </trkpt>
      <trkpt lat="35.576220000000006" lon="127.46181000000001">
        <ele>684.7500000000001</ele>
      </trkpt>
      <trkpt lat="35.576260000000005" lon="127.46142">
        <ele>683.33</ele>
      </trkpt>
      <trkpt lat="35.57623" lon="127.46130000000001">
        <ele>682.48</ele>
      </trkpt>
      <trkpt lat="35.57612" lon="127.46114000000001">
        <ele>681.74</ele>
      </trkpt>
      <trkpt lat="35.576060000000005" lon="127.46100000000001">
        <ele>681.32</ele>
      </trkpt>
      <trkpt lat="35.57602" lon="127.46082000000001">
        <ele>681.08</ele>
      </trkpt>
      <trkpt lat="35.576040000000006" lon="127.46063000000001">
        <ele>680.61</ele>
      </trkpt>
      <trkpt lat="35.57614" lon="127.4603">
        <ele>680.0200000000001</ele>
      </trkpt>
      <trkpt lat="35.57614" lon="127.46019000000001">
        <ele>679.9000000000001</ele>
      </trkpt>
      <trkpt lat="35.576010000000004" lon="127.45967000000002">
        <ele>678.3</ele>
      </trkpt>
      <trkpt lat="35.57593" lon="127.45963">
        <ele>678.32</ele>
      </trkpt>
      <trkpt lat="35.57582" lon="127.45970000000001">
        <ele>678.08</ele>
      </trkpt>
      <trkpt lat="35.57571" lon="127.45972">
        <ele>677.64</ele>
      </trkpt>
      <trkpt lat="35.5754" lon="127.45967000000002">
        <ele>675.18</ele>
      </trkpt>
      <trkpt lat="35.57533" lon="127.45972">
        <ele>674.82</ele>
      </trkpt>
      <trkpt lat="35.575250000000004" lon="127.46004">
        <ele>672.3100000000001</ele>
      </trkpt>
      <trkpt lat="35.575190000000006" lon="127.46014000000001">
        <ele>669.0600000000001</ele>
      </trkpt>
      <trkpt lat="35.57508" lon="127.46019000000001">
        <ele>669.0600000000001</ele>
      </trkpt>
      <trkpt lat="35.57491" lon="127.46024000000001">
        <ele>665.73</ele>
      </trkpt>
      <trkpt lat="35.57482" lon="127.46035">
        <ele>664.44</ele>
      </trkpt>
      <trkpt lat="35.57468" lon="127.46066">
        <ele>663.4000000000001</ele>
      </trkpt>
      <trkpt lat="35.574540000000006" lon="127.46092000000002">
        <ele>664.0</ele>
      </trkpt>
      <trkpt lat="35.57441" lon="127.46107">
        <ele>664.45</ele>
      </trkpt>
      <trkpt lat="35.574160000000006" lon="127.46129">
        <ele>666.0</ele>
      </trkpt>
      <trkpt lat="35.57386" lon="127.46167000000001">
        <ele>669.49</ele>
      </trkpt>
      <trkpt lat="35.57379" lon="127.46166000000001">
        <ele>670.0500000000001</ele>
      </trkpt>
      <trkpt lat="35.57372" lon="127.46143000000001">
        <ele>671.08</ele>
      </trkpt>
      <trkpt lat="35.57365" lon="127.46134">
        <ele>671.37</ele>
      </trkpt>
      <trkpt lat="35.57365" lon="127.46094000000001">
        <ele>672.6</ele>
      </trkpt>
      <trkpt lat="35.57361" lon="127.46084">
        <ele>672.19</ele>
      </trkpt>
      <trkpt lat="35.573530000000005" lon="127.46081000000001">
        <ele>672.19</ele>
      </trkpt>
      <trkpt lat="35.57339" lon="127.46079000000002">
        <ele>671.66</ele>
      </trkpt>
      <trkpt lat="35.5732" lon="127.46069000000001">
        <ele>670.91</ele>
      </trkpt>
      <trkpt lat="35.573080000000004" lon="127.4603">
        <ele>668.7900000000001</ele>
      </trkpt>
      <trkpt lat="35.573010000000004" lon="127.46024000000001">
        <ele>668.44</ele>
      </trkpt>
      <trkpt lat="35.57282" lon="127.46015000000001">
        <ele>666.07</ele>
      </trkpt>
      <trkpt lat="35.57264" lon="127.46009000000001">
        <ele>663.72</ele>
      </trkpt>
      <trkpt lat="35.57265" lon="127.46010000000001">
        <ele>663.72</ele>
      </trkpt>
      <trkpt lat="35.57258" lon="127.46017">
        <ele>661.2600000000001</ele>
      </trkpt>
      <trkpt lat="35.572500000000005" lon="127.46088000000002">
        <ele>654.08</ele>
      </trkpt>
      <trkpt lat="35.57255" lon="127.46149000000001">
        <ele>646.4300000000001</ele>
      </trkpt>
      <trkpt lat="35.57237" lon="127.46172000000001">
        <ele>641.7900000000001</ele>
      </trkpt>
      <trkpt lat="35.57233" lon="127.46202000000001">
        <ele>639.5600000000001</ele>
      </trkpt>
      <trkpt lat="35.572280000000006" lon="127.46216000000001">
        <ele>639.5600000000001</ele>
      </trkpt>
      <trkpt lat="35.5722" lon="127.46224000000001">
        <ele>634.1500000000001</ele>
      </trkpt>
      <trkpt lat="35.57208" lon="127.46227">
        <ele>634.1500000000001</ele>
      </trkpt>
      <trkpt lat="35.57188" lon="127.46238000000001">
        <ele>631.84</ele>
      </trkpt>
      <trkpt lat="35.571760000000005" lon="127.46260000000001">
        <ele>628.68</ele>
      </trkpt>
      <trkpt lat="35.571670000000005" lon="127.46269000000001">
        <ele>627.4900000000001</ele>
      </trkpt>
      <trkpt lat="35.571270000000005" lon="127.46281">
        <ele>622.69</ele>
      </trkpt>
      <trkpt lat="35.57108" lon="127.46296000000001">
        <ele>621.86</ele>
      </trkpt>
      <trkpt lat="35.57097" lon="127.46291000000001">
        <ele>621.6400000000001</ele>
      </trkpt>
      <trkpt lat="35.570870000000006" lon="127.46271000000002">
        <ele>620.2500000000001</ele>
      </trkpt>
      <trkpt lat="35.57076" lon="127.46261000000001">
        <ele>619.97</ele>
      </trkpt>
      <trkpt lat="35.5707" lon="127.46251000000001">
        <ele>619.86</ele>
      </trkpt>
      <trkpt lat="35.570660000000004" lon="127.46235000000001">
        <ele>619.29</ele>
      </trkpt>
      <trkpt lat="35.57067" lon="127.46212000000001">
        <ele>618.6700000000001</ele>
      </trkpt>
      <trkpt lat="35.57061" lon="127.46194000000001">
        <ele>617.3000000000001</ele>
      </trkpt>
      <trkpt lat="35.570350000000005" lon="127.46177000000002">
        <ele>615.34</ele>
      </trkpt>
      <trkpt lat="35.570280000000004" lon="127.46182000000002">
        <ele>614.0300000000001</ele>
      </trkpt>
      <trkpt lat="35.57018" lon="127.46197000000001">
        <ele>612.99</ele>
      </trkpt>
      <trkpt lat="35.57007" lon="127.46226000000001">
        <ele>612.1500000000001</ele>
      </trkpt>
      <trkpt lat="35.569880000000005" lon="127.46257000000001">
        <ele>609.12</ele>
      </trkpt>
      <trkpt lat="35.569750000000006" lon="127.46269000000001">
        <ele>605.99</ele>
      </trkpt>
      <trkpt lat="35.56958" lon="127.46271000000002">
        <ele>605.99</ele>
      </trkpt>
      <trkpt lat="35.569300000000005" lon="127.4629">
        <ele>602.21</ele>
      </trkpt>
      <trkpt lat="35.568920000000006" lon="127.46309000000001">
        <ele>600.0000000000001</ele>
      </trkpt>
      <trkpt lat="35.56884" lon="127.46319000000001">
        <ele>599.57</ele>
      </trkpt>
      <trkpt lat="35.568760000000005" lon="127.46338000000002">
        <ele>599.1800000000001</ele>
      </trkpt>
      <trkpt lat="35.56871" lon="127.46344">
        <ele>599.0000000000001</ele>
      </trkpt>
      <trkpt lat="35.568630000000006" lon="127.46346000000001">
        <ele>598.49</ele>
      </trkpt>
      <trkpt lat="35.568490000000004" lon="127.46308">
        <ele>596.1</ele>
      </trkpt>
      <trkpt lat="35.568380000000005" lon="127.46299">
        <ele>595.6</ele>
      </trkpt>
      <trkpt lat="35.56826" lon="127.46296000000001">
        <ele>595.31</ele>
      </trkpt>
      <trkpt lat="35.56819" lon="127.46289000000002">
        <ele>595.0300000000001</ele>
      </trkpt>
      <trkpt lat="35.56819" lon="127.46255000000001">
        <ele>593.1700000000001</ele>
      </trkpt>
      <trkpt lat="35.568160000000006" lon="127.46244000000002">
        <ele>591.59</ele>
      </trkpt>
      <trkpt lat="35.568070000000006" lon="127.46235000000001">
        <ele>591.2400000000001</ele>
      </trkpt>
      <trkpt lat="35.56758" lon="127.46238000000001">
        <ele>588.9100000000001</ele>
      </trkpt>
      <trkpt lat="35.56745" lon="127.46232">
        <ele>588.21</ele>
      </trkpt>
      <trkpt lat="35.56739" lon="127.46226000000001">
        <ele>587.5400000000001</ele>
      </trkpt>
      <trkpt lat="35.567420000000006" lon="127.46202000000001">
        <ele>586.08</ele>
      </trkpt>
      <trkpt lat="35.56754" lon="127.46176000000001">
        <ele>584.99</ele>
      </trkpt>
      <trkpt lat="35.567750000000004" lon="127.46156">
        <ele>584.62</ele>
      </trkpt>
      <trkpt lat="35.567730000000005" lon="127.46145000000001">
        <ele>584.5100000000001</ele>
      </trkpt>
      <trkpt lat="35.56768" lon="127.46137000000002">
        <ele>584.1800000000001</ele>
      </trkpt>
      <trkpt lat="35.5677" lon="127.46103000000001">
        <ele>582.25</ele>
      </trkpt>
      <trkpt lat="35.567660000000004" lon="127.46097000000002">
        <ele>581.0000000000001</ele>
      </trkpt>
      <trkpt lat="35.56758" lon="127.46093">
        <ele>580.28</ele>
      </trkpt>
      <trkpt lat="35.567400000000006" lon="127.46092000000002">
        <ele>576.76</ele>
      </trkpt>
      <trkpt lat="35.567190000000004" lon="127.46087000000001">
        <ele>574.55</ele>
      </trkpt>
      <trkpt lat="35.566970000000005" lon="127.46092000000002">
        <ele>573.08</ele>
      </trkpt>
      <trkpt lat="35.566610000000004" lon="127.46082000000001">
        <ele>570.1800000000001</ele>
      </trkpt>
      <trkpt lat="35.566460000000006" lon="127.46083000000002">
        <ele>568.21</ele>
      </trkpt>
      <trkpt lat="35.56624" lon="127.46097000000002">
        <ele>565.9000000000001</ele>
      </trkpt>
      <trkpt lat="35.56607" lon="127.46098">
        <ele>564.2600000000001</ele>
      </trkpt>
      <trkpt lat="35.566" lon="127.46090000000001">
        <ele>562.09</ele>
      </trkpt>
      <trkpt lat="35.566" lon="127.46074000000002">
        <ele>560.85</ele>
      </trkpt>
      <trkpt lat="35.566100000000006" lon="127.46055000000001">
        <ele>559.16</ele>
      </trkpt>
      <trkpt lat="35.56615" lon="127.46035">
        <ele>557.98</ele>
      </trkpt>
      <trkpt lat="35.566120000000005" lon="127.46020000000001">
        <ele>557.0400000000001</ele>
      </trkpt>
      <trkpt lat="35.56591" lon="127.46008">
        <ele>554.11</ele>
      </trkpt>
      <trkpt lat="35.56561" lon="127.45982000000001">
        <ele>551.46</ele>
      </trkpt>
      <trkpt lat="35.56557" lon="127.45969000000001">
        <ele>549.61</ele>
      </trkpt>
      <trkpt lat="35.5657" lon="127.45934000000001">
        <ele>547.67</ele>
      </trkpt>
      <trkpt lat="35.56566" lon="127.45918">
        <ele>545.86</ele>
      </trkpt>
      <trkpt lat="35.56555" lon="127.45897000000001">
        <ele>544.19</ele>
      </trkpt>
      <trkpt lat="35.56552000000001" lon="127.45877000000002">
        <ele>543.21</ele>
      </trkpt>
      <trkpt lat="35.565630000000006" lon="127.45857000000001">
        <ele>542.08</ele>
      </trkpt>
      <trkpt lat="35.565830000000005" lon="127.45844000000001">
        <ele>541.37</ele>
      </trkpt>
      <trkpt lat="35.56602" lon="127.45834">
        <ele>540.0</ele>
      </trkpt>
      <trkpt lat="35.566010000000006" lon="127.45823000000001">
        <ele>538.25</ele>
      </trkpt>
      <trkpt lat="35.565920000000006" lon="127.45808000000001">
        <ele>537.1700000000001</ele>
      </trkpt>
      <trkpt lat="35.565810000000006" lon="127.45800000000001">
        <ele>536.2</ele>
      </trkpt>
      <trkpt lat="35.565450000000006" lon="127.4578">
        <ele>531.0</ele>
      </trkpt>
      <trkpt lat="35.56519" lon="127.45782000000001">
        <ele>529.27</ele>
      </trkpt>
      <trkpt lat="35.564980000000006" lon="127.45778000000001">
        <ele>526.15</ele>
      </trkpt>
      <trkpt lat="35.56459" lon="127.45782000000001">
        <ele>523.22</ele>
      </trkpt>
      <trkpt lat="35.56427" lon="127.45807">
        <ele>521.5200000000001</ele>
      </trkpt>
      <trkpt lat="35.564220000000006" lon="127.45806000000002">
        <ele>521.1600000000001</ele>
      </trkpt>
      <trkpt lat="35.56419" lon="127.45800000000001">
        <ele>520.7400000000001</ele>
      </trkpt>
      <trkpt lat="35.56416" lon="127.45766">
        <ele>517.99</ele>
      </trkpt>
      <trkpt lat="35.56411" lon="127.45758000000001">
        <ele>517.0100000000001</ele>
      </trkpt>
      <trkpt lat="35.564060000000005" lon="127.45755000000001">
        <ele>517.0100000000001</ele>
      </trkpt>
      <trkpt lat="35.563750000000006" lon="127.45748">
        <ele>512.76</ele>
      </trkpt>
      <trkpt lat="35.563700000000004" lon="127.45742000000001">
        <ele>512.3000000000001</ele>
      </trkpt>
      <trkpt lat="35.563680000000005" lon="127.45734000000002">
        <ele>511.30000000000007</ele>
      </trkpt>
      <trkpt lat="35.56369" lon="127.45724000000001">
        <ele>510.24</ele>
      </trkpt>
      <trkpt lat="35.56376" lon="127.45711000000001">
        <ele>508.6</ele>
      </trkpt>
      <trkpt lat="35.56382" lon="127.45705000000001">
        <ele>508.6</ele>
      </trkpt>
      <trkpt lat="35.563970000000005" lon="127.45696000000001">
        <ele>506.09999999999997</ele>
      </trkpt>
      <trkpt lat="35.564080000000004" lon="127.45677">
        <ele>504.30000000000007</ele>
      </trkpt>
      <trkpt lat="35.56427" lon="127.45667000000002">
        <ele>501.24</ele>
      </trkpt>
      <trkpt lat="35.564330000000005" lon="127.45654">
        <ele>498.84000000000003</ele>
      </trkpt>
      <trkpt lat="35.56445" lon="127.45587">
        <ele>491.21000000000004</ele>
      </trkpt>
      <trkpt lat="35.56445" lon="127.45552">
        <ele>489.29</ele>
      </trkpt>
      <trkpt lat="35.564510000000006" lon="127.45527000000001">
        <ele>486.74000000000007</ele>
      </trkpt>
      <trkpt lat="35.564490000000006" lon="127.45503000000001">
        <ele>483.12000000000006</ele>
      </trkpt>
      <trkpt lat="35.56456" lon="127.45463000000001">
        <ele>480.44</ele>
      </trkpt>
      <trkpt lat="35.564550000000004" lon="127.45451000000001">
        <ele>480.44</ele>
      </trkpt>
      <trkpt lat="35.5645" lon="127.45437000000001">
        <ele>480.5</ele>
      </trkpt>
      <trkpt lat="35.56445" lon="127.45436000000001">
        <ele>480.80000000000007</ele>
      </trkpt>
      <trkpt lat="35.564400000000006" lon="127.45439">
        <ele>480.86000000000007</ele>
      </trkpt>
      <trkpt lat="35.5643" lon="127.45451000000001">
        <ele>480.74000000000007</ele>
      </trkpt>
      <trkpt lat="35.56408000131885" lon="127.45505000120046">
        <ele>475.53000000000003</ele>
      </trkpt>
      <trkpt lat="35.563860000000005" lon="127.45559000000002">
        <ele>470.45000000000005</ele>
      </trkpt>
      <trkpt lat="35.56347500044682" lon="127.45588500135018">
        <ele>464.02000000000004</ele>
      </trkpt>
      <trkpt lat="35.56309" lon="127.45618">
        <ele>457.65000000000003</ele>
      </trkpt>
      <trkpt lat="35.56282" lon="127.45632">
        <ele>454.56</ele>
      </trkpt>
      <trkpt lat="35.56259" lon="127.45636">
        <ele>451.48</ele>
      </trkpt>
      <trkpt lat="35.562560000000005" lon="127.45643000000001">
        <ele>450.54</ele>
      </trkpt>
      <trkpt lat="35.56257" lon="127.45647000000001">
        <ele>448.39</ele>
      </trkpt>
      <trkpt lat="35.56262" lon="127.45649000000002">
        <ele>448.39</ele>
      </trkpt>
      <trkpt lat="35.562810000000006" lon="127.45649000000002">
        <ele>445.78</ele>
      </trkpt>
      <trkpt lat="35.562810000000006" lon="127.45656000000001">
        <ele>445.78</ele>
      </trkpt>
      <trkpt lat="35.562720000000006" lon="127.45667000000002">
        <ele>441.90000000000003</ele>
      </trkpt>
      <trkpt lat="35.562470000000005" lon="127.45681">
        <ele>439.73</ele>
      </trkpt>
      <trkpt lat="35.56237" lon="127.45699">
        <ele>436.79</ele>
      </trkpt>
      <trkpt lat="35.56228" lon="127.45710000000001">
        <ele>435.51</ele>
      </trkpt>
      <trkpt lat="35.562200000000004" lon="127.45713">
        <ele>434.00000000000006</ele>
      </trkpt>
      <trkpt lat="35.562290000000004" lon="127.45750000000001">
        <ele>432.25</ele>
      </trkpt>
      <trkpt lat="35.56261" lon="127.45832000000001">
        <ele>427.2900000000001</ele>
      </trkpt>
      <trkpt lat="35.562740000000005" lon="127.45879000000001">
        <ele>425.62000000000006</ele>
      </trkpt>
      <trkpt lat="35.56275500129057" lon="127.45934999973888">
        <ele>422.89000000000004</ele>
      </trkpt>
      <trkpt lat="35.56277" lon="127.45991000000001">
        <ele>421.40000000000003</ele>
      </trkpt>
      <trkpt lat="35.562850000000005" lon="127.46069000000001">
        <ele>417.54</ele>
      </trkpt>
      <trkpt lat="35.562870000000004" lon="127.46084">
        <ele>416.82</ele>
      </trkpt>
      <trkpt lat="35.56282" lon="127.46141000000001">
        <ele>413.68000000000006</ele>
      </trkpt>
      <trkpt lat="35.56266" lon="127.46191000000002">
        <ele>429.00000000000006</ele>
      </trkpt>
      <trkpt lat="35.562560000000005" lon="127.46235000000001">
        <ele>429.27000000000004</ele>
      </trkpt>
      <trkpt lat="35.56243500290799" lon="127.46319000134531">
        <ele>431.1</ele>
      </trkpt>
      <trkpt lat="35.562310000000004" lon="127.46403000000001">
        <ele>435.1</ele>
      </trkpt>
      <trkpt lat="35.562195003171" lon="127.46490500117972">
        <ele>434.85</ele>
      </trkpt>
      <trkpt lat="35.56208" lon="127.46578000000001">
        <ele>433.09000000000003</ele>
      </trkpt>
      <trkpt lat="35.56185" lon="127.46632000000001">
        <ele>432.22</ele>
      </trkpt>
      <trkpt lat="35.56166" lon="127.46643000000002">
        <ele>431.37</ele>
      </trkpt>
      <trkpt lat="35.56145" lon="127.46644">
        <ele>429.55</ele>
      </trkpt>
      <trkpt lat="35.56064" lon="127.46632000000001">
        <ele>419.25</ele>
      </trkpt>
      <trkpt lat="35.56029" lon="127.46632000000001">
        <ele>416.16</ele>
      </trkpt>
      <trkpt lat="35.559650000000005" lon="127.46645000000001">
        <ele>408.91</ele>
      </trkpt>
      <trkpt lat="35.55892" lon="127.46627000000001">
        <ele>403.98</ele>
      </trkpt>
      <trkpt lat="35.55877" lon="127.46625000000002">
        <ele>403.4200000000001</ele>
      </trkpt>
      <trkpt lat="35.558690000000006" lon="127.46633000000001">
        <ele>403.0</ele>
      </trkpt>
      <trkpt lat="35.55841" lon="127.46687000000001">
        <ele>423.99</ele>
      </trkpt>
      <trkpt lat="35.558420000000005" lon="127.46703000000001">
        <ele>423.56000000000006</ele>
      </trkpt>
      <trkpt lat="35.55852" lon="127.46715">
        <ele>422.33000000000004</ele>
      </trkpt>
      <trkpt lat="35.55917500116988" lon="127.46765999590703">
        <ele>423.16</ele>
      </trkpt>
      <trkpt lat="35.559830000000005" lon="127.46817000000001">
        <ele>427.63</ele>
      </trkpt>
      <trkpt lat="35.56045" lon="127.46860000000001">
        <ele>431.33000000000004</ele>
      </trkpt>
      <trkpt lat="35.560550000000006" lon="127.46875000000001">
        <ele>431.47</ele>
      </trkpt>
      <trkpt lat="35.56054" lon="127.46893000000001">
        <ele>431.34000000000003</ele>
      </trkpt>
      <trkpt lat="35.56007" lon="127.46963000000001">
        <ele>426.97</ele>
      </trkpt>
      <trkpt lat="35.55966000430546" lon="127.47035334075974">
        <ele>418.77000000000004</ele>
      </trkpt>
      <trkpt lat="35.559250004290654" lon="127.47107667411909">
        <ele>410.88</ele>
      </trkpt>
      <trkpt lat="35.558840000000004" lon="127.47180000000002">
        <ele>411.88</ele>
      </trkpt>
      <trkpt lat="35.558670000000006" lon="127.47246000000001">
        <ele>410.15000000000003</ele>
      </trkpt>
      <trkpt lat="35.5586300025465" lon="127.47324500034422">
        <ele>403.19000000000005</ele>
      </trkpt>
      <trkpt lat="35.55859" lon="127.47403000000001">
        <ele>394.26000000000005</ele>
      </trkpt>
      <trkpt lat="35.558530000000005" lon="127.47425000000001">
        <ele>392.64000000000004</ele>
      </trkpt>
      <trkpt lat="35.55841" lon="127.47443000000001">
        <ele>390.33</ele>
      </trkpt>
      <trkpt lat="35.558310000000006" lon="127.47453000000002">
        <ele>389.22</ele>
      </trkpt>
      <trkpt lat="35.55823" lon="127.47458000000002">
        <ele>389.22</ele>
      </trkpt>
      <trkpt lat="35.55787" lon="127.47474000000001">
        <ele>383.35</ele>
      </trkpt>
      <trkpt lat="35.55745" lon="127.47522000000001">
        <ele>374.76000000000005</ele>
      </trkpt>
      <trkpt lat="35.557320000000004" lon="127.47541000000001">
        <ele>374.76000000000005</ele>
      </trkpt>
      <trkpt lat="35.55789" lon="127.47505000000001">
        <ele>370.37</ele>
      </trkpt>
      <trkpt lat="35.5581" lon="127.47497000000001">
        <ele>367.34000000000003</ele>
      </trkpt>
      <trkpt lat="35.5583" lon="127.47493000000001">
        <ele>363.78000000000003</ele>
      </trkpt>
      <trkpt lat="35.55863" lon="127.47483000000001">
        <ele>360.62000000000006</ele>
      </trkpt>
      <trkpt lat="35.55883" lon="127.47468">
        <ele>359.21000000000004</ele>
      </trkpt>
      <trkpt lat="35.55923" lon="127.47465000000001">
        <ele>358.37</ele>
      </trkpt>
      <trkpt lat="35.55931" lon="127.47462000000002">
        <ele>358.87</ele>
      </trkpt>
      <trkpt lat="35.559360000000005" lon="127.47463">
        <ele>358.94000000000005</ele>
      </trkpt>
      <trkpt lat="35.559450000000005" lon="127.47476">
        <ele>359.00000000000006</ele>
      </trkpt>
      <trkpt lat="35.559580000000004" lon="127.47501000000001">
        <ele>359.09000000000003</ele>
      </trkpt>
      <trkpt lat="35.55968" lon="127.47503">
        <ele>359.46</ele>
      </trkpt>
      <trkpt lat="35.559960000000004" lon="127.47502000000001">
        <ele>362.57</ele>
      </trkpt>
      <trkpt lat="35.560030000000005" lon="127.47509000000001">
        <ele>366.3</ele>
      </trkpt>
      <trkpt lat="35.56009" lon="127.47521">
        <ele>367.18</ele>
      </trkpt>
      <trkpt lat="35.56015" lon="127.47528000000001">
        <ele>370.55</ele>
      </trkpt>
      <trkpt lat="35.560230000000004" lon="127.47528000000001">
        <ele>370.55</ele>
      </trkpt>
      <trkpt lat="35.560700000000004" lon="127.47475000000001">
        <ele>378.87</ele>
      </trkpt>
      <trkpt lat="35.56092" lon="127.47461000000001">
        <ele>382.01</ele>
      </trkpt>
      <trkpt lat="35.561600000000006" lon="127.47454">
        <ele>392.73</ele>
      </trkpt>
      <trkpt lat="35.56208000003099" lon="127.47459499967273">
        <ele>396.82</ele>
      </trkpt>
      <trkpt lat="35.562560000000005" lon="127.47465000000001">
        <ele>399.82</ele>
      </trkpt>
      <trkpt lat="35.56255" lon="127.47465000000001">
        <ele>399.82</ele>
      </trkpt>
      <trkpt lat="35.5626" lon="127.47466000000001">
        <ele>399.82</ele>
      </trkpt>
      <trkpt lat="35.562870000000004" lon="127.47480000000002">
        <ele>402.78000000000003</ele>
      </trkpt>
      <trkpt lat="35.56326" lon="127.47489000000002">
        <ele>407.07000000000005</ele>
      </trkpt>
      <trkpt lat="35.56376" lon="127.47492000000001">
        <ele>412.87</ele>
      </trkpt>
      <trkpt lat="35.56409" lon="127.47485">
        <ele>414.38</ele>
      </trkpt>
      <trkpt lat="35.56454" lon="127.47452000000001">
        <ele>416.73</ele>
      </trkpt>
      <trkpt lat="35.56468" lon="127.47436">
        <ele>419.39000000000004</ele>
      </trkpt>
      <trkpt lat="35.564780000000006" lon="127.47430000000001">
        <ele>421.12000000000006</ele>
      </trkpt>
      <trkpt lat="35.56504" lon="127.47429000000001">
        <ele>426.11</ele>
      </trkpt>
      <trkpt lat="35.565220000000004" lon="127.47436">
        <ele>429.83000000000004</ele>
      </trkpt>
      <trkpt lat="35.565560000000005" lon="127.47445">
        <ele>437.36</ele>
      </trkpt>
      <trkpt lat="35.565720000000006" lon="127.47453000000002">
        <ele>438.93</ele>
      </trkpt>
      <trkpt lat="35.566410000000005" lon="127.47500000000001">
        <ele>455.14000000000004</ele>
      </trkpt>
      <trkpt lat="35.566590000000005" lon="127.47527000000001">
        <ele>459.76000000000005</ele>
      </trkpt>
      <trkpt lat="35.566900000000004" lon="127.47566">
        <ele>467.18</ele>
      </trkpt>
      <trkpt lat="35.56741" lon="127.47605000000001">
        <ele>475.0</ele>
      </trkpt>
      <trkpt lat="35.567800000000005" lon="127.47630000000001">
        <ele>475.0</ele>
      </trkpt>
      <trkpt lat="35.56792" lon="127.47632000000002">
        <ele>475.0</ele>
      </trkpt>
      <trkpt lat="35.568405000031504" lon="127.47635499979006">
        <ele>475.0</ele>
      </trkpt>
      <trkpt lat="35.56889" lon="127.47639000000001">
        <ele>475.0</ele>
      </trkpt>
      <trkpt lat="35.56897" lon="127.47641000000002">
        <ele>475.0</ele>
      </trkpt>
      <trkpt lat="35.56908" lon="127.47647">
        <ele>475.0</ele>
      </trkpt>
      <trkpt lat="35.56918" lon="127.47656">
        <ele>475.0</ele>
      </trkpt>
      <trkpt lat="35.569340000000004" lon="127.47675000000001">
        <ele>475.0</ele>
      </trkpt>
      <trkpt lat="35.569410000000005" lon="127.47688000000001">
        <ele>475.0</ele>
      </trkpt>
      <trkpt lat="35.56951" lon="127.47722000000002">
        <ele>475.0</ele>
      </trkpt>
      <trkpt lat="35.56955" lon="127.47729000000001">
        <ele>475.0</ele>
      </trkpt>
      <trkpt lat="35.569590000000005" lon="127.47731000000002">
        <ele>475.0</ele>
      </trkpt>
      <trkpt lat="35.569630000000004" lon="127.47730000000001">
        <ele>475.0</ele>
      </trkpt>
      <trkpt lat="35.569660000000006" lon="127.47725000000001">
        <ele>475.0</ele>
      </trkpt>
      <trkpt lat="35.56971" lon="127.47705">
        <ele>475.0</ele>
      </trkpt>
      <trkpt lat="35.56976" lon="127.47698000000001">
        <ele>475.0</ele>
      </trkpt>
      <trkpt lat="35.56985" lon="127.47693000000001">
        <ele>475.0</ele>
      </trkpt>
      <trkpt lat="35.56991" lon="127.47693000000001">
        <ele>475.0</ele>
      </trkpt>
      <trkpt lat="35.56996" lon="127.47697000000001">
        <ele>475.0</ele>
      </trkpt>
      <trkpt lat="35.57" lon="127.47706000000001">
        <ele>475.0</ele>
      </trkpt>
      <trkpt lat="35.57003" lon="127.47721000000001">
        <ele>475.0</ele>
      </trkpt>
      <trkpt lat="35.57005" lon="127.47746000000001">
        <ele>475.0</ele>
      </trkpt>
      <trkpt lat="35.56998" lon="127.47769000000001">
        <ele>475.0</ele>
      </trkpt>
      <trkpt lat="35.56996" lon="127.47782000000001">
        <ele>475.0</ele>
      </trkpt>
      <trkpt lat="35.569970000000005" lon="127.47823000000001">
        <ele>603.0000000000001</ele>
      </trkpt>
      <trkpt lat="35.569990000000004" lon="127.47829000000002">
        <ele>603.0000000000001</ele>
      </trkpt>
      <trkpt lat="35.57002" lon="127.4783">
        <ele>603.0000000000001</ele>
      </trkpt>
      <trkpt lat="35.57007" lon="127.47826">
        <ele>603.0000000000001</ele>
      </trkpt>
      <trkpt lat="35.57016" lon="127.47795">
        <ele>603.0000000000001</ele>
      </trkpt>
      <trkpt lat="35.5702" lon="127.47788000000001">
        <ele>603.0000000000001</ele>
      </trkpt>
      <trkpt lat="35.570280000000004" lon="127.47784000000001">
        <ele>603.0000000000001</ele>
      </trkpt>
      <trkpt lat="35.570350000000005" lon="127.47787000000001">
        <ele>603.0000000000001</ele>
      </trkpt>
      <trkpt lat="35.570370000000004" lon="127.47789000000002">
        <ele>603.0000000000001</ele>
      </trkpt>
      <trkpt lat="35.57040000000001" lon="127.47800000000001">
        <ele>603.0000000000001</ele>
      </trkpt>
      <trkpt lat="35.57040000000001" lon="127.47823000000001">
        <ele>603.0000000000001</ele>
      </trkpt>
      <trkpt lat="35.57029" lon="127.47888">
        <ele>603.0000000000001</ele>
      </trkpt>
      <trkpt lat="35.57023" lon="127.47911">
        <ele>603.0000000000001</ele>
      </trkpt>
      <trkpt lat="35.570240000000005" lon="127.4792">
        <ele>603.0000000000001</ele>
      </trkpt>
      <trkpt lat="35.570280000000004" lon="127.47928000000002">
        <ele>603.0000000000001</ele>
      </trkpt>
      <trkpt lat="35.57036" lon="127.47928000000002">
        <ele>603.0000000000001</ele>
      </trkpt>
      <trkpt lat="35.570510000000006" lon="127.47922000000001">
        <ele>603.0000000000001</ele>
      </trkpt>
      <trkpt lat="35.57056" lon="127.47919000000002">
        <ele>603.0000000000001</ele>
      </trkpt>
      <trkpt lat="35.57063" lon="127.47904000000001">
        <ele>603.0000000000001</ele>
      </trkpt>
      <trkpt lat="35.57077" lon="127.47892000000002">
        <ele>603.0000000000001</ele>
      </trkpt>
      <trkpt lat="35.570840000000004" lon="127.47888">
        <ele>603.0000000000001</ele>
      </trkpt>
      <trkpt lat="35.57088" lon="127.47888">
        <ele>603.0000000000001</ele>
      </trkpt>
      <trkpt lat="35.570910000000005" lon="127.47891000000001">
        <ele>603.0000000000001</ele>
      </trkpt>
      <trkpt lat="35.570870000000006" lon="127.47903000000001">
        <ele>603.0000000000001</ele>
      </trkpt>
      <trkpt lat="35.570870000000006" lon="127.47908000000001">
        <ele>603.0000000000001</ele>
      </trkpt>
      <trkpt lat="35.57105" lon="127.47946000000002">
        <ele>603.0000000000001</ele>
      </trkpt>
      <trkpt lat="35.571270000000005" lon="127.48002000000001">
        <ele>603.0000000000001</ele>
      </trkpt>
      <trkpt lat="35.57132" lon="127.48031000000002">
        <ele>603.0000000000001</ele>
      </trkpt>
      <trkpt lat="35.571310000000004" lon="127.48055000000001">
        <ele>603.0000000000001</ele>
      </trkpt>
      <trkpt lat="35.57144" lon="127.4805">
        <ele>605.4900000000001</ele>
      </trkpt>
      <trkpt lat="35.571600000000004" lon="127.48025000000001">
        <ele>607.02</ele>
      </trkpt>
      <trkpt lat="35.571630000000006" lon="127.48010000000001">
        <ele>607.98</ele>
      </trkpt>
      <trkpt lat="35.57161" lon="127.47968000000002">
        <ele>609.3000000000001</ele>
      </trkpt>
      <trkpt lat="35.57164" lon="127.47950000000002">
        <ele>608.9100000000001</ele>
      </trkpt>
      <trkpt lat="35.5717" lon="127.47940000000001">
        <ele>608.6100000000001</ele>
      </trkpt>
      <trkpt lat="35.57177" lon="127.47934000000001">
        <ele>608.4200000000001</ele>
      </trkpt>
      <trkpt lat="35.57206" lon="127.47921000000001">
        <ele>606.7</ele>
      </trkpt>
      <trkpt lat="35.5722" lon="127.47910000000002">
        <ele>606.14</ele>
      </trkpt>
      <trkpt lat="35.572280000000006" lon="127.47894000000001">
        <ele>606.3100000000001</ele>
      </trkpt>
      <trkpt lat="35.572300000000006" lon="127.47878000000001">
        <ele>606.3100000000001</ele>
      </trkpt>
      <trkpt lat="35.572280000000006" lon="127.47860000000001">
        <ele>606.0300000000001</ele>
      </trkpt>
      <trkpt lat="35.57217" lon="127.47832000000001">
        <ele>605.8</ele>
      </trkpt>
      <trkpt lat="35.57215" lon="127.47814000000001">
        <ele>605.98</ele>
      </trkpt>
      <trkpt lat="35.572230000000005" lon="127.47803">
        <ele>608.01</ele>
      </trkpt>
      <trkpt lat="35.57242" lon="127.47788000000001">
        <ele>610.74</ele>
      </trkpt>
      <trkpt lat="35.57247" lon="127.47765000000001">
        <ele>612.32</ele>
      </trkpt>
      <trkpt lat="35.572540000000004" lon="127.47754">
        <ele>612.35</ele>
      </trkpt>
      <trkpt lat="35.572630000000004" lon="127.47752000000001">
        <ele>611.8100000000001</ele>
      </trkpt>
      <trkpt lat="35.572770000000006" lon="127.47763">
        <ele>611.5400000000001</ele>
      </trkpt>
      <trkpt lat="35.57276" lon="127.47763">
        <ele>611.5400000000001</ele>
      </trkpt>
      <trkpt lat="35.57293" lon="127.47763">
        <ele>610.69</ele>
      </trkpt>
      <trkpt lat="35.57309" lon="127.47755000000001">
        <ele>609.95</ele>
      </trkpt>
      <trkpt lat="35.57321" lon="127.47755000000001">
        <ele>608.92</ele>
      </trkpt>
      <trkpt lat="35.573280000000004" lon="127.47759">
        <ele>608.5500000000001</ele>
      </trkpt>
      <trkpt lat="35.57334" lon="127.47776">
        <ele>606.57</ele>
      </trkpt>
      <trkpt lat="35.57341" lon="127.47786">
        <ele>606.09</ele>
      </trkpt>
      <trkpt lat="35.57336" lon="127.47805000000001">
        <ele>604.7600000000001</ele>
      </trkpt>
      <trkpt lat="35.57339" lon="127.47816000000002">
        <ele>604.7300000000001</ele>
      </trkpt>
      <trkpt lat="35.57348" lon="127.47823000000001">
        <ele>604.75</ele>
      </trkpt>
      <trkpt lat="35.57363" lon="127.47828000000001">
        <ele>604.35</ele>
      </trkpt>
      <trkpt lat="35.57368" lon="127.47832000000001">
        <ele>604.35</ele>
      </trkpt>
      <trkpt lat="35.573710000000005" lon="127.47843000000002">
        <ele>603.34</ele>
      </trkpt>
      <trkpt lat="35.573800000000006" lon="127.47856000000002">
        <ele>603.01</ele>
      </trkpt>
      <trkpt lat="35.57394" lon="127.47858000000001">
        <ele>602.9000000000001</ele>
      </trkpt>
      <trkpt lat="35.574130000000004" lon="127.47849000000001">
        <ele>602.84</ele>
      </trkpt>
      <trkpt lat="35.57424" lon="127.47855000000001">
        <ele>602.5400000000001</ele>
      </trkpt>
      <trkpt lat="35.57446" lon="127.47860000000001">
        <ele>601.37</ele>
      </trkpt>
      <trkpt lat="35.57444" lon="127.47882000000001">
        <ele>600.5100000000001</ele>
      </trkpt>
      <trkpt lat="35.57448" lon="127.47891000000001">
        <ele>600.1</ele>
      </trkpt>
      <trkpt lat="35.57455" lon="127.47901000000002">
        <ele>598.77</ele>
      </trkpt>
      <trkpt lat="35.57468" lon="127.47907000000001">
        <ele>598.31</ele>
      </trkpt>
      <trkpt lat="35.57509" lon="127.47909000000001">
        <ele>596.98</ele>
      </trkpt>
      <trkpt lat="35.57536" lon="127.47895000000001">
        <ele>596.31</ele>
      </trkpt>
      <trkpt lat="35.575520000000004" lon="127.47883000000002">
        <ele>595.72</ele>
      </trkpt>
      <trkpt lat="35.575720000000004" lon="127.47863000000001">
        <ele>594.35</ele>
      </trkpt>
      <trkpt lat="35.576170000000005" lon="127.47864000000001">
        <ele>593.7</ele>
      </trkpt>
      <trkpt lat="35.576480000000004" lon="127.47883000000002">
        <ele>595.14</ele>
      </trkpt>
      <trkpt lat="35.577000000000005" lon="127.47890000000001">
        <ele>602.0000000000001</ele>
      </trkpt>
      <trkpt lat="35.57728" lon="127.47901000000002">
        <ele>605.08</ele>
      </trkpt>
      <trkpt lat="35.57744" lon="127.47919000000002">
        <ele>606.95</ele>
      </trkpt>
      <trkpt lat="35.577540000000006" lon="127.47948000000001">
        <ele>610.5400000000001</ele>
      </trkpt>
      <trkpt lat="35.577670000000005" lon="127.47974">
        <ele>613.1500000000001</ele>
      </trkpt>
      <trkpt lat="35.5777" lon="127.47991">
        <ele>614.2800000000001</ele>
      </trkpt>
      <trkpt lat="35.57786" lon="127.48003000000001">
        <ele>615.86</ele>
      </trkpt>
      <trkpt lat="35.577980000000004" lon="127.48027">
        <ele>616.5200000000001</ele>
      </trkpt>
      <trkpt lat="35.578070000000004" lon="127.48040000000002">
        <ele>618.19</ele>
      </trkpt>
      <trkpt lat="35.57837" lon="127.48063">
        <ele>621.5</ele>
      </trkpt>
      <trkpt lat="35.57855" lon="127.48067">
        <ele>623.61</ele>
      </trkpt>
      <trkpt lat="35.57876" lon="127.48056000000001">
        <ele>624.4300000000001</ele>
      </trkpt>
      <trkpt lat="35.57885" lon="127.48060000000001">
        <ele>626.68</ele>
      </trkpt>
      <trkpt lat="35.57911" lon="127.48087000000001">
        <ele>630.7900000000001</ele>
      </trkpt>
      <trkpt lat="35.57929" lon="127.48096000000001">
        <ele>631.96</ele>
      </trkpt>
      <trkpt lat="35.5795" lon="127.48067">
        <ele>635.71</ele>
      </trkpt>
      <trkpt lat="35.57963" lon="127.48065000000001">
        <ele>636.8100000000001</ele>
      </trkpt>
      <trkpt lat="35.579800000000006" lon="127.48072">
        <ele>637.12</ele>
      </trkpt>
      <trkpt lat="35.580110000000005" lon="127.48097000000001">
        <ele>641.75</ele>
      </trkpt>
      <trkpt lat="35.580220000000004" lon="127.48121">
        <ele>643.47</ele>
      </trkpt>
      <trkpt lat="35.580070000000006" lon="127.48163000000001">
        <ele>647.11</ele>
      </trkpt>
      <trkpt lat="35.580130000000004" lon="127.48178000000001">
        <ele>647.48</ele>
      </trkpt>
      <trkpt lat="35.58057" lon="127.48216000000001">
        <ele>651.6400000000001</ele>
      </trkpt>
      <trkpt lat="35.5807" lon="127.48215">
        <ele>652.51</ele>
      </trkpt>
      <trkpt lat="35.581100000000006" lon="127.48163000000001">
        <ele>654.61</ele>
      </trkpt>
      <trkpt lat="35.581430000000005" lon="127.48156000000002">
        <ele>656.9100000000001</ele>
      </trkpt>
      <trkpt lat="35.5816" lon="127.48156000000002">
        <ele>657.87</ele>
      </trkpt>
      <trkpt lat="35.581990000000005" lon="127.48189">
        <ele>661.96</ele>
      </trkpt>
      <trkpt lat="35.582190000000004" lon="127.48198000000001">
        <ele>664.4300000000001</ele>
      </trkpt>
      <trkpt lat="35.58234" lon="127.48195000000001">
        <ele>665.51</ele>
      </trkpt>
      <trkpt lat="35.58249" lon="127.48197">
        <ele>666.7</ele>
      </trkpt>
      <trkpt lat="35.5827" lon="127.48211">
        <ele>671.74</ele>
      </trkpt>
      <trkpt lat="35.58296" lon="127.48234000000001">
        <ele>674.7</ele>
      </trkpt>
      <trkpt lat="35.583110000000005" lon="127.48233">
        <ele>676.4100000000001</ele>
      </trkpt>
      <trkpt lat="35.58334" lon="127.48213000000001">
        <ele>677.7800000000001</ele>
      </trkpt>
      <trkpt lat="35.58348" lon="127.48215">
        <ele>678.76</ele>
      </trkpt>
      <trkpt lat="35.583580000000005" lon="127.48228000000002">
        <ele>679.7700000000001</ele>
      </trkpt>
      <trkpt lat="35.58426" lon="127.48276000000001">
        <ele>686.4</ele>
      </trkpt>
      <trkpt lat="35.584720000000004" lon="127.48283">
        <ele>688.1600000000001</ele>
      </trkpt>
      <trkpt lat="35.585010000000004" lon="127.48279000000001">
        <ele>690.64</ele>
      </trkpt>
      <trkpt lat="35.585170000000005" lon="127.48273">
        <ele>691.5300000000001</ele>
      </trkpt>
      <trkpt lat="35.585170000000005" lon="127.48274">
        <ele>691.5300000000001</ele>
      </trkpt>
      <trkpt lat="35.585370000000005" lon="127.48266000000001">
        <ele>692.3000000000001</ele>
      </trkpt>
      <trkpt lat="35.58558" lon="127.48249000000001">
        <ele>692.3800000000001</ele>
      </trkpt>
      <trkpt lat="35.58561" lon="127.48242">
        <ele>692.6000000000001</ele>
      </trkpt>
      <trkpt lat="35.585640000000005" lon="127.48201000000002">
        <ele>693.28</ele>
      </trkpt>
      <trkpt lat="35.5857" lon="127.48194000000001">
        <ele>692.97</ele>
      </trkpt>
      <trkpt lat="35.586110000000005" lon="127.4817">
        <ele>689.5300000000001</ele>
      </trkpt>
      <trkpt lat="35.58619" lon="127.4817">
        <ele>687.96</ele>
      </trkpt>
      <trkpt lat="35.586420000000004" lon="127.48185000000001">
        <ele>686.0</ele>
      </trkpt>
      <trkpt lat="35.58657" lon="127.48188">
        <ele>684.1600000000001</ele>
      </trkpt>
      <trkpt lat="35.58697" lon="127.48172000000001">
        <ele>679.6500000000001</ele>
      </trkpt>
      <trkpt lat="35.587450000000004" lon="127.48149000000001">
        <ele>674.74</ele>
      </trkpt>
      <trkpt lat="35.5878" lon="127.48139">
        <ele>671.3800000000001</ele>
      </trkpt>
      <trkpt lat="35.58832" lon="127.48112">
        <ele>669.2</ele>
      </trkpt>
      <trkpt lat="35.58872" lon="127.48080000000002">
        <ele>671.34</ele>
      </trkpt>
      <trkpt lat="35.588930000000005" lon="127.48053000000002">
        <ele>674.6800000000001</ele>
      </trkpt>
      <trkpt lat="35.58899" lon="127.48049000000002">
        <ele>674.6800000000001</ele>
      </trkpt>
      <trkpt lat="35.58905" lon="127.48051000000001">
        <ele>675.0400000000001</ele>
      </trkpt>
      <trkpt lat="35.589200000000005" lon="127.48079000000001">
        <ele>675.46</ele>
      </trkpt>
      <trkpt lat="35.58926" lon="127.48081">
        <ele>675.2</ele>
      </trkpt>
      <trkpt lat="35.589310000000005" lon="127.48080000000002">
        <ele>675.2</ele>
      </trkpt>
      <trkpt lat="35.58943" lon="127.48073000000001">
        <ele>674.45</ele>
      </trkpt>
      <trkpt lat="35.58964" lon="127.48052000000001">
        <ele>672.6500000000001</ele>
      </trkpt>
      <trkpt lat="35.58964" lon="127.48051000000001">
        <ele>672.6500000000001</ele>
      </trkpt>
      <trkpt lat="35.58979" lon="127.48043000000001">
        <ele>671.66</ele>
      </trkpt>
      <trkpt lat="35.5899" lon="127.48042000000001">
        <ele>671.1400000000001</ele>
      </trkpt>
      <trkpt lat="35.590120000000006" lon="127.48048000000001">
        <ele>670.24</ele>
      </trkpt>
      <trkpt lat="35.590340000000005" lon="127.48033000000001">
        <ele>669.84</ele>
      </trkpt>
      <trkpt lat="35.59042" lon="127.48030000000001">
        <ele>669.51</ele>
      </trkpt>
      <trkpt lat="35.59058" lon="127.48035000000002">
        <ele>669.47</ele>
      </trkpt>
      <trkpt lat="35.590770000000006" lon="127.48031000000002">
        <ele>669.49</ele>
      </trkpt>
      <trkpt lat="35.59084" lon="127.48034000000001">
        <ele>669.42</ele>
      </trkpt>
      <trkpt lat="35.59103" lon="127.48053000000002">
        <ele>668.8900000000001</ele>
      </trkpt>
      <trkpt lat="35.59113" lon="127.48058">
        <ele>668.78</ele>
      </trkpt>
      <trkpt lat="35.591300000000004" lon="127.48063">
        <ele>668.9900000000001</ele>
      </trkpt>
      <trkpt lat="35.5917" lon="127.48068">
        <ele>672.33</ele>
      </trkpt>
      <trkpt lat="35.59208" lon="127.48078000000001">
        <ele>674.5000000000001</ele>
      </trkpt>
      <trkpt lat="35.592580000000005" lon="127.48077">
        <ele>675.7500000000001</ele>
      </trkpt>
      <trkpt lat="35.592650000000006" lon="127.48071000000002">
        <ele>676.47</ele>
      </trkpt>
      <trkpt lat="35.592740000000006" lon="127.48055000000001">
        <ele>676.79</ele>
      </trkpt>
      <trkpt lat="35.59282" lon="127.48046000000001">
        <ele>676.79</ele>
      </trkpt>
      <trkpt lat="35.59292" lon="127.48039000000001">
        <ele>676.6</ele>
      </trkpt>
      <trkpt lat="35.593070000000004" lon="127.48037000000001">
        <ele>676.37</ele>
      </trkpt>
      <trkpt lat="35.59354500014013" lon="127.48049999924787">
        <ele>675.0500000000001</ele>
      </trkpt>
      <trkpt lat="35.59402" lon="127.48063">
        <ele>674.1400000000001</ele>
      </trkpt>
      <trkpt lat="35.59413" lon="127.48064000000001">
        <ele>674.1100000000001</ele>
      </trkpt>
      <trkpt lat="35.594370000000005" lon="127.48059">
        <ele>674.0200000000001</ele>
      </trkpt>
      <trkpt lat="35.594620000000006" lon="127.48044000000002">
        <ele>673.25</ele>
      </trkpt>
      <trkpt lat="35.594710000000006" lon="127.48034000000001">
        <ele>672.76</ele>
      </trkpt>
      <trkpt lat="35.59483" lon="127.48015000000001">
        <ele>671.47</ele>
      </trkpt>
      <trkpt lat="35.59488" lon="127.47997000000001">
        <ele>670.78</ele>
      </trkpt>
      <trkpt lat="35.59481" lon="127.47983">
        <ele>669.8100000000001</ele>
      </trkpt>
      <trkpt lat="35.594710000000006" lon="127.47975000000001">
        <ele>668.0600000000001</ele>
      </trkpt>
      <trkpt lat="35.594590000000004" lon="127.47970000000001">
        <ele>666.63</ele>
      </trkpt>
      <trkpt lat="35.59443" lon="127.47967000000001">
        <ele>664.1400000000001</ele>
      </trkpt>
      <trkpt lat="35.59413" lon="127.47955000000002">
        <ele>661.6800000000001</ele>
      </trkpt>
      <trkpt lat="35.593990000000005" lon="127.47946000000002">
        <ele>659.8900000000001</ele>
      </trkpt>
      <trkpt lat="35.59396" lon="127.47941000000002">
        <ele>659.34</ele>
      </trkpt>
      <trkpt lat="35.593970000000006" lon="127.47932000000002">
        <ele>658.71</ele>
      </trkpt>
      <trkpt lat="35.594190000000005" lon="127.47897">
        <ele>653.0</ele>
      </trkpt>
      <trkpt lat="35.594240000000006" lon="127.47885000000001">
        <ele>651.99</ele>
      </trkpt>
      <trkpt lat="35.594260000000006" lon="127.47875">
        <ele>650.6</ele>
      </trkpt>
      <trkpt lat="35.594260000000006" lon="127.47866">
        <ele>650.05</ele>
      </trkpt>
      <trkpt lat="35.594210000000004" lon="127.47852000000002">
        <ele>648.0600000000001</ele>
      </trkpt>
      <trkpt lat="35.593990000000005" lon="127.47810000000001">
        <ele>642.8900000000001</ele>
      </trkpt>
      <trkpt lat="35.59396" lon="127.47794">
        <ele>641.7400000000001</ele>
      </trkpt>
      <trkpt lat="35.59402" lon="127.47747000000001">
        <ele>637.83</ele>
      </trkpt>
      <trkpt lat="35.594060000000006" lon="127.47740000000002">
        <ele>637.0300000000001</ele>
      </trkpt>
      <trkpt lat="35.59418" lon="127.47728000000001">
        <ele>634.78</ele>
      </trkpt>
      <trkpt lat="35.59423" lon="127.47720000000001">
        <ele>634.78</ele>
      </trkpt>
      <trkpt lat="35.594280000000005" lon="127.47703000000001">
        <ele>631.36</ele>
      </trkpt>
      <trkpt lat="35.59433000000001" lon="127.47652000000001">
        <ele>627.3100000000001</ele>
      </trkpt>
      <trkpt lat="35.59432" lon="127.47602">
        <ele>625.1300000000001</ele>
      </trkpt>
      <trkpt lat="35.594350000000006" lon="127.47593">
        <ele>624.94</ele>
      </trkpt>
      <trkpt lat="35.594480000000004" lon="127.47583000000002">
        <ele>624.12</ele>
      </trkpt>
      <trkpt lat="35.59472" lon="127.4758">
        <ele>622.35</ele>
      </trkpt>
      <trkpt lat="35.594710000000006" lon="127.4758">
        <ele>622.35</ele>
      </trkpt>
      <trkpt lat="35.594930000000005" lon="127.47579">
        <ele>622.17</ele>
      </trkpt>
      <trkpt lat="35.59535" lon="127.47582000000001">
        <ele>624.45</ele>
      </trkpt>
      <trkpt lat="35.59573" lon="127.47578000000001">
        <ele>627.46</ele>
      </trkpt>
      <trkpt lat="35.595850000000006" lon="127.47574000000002">
        <ele>627.4900000000001</ele>
      </trkpt>
      <trkpt lat="35.59597" lon="127.47554000000001">
        <ele>627.08</ele>
      </trkpt>
      <trkpt lat="35.596030000000006" lon="127.47551000000001">
        <ele>627.08</ele>
      </trkpt>
      <trkpt lat="35.596140000000005" lon="127.47554000000001">
        <ele>626.87</ele>
      </trkpt>
      <trkpt lat="35.596430000000005" lon="127.47568000000001">
        <ele>625.32</ele>
      </trkpt>
      <trkpt lat="35.596520000000005" lon="127.47584">
        <ele>625.14</ele>
      </trkpt>
      <trkpt lat="35.59673" lon="127.47594000000001">
        <ele>623.96</ele>
      </trkpt>
      <trkpt lat="35.596900000000005" lon="127.47593">
        <ele>623.6700000000001</ele>
      </trkpt>
      <trkpt lat="35.597150000000006" lon="127.47581000000001">
        <ele>623.0</ele>
      </trkpt>
      <trkpt lat="35.59743" lon="127.47586000000001">
        <ele>622.9</ele>
      </trkpt>
      <trkpt lat="35.59758" lon="127.47591000000001">
        <ele>622.73</ele>
      </trkpt>
      <trkpt lat="35.59779" lon="127.47606">
        <ele>622.84</ele>
      </trkpt>
      <trkpt lat="35.597950000000004" lon="127.47612000000001">
        <ele>623.7600000000001</ele>
      </trkpt>
      <trkpt lat="35.598670000000006" lon="127.47619000000002">
        <ele>632.51</ele>
      </trkpt>
      <trkpt lat="35.59902" lon="127.47636000000001">
        <ele>634.99</ele>
      </trkpt>
      <trkpt lat="35.599540000000005" lon="127.47649000000001">
        <ele>639.27</ele>
      </trkpt>
      <trkpt lat="35.60009" lon="127.47643000000001">
        <ele>646.08</ele>
      </trkpt>
      <trkpt lat="35.600210000000004" lon="127.47648000000001">
        <ele>646.63</ele>
      </trkpt>
      <trkpt lat="35.600500000000004" lon="127.47666000000001">
        <ele>647.3800000000001</ele>
      </trkpt>
      <trkpt lat="35.600570000000005" lon="127.47664000000002">
        <ele>647.5000000000001</ele>
      </trkpt>
      <trkpt lat="35.60078" lon="127.47646000000002">
        <ele>649.3500000000001</ele>
      </trkpt>
      <trkpt lat="35.600860000000004" lon="127.47640000000001">
        <ele>650.17</ele>
      </trkpt>
      <trkpt lat="35.60096" lon="127.47638">
        <ele>650.61</ele>
      </trkpt>
      <trkpt lat="35.601200000000006" lon="127.47638">
        <ele>650.9100000000001</ele>
      </trkpt>
      <trkpt lat="35.60127" lon="127.47636000000001">
        <ele>650.83</ele>
      </trkpt>
      <trkpt lat="35.60134" lon="127.47619000000002">
        <ele>651.1300000000001</ele>
      </trkpt>
      <trkpt lat="35.60141" lon="127.47611">
        <ele>651.7</ele>
      </trkpt>
      <trkpt lat="35.60152" lon="127.47608000000001">
        <ele>652.4100000000001</ele>
      </trkpt>
      <trkpt lat="35.601670000000006" lon="127.47610000000002">
        <ele>653.7400000000001</ele>
      </trkpt>
      <trkpt lat="35.60175" lon="127.47616000000001">
        <ele>654.46</ele>
      </trkpt>
      <trkpt lat="35.60197" lon="127.47647">
        <ele>657.63</ele>
      </trkpt>
      <trkpt lat="35.602030000000006" lon="127.47652000000001">
        <ele>658.69</ele>
      </trkpt>
      <trkpt lat="35.60221" lon="127.47644000000001">
        <ele>661.1700000000001</ele>
      </trkpt>
      <trkpt lat="35.602230000000006" lon="127.47646000000002">
        <ele>662.6</ele>
      </trkpt>
      <trkpt lat="35.60235" lon="127.47664000000002">
        <ele>662.32</ele>
      </trkpt>
      <trkpt lat="35.60278000077007" lon="127.47704999786905">
        <ele>660.3100000000001</ele>
      </trkpt>
      <trkpt lat="35.603210000000004" lon="127.47746000000001">
        <ele>656.2800000000001</ele>
      </trkpt>
      <trkpt lat="35.60314" lon="127.47760000000001">
        <ele>656.82</ele>
      </trkpt>
      <trkpt lat="35.602970000000006" lon="127.47780000000002">
        <ele>658.6200000000001</ele>
      </trkpt>
      <trkpt lat="35.60266" lon="127.47802000000001">
        <ele>659.6500000000001</ele>
      </trkpt>
      <trkpt lat="35.602590000000006" lon="127.47819000000001">
        <ele>659.47</ele>
      </trkpt>
      <trkpt lat="35.60257" lon="127.4788">
        <ele>657.51</ele>
      </trkpt>
      <trkpt lat="35.60222" lon="127.47932000000002">
        <ele>655.05</ele>
      </trkpt>
      <trkpt lat="35.60179" lon="127.47970000000001">
        <ele>654.6800000000001</ele>
      </trkpt>
      <trkpt lat="35.601620000000004" lon="127.47975000000001">
        <ele>655.0400000000001</ele>
      </trkpt>
      <trkpt lat="35.601220000000005" lon="127.47995000000002">
        <ele>654.78</ele>
      </trkpt>
      <trkpt lat="35.60123" lon="127.47995000000002">
        <ele>654.78</ele>
      </trkpt>
      <trkpt lat="35.60114" lon="127.48004000000002">
        <ele>654.84</ele>
      </trkpt>
      <trkpt lat="35.60107" lon="127.48019000000001">
        <ele>655.27</ele>
      </trkpt>
      <trkpt lat="35.60103" lon="127.48043000000001">
        <ele>655.51</ele>
      </trkpt>
      <trkpt lat="35.600970000000004" lon="127.48049000000002">
        <ele>655.51</ele>
      </trkpt>
      <trkpt lat="35.600680000000004" lon="127.48049000000002">
        <ele>655.0</ele>
      </trkpt>
      <trkpt lat="35.60051" lon="127.48058">
        <ele>654.96</ele>
      </trkpt>
      <trkpt lat="35.600460000000005" lon="127.48083000000001">
        <ele>654.49</ele>
      </trkpt>
      <trkpt lat="35.60038" lon="127.48143000000002">
        <ele>653.12</ele>
      </trkpt>
      <trkpt lat="35.60042" lon="127.48156000000002">
        <ele>653.0100000000001</ele>
      </trkpt>
      <trkpt lat="35.600550000000005" lon="127.48181000000001">
        <ele>652.23</ele>
      </trkpt>
      <trkpt lat="35.600730000000006" lon="127.48192000000002">
        <ele>649.81</ele>
      </trkpt>
      <trkpt lat="35.60114" lon="127.48192000000002">
        <ele>646.21</ele>
      </trkpt>
      <trkpt lat="35.601330000000004" lon="127.48200000000001">
        <ele>645.0100000000001</ele>
      </trkpt>
      <trkpt lat="35.601510000000005" lon="127.48218000000001">
        <ele>643.8000000000001</ele>
      </trkpt>
      <trkpt lat="35.60175" lon="127.48263000000001">
        <ele>639.33</ele>
      </trkpt>
      <trkpt lat="35.60211" lon="127.48319000000001">
        <ele>635.38</ele>
      </trkpt>
      <trkpt lat="35.60222" lon="127.48340000000002">
        <ele>634.66</ele>
      </trkpt>
      <trkpt lat="35.60224" lon="127.48365000000001">
        <ele>633.24</ele>
      </trkpt>
      <trkpt lat="35.60217" lon="127.48377">
        <ele>632.6</ele>
      </trkpt>
      <trkpt lat="35.602050000000006" lon="127.48384000000001">
        <ele>631.08</ele>
      </trkpt>
      <trkpt lat="35.601960000000005" lon="127.48387000000001">
        <ele>631.08</ele>
      </trkpt>
      <trkpt lat="35.60163" lon="127.48386">
        <ele>626.69</ele>
      </trkpt>
      <trkpt lat="35.60146" lon="127.48396000000001">
        <ele>625.1600000000001</ele>
      </trkpt>
      <trkpt lat="35.60143" lon="127.48420000000002">
        <ele>624.3100000000001</ele>
      </trkpt>
      <trkpt lat="35.601510000000005" lon="127.48461">
        <ele>621.0500000000001</ele>
      </trkpt>
      <trkpt lat="35.601600000000005" lon="127.48469000000001">
        <ele>620.3700000000001</ele>
      </trkpt>
      <trkpt lat="35.60164" lon="127.48482000000001">
        <ele>619.48</ele>
      </trkpt>
      <trkpt lat="35.60163" lon="127.48493">
        <ele>618.51</ele>
      </trkpt>
      <trkpt lat="35.60179" lon="127.48508000000001">
        <ele>617.47</ele>
      </trkpt>
      <trkpt lat="35.6021" lon="127.48512000000001">
        <ele>614.53</ele>
      </trkpt>
      <trkpt lat="35.60219" lon="127.48507000000001">
        <ele>614.0600000000001</ele>
      </trkpt>
      <trkpt lat="35.602450000000005" lon="127.48510000000002">
        <ele>613.5200000000001</ele>
      </trkpt>
      <trkpt lat="35.60268" lon="127.48527000000001">
        <ele>613.75</ele>
      </trkpt>
      <trkpt lat="35.6028" lon="127.48544000000001">
        <ele>613.68</ele>
      </trkpt>
      <trkpt lat="35.60289" lon="127.48573">
        <ele>613.14</ele>
      </trkpt>
      <trkpt lat="35.603" lon="127.48589000000001">
        <ele>612.45</ele>
      </trkpt>
      <trkpt lat="35.60338" lon="127.48619000000001">
        <ele>607.89</ele>
      </trkpt>
      <trkpt lat="35.60352" lon="127.48637000000001">
        <ele>606.34</ele>
      </trkpt>
      <trkpt lat="35.603530000000006" lon="127.48654">
        <ele>605.7300000000001</ele>
      </trkpt>
      <trkpt lat="35.603300000000004" lon="127.48679000000001">
        <ele>604.23</ele>
      </trkpt>
      <trkpt lat="35.603190000000005" lon="127.48695000000001">
        <ele>603.44</ele>
      </trkpt>
      <trkpt lat="35.60316" lon="127.48715000000001">
        <ele>602.86</ele>
      </trkpt>
      <trkpt lat="35.60325" lon="127.48734000000002">
        <ele>602.28</ele>
      </trkpt>
      <trkpt lat="35.6034" lon="127.48749000000001">
        <ele>601.35</ele>
      </trkpt>
      <trkpt lat="35.60383500028562" lon="127.48768499899757">
        <ele>599.1899999999999</ele>
      </trkpt>
      <trkpt lat="35.60427" lon="127.48788">
        <ele>597.45</ele>
      </trkpt>
      <trkpt lat="35.6047250007066" lon="127.48827999776562">
        <ele>595.0000000000001</ele>
      </trkpt>
      <trkpt lat="35.605180000000004" lon="127.48868000000002">
        <ele>592.1200000000001</ele>
      </trkpt>
      <trkpt lat="35.60517" lon="127.48868000000002">
        <ele>592.1500000000001</ele>
      </trkpt>
      <trkpt lat="35.605850000000004" lon="127.48923">
        <ele>590.22</ele>
      </trkpt>
      <trkpt lat="35.60602" lon="127.48928000000001">
        <ele>589.84</ele>
      </trkpt>
      <trkpt lat="35.6062" lon="127.48928000000001">
        <ele>589.0500000000001</ele>
      </trkpt>
      <trkpt lat="35.606280000000005" lon="127.48926000000002">
        <ele>589.0600000000001</ele>
      </trkpt>
      <trkpt lat="35.606550000000006" lon="127.48918">
        <ele>588.7</ele>
      </trkpt>
      <trkpt lat="35.606910000000006" lon="127.48934000000001">
        <ele>587.89</ele>
      </trkpt>
      <trkpt lat="35.60745" lon="127.48927">
        <ele>585.67</ele>
      </trkpt>
      <trkpt lat="35.607620000000004" lon="127.48928000000001">
        <ele>584.5400000000001</ele>
      </trkpt>
      <trkpt lat="35.60792" lon="127.48941">
        <ele>582.85</ele>
      </trkpt>
      <trkpt lat="35.60826" lon="127.48959">
        <ele>581.61</ele>
      </trkpt>
      <trkpt lat="35.60844" lon="127.48962000000002">
        <ele>580.45</ele>
      </trkpt>
      <trkpt lat="35.60857" lon="127.48959">
        <ele>579.3000000000001</ele>
      </trkpt>
      <trkpt lat="35.608900000000006" lon="127.48938000000001">
        <ele>575.4100000000001</ele>
      </trkpt>
      <trkpt lat="35.60911" lon="127.48921000000001">
        <ele>574.52</ele>
      </trkpt>
      <trkpt lat="35.609260000000006" lon="127.48914">
        <ele>573.74</ele>
      </trkpt>
      <trkpt lat="35.609370000000006" lon="127.48917000000002">
        <ele>573.2700000000001</ele>
      </trkpt>
      <trkpt lat="35.60958" lon="127.48929000000001">
        <ele>571.4</ele>
      </trkpt>
      <trkpt lat="35.6098" lon="127.48927">
        <ele>570.59</ele>
      </trkpt>
      <trkpt lat="35.60996" lon="127.48935000000002">
        <ele>570.2</ele>
      </trkpt>
      <trkpt lat="35.610170000000004" lon="127.48932">
        <ele>569.25</ele>
      </trkpt>
      <trkpt lat="35.61027" lon="127.48936">
        <ele>568.25</ele>
      </trkpt>
      <trkpt lat="35.610440000000004" lon="127.48963">
        <ele>566.4</ele>
      </trkpt>
      <trkpt lat="35.61055" lon="127.48974000000001">
        <ele>564.9200000000001</ele>
      </trkpt>
      <trkpt lat="35.6109" lon="127.48982000000001">
        <ele>562.6000000000001</ele>
      </trkpt>
      <trkpt lat="35.61094" lon="127.48987000000001">
        <ele>561.9200000000001</ele>
      </trkpt>
      <trkpt lat="35.61093" lon="127.49006000000001">
        <ele>560.8100000000001</ele>
      </trkpt>
      <trkpt lat="35.61086" lon="127.49024000000001">
        <ele>559.27</ele>
      </trkpt>
      <trkpt lat="35.61088" lon="127.49043">
        <ele>557.45</ele>
      </trkpt>
      <trkpt lat="35.611000000000004" lon="127.49050000000001">
        <ele>557.45</ele>
      </trkpt>
      <trkpt lat="35.61124" lon="127.49056000000002">
        <ele>554.4300000000001</ele>
      </trkpt>
      <trkpt lat="35.6113" lon="127.49061">
        <ele>554.4300000000001</ele>
      </trkpt>
      <trkpt lat="35.611470000000004" lon="127.49106">
        <ele>551.09</ele>
      </trkpt>
      <trkpt lat="35.61164" lon="127.49126000000001">
        <ele>549.7500000000001</ele>
      </trkpt>
      <trkpt lat="35.61168" lon="127.49137">
        <ele>549.1</ele>
      </trkpt>
      <trkpt lat="35.611720000000005" lon="127.49170000000001">
        <ele>547.4499999999999</ele>
      </trkpt>
      <trkpt lat="35.61169" lon="127.49188000000001">
        <ele>546.98</ele>
      </trkpt>
      <trkpt lat="35.61155" lon="127.49205">
        <ele>546.33</ele>
      </trkpt>
      <trkpt lat="35.61137" lon="127.49222000000002">
        <ele>545.82</ele>
      </trkpt>
      <trkpt lat="35.61133" lon="127.49229000000001">
        <ele>545.8000000000001</ele>
      </trkpt>
      <trkpt lat="35.6114" lon="127.49260000000001">
        <ele>546.8000000000001</ele>
      </trkpt>
      <trkpt lat="35.61137" lon="127.49286000000001">
        <ele>548.23</ele>
      </trkpt>
      <trkpt lat="35.61128" lon="127.49309000000001">
        <ele>549.09</ele>
      </trkpt>
      <trkpt lat="35.611290000000004" lon="127.49327000000001">
        <ele>549.6800000000001</ele>
      </trkpt>
      <trkpt lat="35.6114" lon="127.49382000000001">
        <ele>554.89</ele>
      </trkpt>
      <trkpt lat="35.611360000000005" lon="127.49395000000001">
        <ele>556.6600000000001</ele>
      </trkpt>
      <trkpt lat="35.61115" lon="127.49410000000002">
        <ele>559.52</ele>
      </trkpt>
      <trkpt lat="35.611000000000004" lon="127.49416000000001">
        <ele>562.23</ele>
      </trkpt>
      <trkpt lat="35.610600000000005" lon="127.49414000000002">
        <ele>567.6800000000001</ele>
      </trkpt>
      <trkpt lat="35.61034" lon="127.49419000000002">
        <ele>572.0200000000001</ele>
      </trkpt>
      <trkpt lat="35.6101" lon="127.49428">
        <ele>575.4100000000001</ele>
      </trkpt>
      <trkpt lat="35.609880000000004" lon="127.49441000000002">
        <ele>578.13</ele>
      </trkpt>
      <trkpt lat="35.60949" lon="127.49456">
        <ele>585.92</ele>
      </trkpt>
      <trkpt lat="35.60934" lon="127.49463000000002">
        <ele>588.75</ele>
      </trkpt>
      <trkpt lat="35.609260000000006" lon="127.49470000000001">
        <ele>590.44</ele>
      </trkpt>
      <trkpt lat="35.609210000000004" lon="127.49494000000001">
        <ele>590.8000000000001</ele>
      </trkpt>
      <trkpt lat="35.60884" lon="127.49584000000002">
        <ele>591.0000000000001</ele>
      </trkpt>
      <trkpt lat="35.60875" lon="127.49626">
        <ele>594.57</ele>
      </trkpt>
      <trkpt lat="35.608540000000005" lon="127.49697">
        <ele>598.65</ele>
      </trkpt>
      <trkpt lat="35.60834000089914" lon="127.49747000158392">
        <ele>602.2700000000001</ele>
      </trkpt>
      <trkpt lat="35.608140000000006" lon="127.49797000000001">
        <ele>605.6700000000001</ele>
      </trkpt>
      <trkpt lat="35.6081" lon="127.49836">
        <ele>606.45</ele>
      </trkpt>
      <trkpt lat="35.6081" lon="127.49851000000001">
        <ele>606.4000000000001</ele>
      </trkpt>
      <trkpt lat="35.608160000000005" lon="127.49866000000002">
        <ele>606.0500000000001</ele>
      </trkpt>
      <trkpt lat="35.6083" lon="127.49884000000002">
        <ele>605.59</ele>
      </trkpt>
      <trkpt lat="35.60844" lon="127.49895000000001">
        <ele>604.5</ele>
      </trkpt>
      <trkpt lat="35.60871" lon="127.49905000000001">
        <ele>602.65</ele>
      </trkpt>
      <trkpt lat="35.608900000000006" lon="127.49917">
        <ele>600.9100000000001</ele>
      </trkpt>
      <trkpt lat="35.609010000000005" lon="127.49927000000001">
        <ele>599.95</ele>
      </trkpt>
      <trkpt lat="35.60947" lon="127.50017000000001">
        <ele>593.41</ele>
      </trkpt>
      <trkpt lat="35.609680000000004" lon="127.50036000000001">
        <ele>592.2</ele>
      </trkpt>
      <trkpt lat="35.6098" lon="127.50067000000001">
        <ele>591.6300000000001</ele>
      </trkpt>
      <trkpt lat="35.609910000000006" lon="127.50080000000001">
        <ele>592.07</ele>
      </trkpt>
      <trkpt lat="35.60998" lon="127.50094000000001">
        <ele>593.4</ele>
      </trkpt>
      <trkpt lat="35.61003" lon="127.50109">
        <ele>594.01</ele>
      </trkpt>
      <trkpt lat="35.61027" lon="127.50139000000001">
        <ele>596.5400000000001</ele>
      </trkpt>
      <trkpt lat="35.61032" lon="127.50149">
        <ele>597.37</ele>
      </trkpt>
      <trkpt lat="35.61032" lon="127.50156000000001">
        <ele>599.1500000000001</ele>
      </trkpt>
      <trkpt lat="35.61027" lon="127.50180000000002">
        <ele>600.86</ele>
      </trkpt>
      <trkpt lat="35.61027" lon="127.50193000000002">
        <ele>601.32</ele>
      </trkpt>
      <trkpt lat="35.610290000000006" lon="127.50202000000002">
        <ele>602.37</ele>
      </trkpt>
      <trkpt lat="35.610420000000005" lon="127.50222000000001">
        <ele>604.75</ele>
      </trkpt>
      <trkpt lat="35.61046" lon="127.50231000000001">
        <ele>604.75</ele>
      </trkpt>
      <trkpt lat="35.61048" lon="127.50241000000001">
        <ele>607.44</ele>
      </trkpt>
      <trkpt lat="35.610440000000004" lon="127.50261">
        <ele>608.4300000000001</ele>
      </trkpt>
      <trkpt lat="35.61039" lon="127.50271000000001">
        <ele>609.69</ele>
      </trkpt>
      <trkpt lat="35.610200000000006" lon="127.50284">
        <ele>612.3000000000001</ele>
      </trkpt>
      <trkpt lat="35.61016" lon="127.50290000000001">
        <ele>612.9300000000001</ele>
      </trkpt>
      <trkpt lat="35.61009" lon="127.50313000000001">
        <ele>616.09</ele>
      </trkpt>
      <trkpt lat="35.610040000000005" lon="127.50319">
        <ele>616.3700000000001</ele>
      </trkpt>
      <trkpt lat="35.609970000000004" lon="127.50322000000001">
        <ele>616.4200000000001</ele>
      </trkpt>
      <trkpt lat="35.60989" lon="127.5032">
        <ele>616.01</ele>
      </trkpt>
      <trkpt lat="35.609790000000004" lon="127.50314000000002">
        <ele>615.1500000000001</ele>
      </trkpt>
      <trkpt lat="35.609550000000006" lon="127.50309000000001">
        <ele>613.8800000000001</ele>
      </trkpt>
      <trkpt lat="35.60942" lon="127.50311">
        <ele>613.1500000000001</ele>
      </trkpt>
      <trkpt lat="35.60909" lon="127.50297">
        <ele>611.0000000000001</ele>
      </trkpt>
      <trkpt lat="35.60895" lon="127.50299000000001">
        <ele>610.6700000000001</ele>
      </trkpt>
      <trkpt lat="35.608880000000006" lon="127.50305000000002">
        <ele>610.33</ele>
      </trkpt>
      <trkpt lat="35.608700000000006" lon="127.50335000000001">
        <ele>608.0600000000001</ele>
      </trkpt>
      <trkpt lat="35.60866" lon="127.50336000000001">
        <ele>607.5500000000001</ele>
      </trkpt>
      <trkpt lat="35.608650000000004" lon="127.50337">
        <ele>607.5500000000001</ele>
      </trkpt>
      <trkpt lat="35.608560000000004" lon="127.50342">
        <ele>607.02</ele>
      </trkpt>
      <trkpt lat="35.60846" lon="127.50342">
        <ele>605.96</ele>
      </trkpt>
      <trkpt lat="35.60813" lon="127.50327000000001">
        <ele>603.6400000000001</ele>
      </trkpt>
      <trkpt lat="35.60759" lon="127.50329">
        <ele>604.7300000000001</ele>
      </trkpt>
      <trkpt lat="35.607400000000005" lon="127.50333">
        <ele>604.97</ele>
      </trkpt>
      <trkpt lat="35.60698" lon="127.50355">
        <ele>605.3900000000001</ele>
      </trkpt>
      <trkpt lat="35.60689" lon="127.50358000000001">
        <ele>606.33</ele>
      </trkpt>
      <trkpt lat="35.606790000000004" lon="127.50356000000001">
        <ele>606.33</ele>
      </trkpt>
      <trkpt lat="35.606480000000005" lon="127.50338">
        <ele>607.96</ele>
      </trkpt>
      <trkpt lat="35.60624" lon="127.50331000000001">
        <ele>608.72</ele>
      </trkpt>
      <trkpt lat="35.606030000000004" lon="127.50329">
        <ele>609.14</ele>
      </trkpt>
      <trkpt lat="35.605920000000005" lon="127.50331000000001">
        <ele>609.9100000000001</ele>
      </trkpt>
      <trkpt lat="35.60582" lon="127.50337">
        <ele>610.35</ele>
      </trkpt>
      <trkpt lat="35.60571" lon="127.50349000000001">
        <ele>610.68</ele>
      </trkpt>
      <trkpt lat="35.60558" lon="127.50368000000002">
        <ele>610.7</ele>
      </trkpt>
      <trkpt lat="35.605470000000004" lon="127.50373">
        <ele>610.53</ele>
      </trkpt>
      <trkpt lat="35.60535" lon="127.50374000000001">
        <ele>610.22</ele>
      </trkpt>
      <trkpt lat="35.60511" lon="127.50367000000001">
        <ele>610.1500000000001</ele>
      </trkpt>
      <trkpt lat="35.60499" lon="127.50353000000001">
        <ele>610.22</ele>
      </trkpt>
      <trkpt lat="35.60486" lon="127.50335000000001">
        <ele>610.1</ele>
      </trkpt>
      <trkpt lat="35.60466" lon="127.50286000000001">
        <ele>609.0500000000001</ele>
      </trkpt>
      <trkpt lat="35.60466" lon="127.50285000000001">
        <ele>609.0500000000001</ele>
      </trkpt>
      <trkpt lat="35.60459" lon="127.50271000000001">
        <ele>609.21</ele>
      </trkpt>
      <trkpt lat="35.604530000000004" lon="127.50264000000001">
        <ele>609.48</ele>
      </trkpt>
      <trkpt lat="35.604020000000006" lon="127.50237000000001">
        <ele>611.5500000000001</ele>
      </trkpt>
      <trkpt lat="35.60385" lon="127.5023">
        <ele>612.35</ele>
      </trkpt>
      <trkpt lat="35.60378" lon="127.5023">
        <ele>612.89</ele>
      </trkpt>
      <trkpt lat="35.60372" lon="127.50232000000001">
        <ele>613.21</ele>
      </trkpt>
      <trkpt lat="35.603590000000004" lon="127.50240000000001">
        <ele>614.6600000000001</ele>
      </trkpt>
      <trkpt lat="35.603480000000005" lon="127.50242000000001">
        <ele>615.0000000000001</ele>
      </trkpt>
      <trkpt lat="35.6034" lon="127.50238000000002">
        <ele>616.2800000000001</ele>
      </trkpt>
      <trkpt lat="35.60336" lon="127.50234">
        <ele>616.2800000000001</ele>
      </trkpt>
      <trkpt lat="35.603260000000006" lon="127.50217">
        <ele>617.53</ele>
      </trkpt>
      <trkpt lat="35.60295" lon="127.50185">
        <ele>618.96</ele>
      </trkpt>
      <trkpt lat="35.602590000000006" lon="127.50170000000001">
        <ele>621.26</ele>
      </trkpt>
      <trkpt lat="35.60248" lon="127.50163">
        <ele>623.26</ele>
      </trkpt>
      <trkpt lat="35.60239" lon="127.50152000000001">
        <ele>624.3700000000001</ele>
      </trkpt>
      <trkpt lat="35.601980000000005" lon="127.50119000000001">
        <ele>630.78</ele>
      </trkpt>
      <trkpt lat="35.60183" lon="127.50115000000001">
        <ele>632.12</ele>
      </trkpt>
      <trkpt lat="35.601710000000004" lon="127.50115000000001">
        <ele>633.1000000000001</ele>
      </trkpt>
      <trkpt lat="35.60139" lon="127.50126000000002">
        <ele>634.12</ele>
      </trkpt>
      <trkpt lat="35.60132" lon="127.50133000000001">
        <ele>634.3100000000001</ele>
      </trkpt>
      <trkpt lat="35.601290000000006" lon="127.50143000000001">
        <ele>634.58</ele>
      </trkpt>
      <trkpt lat="35.60126" lon="127.50165000000001">
        <ele>635.8600000000001</ele>
      </trkpt>
      <trkpt lat="35.601220000000005" lon="127.50173000000001">
        <ele>636.11</ele>
      </trkpt>
      <trkpt lat="35.600880000000004" lon="127.50203">
        <ele>638.48</ele>
      </trkpt>
      <trkpt lat="35.60067" lon="127.50201000000001">
        <ele>639.47</ele>
      </trkpt>
      <trkpt lat="35.600460000000005" lon="127.50178000000001">
        <ele>640.6800000000001</ele>
      </trkpt>
      <trkpt lat="35.60031" lon="127.50145">
        <ele>641.83</ele>
      </trkpt>
      <trkpt lat="35.600210000000004" lon="127.50132">
        <ele>642.88</ele>
      </trkpt>
      <trkpt lat="35.59971" lon="127.50096">
        <ele>647.29</ele>
      </trkpt>
      <trkpt lat="35.59942" lon="127.50072000000002">
        <ele>650.0</ele>
      </trkpt>
      <trkpt lat="35.5992" lon="127.50051">
        <ele>651.3100000000001</ele>
      </trkpt>
      <trkpt lat="35.598780000000005" lon="127.50018000000001">
        <ele>654.15</ele>
      </trkpt>
      <trkpt lat="35.598420000000004" lon="127.49987000000002">
        <ele>655.45</ele>
      </trkpt>
      <trkpt lat="35.59787" lon="127.49978000000002">
        <ele>657.6</ele>
      </trkpt>
      <trkpt lat="35.59776" lon="127.49974000000002">
        <ele>659.08</ele>
      </trkpt>
      <trkpt lat="35.59723" lon="127.49938000000002">
        <ele>663.7400000000001</ele>
      </trkpt>
      <trkpt lat="35.597080000000005" lon="127.4993">
        <ele>665.0600000000001</ele>
      </trkpt>
      <trkpt lat="35.59696" lon="127.49928000000001">
        <ele>666.15</ele>
      </trkpt>
      <trkpt lat="35.596880000000006" lon="127.49929000000002">
        <ele>666.95</ele>
      </trkpt>
      <trkpt lat="35.59658" lon="127.49945000000001">
        <ele>669.3800000000001</ele>
      </trkpt>
      <trkpt lat="35.59649" lon="127.49942000000001">
        <ele>669.5000000000001</ele>
      </trkpt>
      <trkpt lat="35.596410000000006" lon="127.49937000000001">
        <ele>669.3800000000001</ele>
      </trkpt>
      <trkpt lat="35.59622" lon="127.49911000000002">
        <ele>669.0500000000001</ele>
      </trkpt>
      <trkpt lat="35.595980000000004" lon="127.49860000000001">
        <ele>673.86</ele>
      </trkpt>
      <trkpt lat="35.5959" lon="127.49831">
        <ele>678.98</ele>
      </trkpt>
      <trkpt lat="35.59591" lon="127.49820000000001">
        <ele>679.58</ele>
      </trkpt>
      <trkpt lat="35.59611" lon="127.49771000000001">
        <ele>685.1100000000001</ele>
      </trkpt>
      <trkpt lat="35.59615" lon="127.49749000000001">
        <ele>685.91</ele>
      </trkpt>
      <trkpt lat="35.59615" lon="127.49709000000001">
        <ele>686.2900000000001</ele>
      </trkpt>
      <trkpt lat="35.596070000000005" lon="127.49684">
        <ele>686.6000000000001</ele>
      </trkpt>
      <trkpt lat="35.596050000000005" lon="127.4967">
        <ele>687.1700000000001</ele>
      </trkpt>
      <trkpt lat="35.596140000000005" lon="127.49632000000001">
        <ele>687.0200000000001</ele>
      </trkpt>
      <trkpt lat="35.59617" lon="127.49620000000002">
        <ele>685.79</ele>
      </trkpt>
      <trkpt lat="35.596160000000005" lon="127.49612">
        <ele>685.4100000000001</ele>
      </trkpt>
      <trkpt lat="35.5961" lon="127.49602000000002">
        <ele>684.9300000000001</ele>
      </trkpt>
      <trkpt lat="35.59577" lon="127.49573000000001">
        <ele>683.7</ele>
      </trkpt>
      <trkpt lat="35.59572" lon="127.49562000000002">
        <ele>683.0200000000001</ele>
      </trkpt>
      <trkpt lat="35.5957" lon="127.49521000000001">
        <ele>679.62</ele>
      </trkpt>
      <trkpt lat="35.595670000000005" lon="127.49501000000001">
        <ele>679.1</ele>
      </trkpt>
      <trkpt lat="35.59561" lon="127.49483000000001">
        <ele>679.21</ele>
      </trkpt>
      <trkpt lat="35.59536" lon="127.49437">
        <ele>683.5500000000001</ele>
      </trkpt>
      <trkpt lat="35.59503" lon="127.49367000000001">
        <ele>688.6800000000001</ele>
      </trkpt>
      <trkpt lat="35.59485" lon="127.49358000000001">
        <ele>687.82</ele>
      </trkpt>
      <trkpt lat="35.594570000000004" lon="127.49356000000002">
        <ele>685.7700000000001</ele>
      </trkpt>
      <trkpt lat="35.59441" lon="127.49353">
        <ele>684.01</ele>
      </trkpt>
      <trkpt lat="35.59433000000001" lon="127.49347000000002">
        <ele>683.6700000000001</ele>
      </trkpt>
      <trkpt lat="35.59423" lon="127.49348">
        <ele>683.37</ele>
      </trkpt>
      <trkpt lat="35.594060000000006" lon="127.49360000000001">
        <ele>682.2600000000001</ele>
      </trkpt>
      <trkpt lat="35.59382" lon="127.49362">
        <ele>680.5300000000001</ele>
      </trkpt>
      <trkpt lat="35.59306" lon="127.49411">
        <ele>682.3</ele>
      </trkpt>
      <trkpt lat="35.592575001149335" lon="127.49464000322291">
        <ele>683.03</ele>
      </trkpt>
      <trkpt lat="35.592090000000006" lon="127.49517000000002">
        <ele>688.32</ele>
      </trkpt>
      <trkpt lat="35.591930000000005" lon="127.49527">
        <ele>688.39</ele>
      </trkpt>
      <trkpt lat="35.59194" lon="127.49526000000002">
        <ele>688.39</ele>
      </trkpt>
      <trkpt lat="35.59156" lon="127.49553000000002">
        <ele>691.23</ele>
      </trkpt>
      <trkpt lat="35.5914" lon="127.49558">
        <ele>691.7500000000001</ele>
      </trkpt>
      <trkpt lat="35.59089" lon="127.49567">
        <ele>695.0400000000001</ele>
      </trkpt>
      <trkpt lat="35.590700000000005" lon="127.49564000000001">
        <ele>695.33</ele>
      </trkpt>
      <trkpt lat="35.59017" lon="127.49538000000001">
        <ele>697.69</ele>
      </trkpt>
      <trkpt lat="35.589960000000005" lon="127.49533000000001">
        <ele>699.3900000000001</ele>
      </trkpt>
      <trkpt lat="35.589510000000004" lon="127.49541">
        <ele>700.99</ele>
      </trkpt>
      <trkpt lat="35.58914" lon="127.49527">
        <ele>700.99</ele>
      </trkpt>
      <trkpt lat="35.58849" lon="127.49482">
        <ele>700.6300000000001</ele>
      </trkpt>
      <trkpt lat="35.58831" lon="127.49464">
        <ele>700.6300000000001</ele>
      </trkpt>
      <trkpt lat="35.588190000000004" lon="127.49438">
        <ele>700.6300000000001</ele>
      </trkpt>
      <trkpt lat="35.58812" lon="127.49405000000002">
        <ele>700.6300000000001</ele>
      </trkpt>
      <trkpt lat="35.58807" lon="127.49380000000001">
        <ele>700.6300000000001</ele>
      </trkpt>
      <trkpt lat="35.58793" lon="127.49334">
        <ele>700.6300000000001</ele>
      </trkpt>
      <trkpt lat="35.58784" lon="127.49254">
        <ele>700.6300000000001</ele>
      </trkpt>
      <trkpt lat="35.587810000000005" lon="127.49242000000001">
        <ele>700.6300000000001</ele>
      </trkpt>
      <trkpt lat="35.58773" lon="127.49235000000002">
        <ele>700.6300000000001</ele>
      </trkpt>
      <trkpt lat="35.58742" lon="127.49217000000002">
        <ele>700.0200000000001</ele>
      </trkpt>
      <trkpt lat="35.587140000000005" lon="127.49214">
        <ele>700.0200000000001</ele>
      </trkpt>
      <trkpt lat="35.58691" lon="127.49215000000001">
        <ele>700.0200000000001</ele>
      </trkpt>
      <trkpt lat="35.586490000000005" lon="127.49225000000001">
        <ele>700.0200000000001</ele>
      </trkpt>
      <trkpt lat="35.586090000000006" lon="127.49227">
        <ele>700.0200000000001</ele>
      </trkpt>
      <trkpt lat="35.586000000000006" lon="127.49229000000001">
        <ele>700.0200000000001</ele>
      </trkpt>
      <trkpt lat="35.585820000000005" lon="127.49236">
        <ele>700.0200000000001</ele>
      </trkpt>
      <trkpt lat="35.58561" lon="127.4925">
        <ele>699.95</ele>
      </trkpt>
      <trkpt lat="35.58517000016923" lon="127.49227499874327">
        <ele>699.46</ele>
      </trkpt>
      <trkpt lat="35.58473" lon="127.49205">
        <ele>699.46</ele>
      </trkpt>
      <trkpt lat="35.58475" lon="127.49205">
        <ele>699.46</ele>
      </trkpt>
      <trkpt lat="35.584480000000006" lon="127.49192000000001">
        <ele>699.46</ele>
      </trkpt>
      <trkpt lat="35.584390000000006" lon="127.49207000000001">
        <ele>699.46</ele>
      </trkpt>
      <trkpt lat="35.58435" lon="127.49241">
        <ele>698.9300000000001</ele>
      </trkpt>
      <trkpt lat="35.58426" lon="127.49281">
        <ele>698.9300000000001</ele>
      </trkpt>
      <trkpt lat="35.584140000000005" lon="127.49295000000001">
        <ele>698.9300000000001</ele>
      </trkpt>
      <trkpt lat="35.583960000000005" lon="127.49307000000002">
        <ele>697.06</ele>
      </trkpt>
      <trkpt lat="35.58386" lon="127.49311000000002">
        <ele>697.06</ele>
      </trkpt>
      <trkpt lat="35.5837" lon="127.49306000000001">
        <ele>697.06</ele>
      </trkpt>
      <trkpt lat="35.583540000000006" lon="127.49293000000002">
        <ele>697.06</ele>
      </trkpt>
      <trkpt lat="35.5835" lon="127.49283000000001">
        <ele>697.06</ele>
      </trkpt>
      <trkpt lat="35.583540000000006" lon="127.49259">
        <ele>697.06</ele>
      </trkpt>
      <trkpt lat="35.583490000000005" lon="127.49243000000001">
        <ele>697.06</ele>
      </trkpt>
      <trkpt lat="35.58344" lon="127.49234000000001">
        <ele>697.06</ele>
      </trkpt>
      <trkpt lat="35.583420000000004" lon="127.49225000000001">
        <ele>692.01</ele>
      </trkpt>
      <trkpt lat="35.58343" lon="127.49212000000001">
        <ele>692.01</ele>
      </trkpt>
      <trkpt lat="35.583740000000006" lon="127.49180000000001">
        <ele>692.01</ele>
      </trkpt>
      <trkpt lat="35.58379" lon="127.49170000000001">
        <ele>692.01</ele>
      </trkpt>
      <trkpt lat="35.583800000000004" lon="127.49163000000001">
        <ele>692.01</ele>
      </trkpt>
      <trkpt lat="35.58379" lon="127.49156">
        <ele>692.01</ele>
      </trkpt>
      <trkpt lat="35.583600000000004" lon="127.49111">
        <ele>692.0400000000001</ele>
      </trkpt>
      <trkpt lat="35.58357" lon="127.49089000000001">
        <ele>692.0400000000001</ele>
      </trkpt>
      <trkpt lat="35.58328" lon="127.48993000000002">
        <ele>692.0400000000001</ele>
      </trkpt>
      <trkpt lat="35.583020000000005" lon="127.48993000000002">
        <ele>692.0400000000001</ele>
      </trkpt>
      <trkpt lat="35.58261" lon="127.48977000000001">
        <ele>692.0400000000001</ele>
      </trkpt>
      <trkpt lat="35.582530000000006" lon="127.48971000000002">
        <ele>692.0400000000001</ele>
      </trkpt>
      <trkpt lat="35.58229" lon="127.48939000000001">
        <ele>692.0400000000001</ele>
      </trkpt>
      <trkpt lat="35.58211" lon="127.48926000000002">
        <ele>692.0400000000001</ele>
      </trkpt>
      <trkpt lat="35.581770000000006" lon="127.48918">
        <ele>692.97</ele>
      </trkpt>
      <trkpt lat="35.58166" lon="127.48920000000001">
        <ele>692.97</ele>
      </trkpt>
      <trkpt lat="35.581480000000006" lon="127.48932">
        <ele>692.97</ele>
      </trkpt>
      <trkpt lat="35.581120000000006" lon="127.48963">
        <ele>692.97</ele>
      </trkpt>
      <trkpt lat="35.58082" lon="127.48967">
        <ele>692.97</ele>
      </trkpt>
      <trkpt lat="35.5807" lon="127.48959">
        <ele>692.97</ele>
      </trkpt>
      <trkpt lat="35.580560000000006" lon="127.48946000000001">
        <ele>692.97</ele>
      </trkpt>
      <trkpt lat="35.580420000000004" lon="127.48923">
        <ele>692.97</ele>
      </trkpt>
      <trkpt lat="35.5803" lon="127.48899000000002">
        <ele>692.97</ele>
      </trkpt>
      <trkpt lat="35.580180000000006" lon="127.48853000000001">
        <ele>692.97</ele>
      </trkpt>
      <trkpt lat="35.58014" lon="127.48850000000002">
        <ele>692.97</ele>
      </trkpt>
      <trkpt lat="35.58008" lon="127.48850000000002">
        <ele>692.97</ele>
      </trkpt>
      <trkpt lat="35.579950000000004" lon="127.48864">
        <ele>692.97</ele>
      </trkpt>
      <trkpt lat="35.579890000000006" lon="127.48879000000001">
        <ele>692.97</ele>
      </trkpt>
      <trkpt lat="35.57979" lon="127.48895000000002">
        <ele>692.97</ele>
      </trkpt>
      <trkpt lat="35.57927" lon="127.48960000000001">
        <ele>706.3900000000001</ele>
      </trkpt>
      <trkpt lat="35.579260000000005" lon="127.48961000000001">
        <ele>693.0200000000001</ele>
      </trkpt>
      <trkpt lat="35.57885" lon="127.49006000000001">
        <ele>688.2900000000001</ele>
      </trkpt>
      <trkpt lat="35.57889" lon="127.49035">
        <ele>681.71</ele>
      </trkpt>
      <trkpt lat="35.57909" lon="127.49024000000001">
        <ele>684.09</ele>
      </trkpt>
      <trkpt lat="35.57945" lon="127.48995000000001">
        <ele>681.1600000000001</ele>
      </trkpt>
      <trkpt lat="35.57967" lon="127.48991000000001">
        <ele>640.54</ele>
      </trkpt>
      <trkpt lat="35.5797" lon="127.48996000000001">
        <ele>640.54</ele>
      </trkpt>
      <trkpt lat="35.579600000000006" lon="127.49034">
        <ele>640.54</ele>
      </trkpt>
      <trkpt lat="35.57961" lon="127.49066">
        <ele>635.0</ele>
      </trkpt>
      <trkpt lat="35.57954" lon="127.49096000000002">
        <ele>635.0</ele>
      </trkpt>
      <trkpt lat="35.57958" lon="127.49099000000001">
        <ele>635.0</ele>
      </trkpt>
      <trkpt lat="35.579710000000006" lon="127.49094000000001">
        <ele>635.0</ele>
      </trkpt>
      <trkpt lat="35.579910000000005" lon="127.49078000000002">
        <ele>635.0</ele>
      </trkpt>
      <trkpt lat="35.580000000000005" lon="127.49060000000001">
        <ele>635.0</ele>
      </trkpt>
      <trkpt lat="35.58008" lon="127.49053">
        <ele>635.0</ele>
      </trkpt>
      <trkpt lat="35.58053" lon="127.49102">
        <ele>635.0</ele>
      </trkpt>
      <trkpt lat="35.581" lon="127.49114000000002">
        <ele>607.99</ele>
      </trkpt>
      <trkpt lat="35.58109" lon="127.49118000000001">
        <ele>607.99</ele>
      </trkpt>
      <trkpt lat="35.58128" lon="127.49137">
        <ele>607.99</ele>
      </trkpt>
      <trkpt lat="35.58138" lon="127.49154000000001">
        <ele>607.99</ele>
      </trkpt>
      <trkpt lat="35.58137" lon="127.49163000000001">
        <ele>607.99</ele>
      </trkpt>
      <trkpt lat="35.58124" lon="127.49178">
        <ele>607.99</ele>
      </trkpt>
      <trkpt lat="35.58135" lon="127.49210000000001">
        <ele>607.99</ele>
      </trkpt>
      <trkpt lat="35.58147" lon="127.49232">
        <ele>607.99</ele>
      </trkpt>
      <trkpt lat="35.58147" lon="127.49248000000001">
        <ele>607.99</ele>
      </trkpt>
      <trkpt lat="35.581410000000005" lon="127.49255000000001">
        <ele>607.99</ele>
      </trkpt>
      <trkpt lat="35.581320000000005" lon="127.49277000000001">
        <ele>600.94</ele>
      </trkpt>
      <trkpt lat="35.58122" lon="127.49282000000001">
        <ele>600.94</ele>
      </trkpt>
      <trkpt lat="35.58093" lon="127.49326">
        <ele>589.96</ele>
      </trkpt>
      <trkpt lat="35.580960000000005" lon="127.49345000000001">
        <ele>589.96</ele>
      </trkpt>
      <trkpt lat="35.581120000000006" lon="127.49399000000001">
        <ele>588.4200000000001</ele>
      </trkpt>
      <trkpt lat="35.581120000000006" lon="127.49396000000002">
        <ele>588.4200000000001</ele>
      </trkpt>
      <trkpt lat="35.58129" lon="127.49454000000001">
        <ele>588.4200000000001</ele>
      </trkpt>
      <trkpt lat="35.58133" lon="127.49498000000001">
        <ele>588.4200000000001</ele>
      </trkpt>
      <trkpt lat="35.581340000000004" lon="127.49531">
        <ele>588.4200000000001</ele>
      </trkpt>
      <trkpt lat="35.58128" lon="127.49581">
        <ele>588.4200000000001</ele>
      </trkpt>
      <trkpt lat="35.581140000000005" lon="127.49604000000001">
        <ele>588.4200000000001</ele>
      </trkpt>
      <trkpt lat="35.581100000000006" lon="127.49616000000002">
        <ele>588.4200000000001</ele>
      </trkpt>
      <trkpt lat="35.58108" lon="127.49632000000001">
        <ele>588.4200000000001</ele>
      </trkpt>
      <trkpt lat="35.58111" lon="127.49641000000001">
        <ele>588.4200000000001</ele>
      </trkpt>
      <trkpt lat="35.58117" lon="127.49650000000001">
        <ele>588.4200000000001</ele>
      </trkpt>
      <trkpt lat="35.58137" lon="127.49660000000002">
        <ele>588.4200000000001</ele>
      </trkpt>
      <trkpt lat="35.58164" lon="127.49691000000001">
        <ele>588.4200000000001</ele>
      </trkpt>
      <trkpt lat="35.58184" lon="127.4972">
        <ele>588.4200000000001</ele>
      </trkpt>
      <trkpt lat="35.58198" lon="127.49746">
        <ele>588.4200000000001</ele>
      </trkpt>
      <trkpt lat="35.58209" lon="127.49753000000001">
        <ele>588.4200000000001</ele>
      </trkpt>
      <trkpt lat="35.582300000000004" lon="127.49756000000001">
        <ele>564.23</ele>
      </trkpt>
      <trkpt lat="35.58245" lon="127.49767000000001">
        <ele>564.23</ele>
      </trkpt>
      <trkpt lat="35.58256" lon="127.49788000000001">
        <ele>564.23</ele>
      </trkpt>
      <trkpt lat="35.58256" lon="127.49809">
        <ele>564.23</ele>
      </trkpt>
      <trkpt lat="35.58261" lon="127.49821000000001">
        <ele>564.23</ele>
      </trkpt>
      <trkpt lat="35.58278" lon="127.49836">
        <ele>564.23</ele>
      </trkpt>
      <trkpt lat="35.582860000000004" lon="127.49847000000001">
        <ele>564.23</ele>
      </trkpt>
      <trkpt lat="35.582930000000005" lon="127.4989">
        <ele>564.23</ele>
      </trkpt>
      <trkpt lat="35.582910000000005" lon="127.49910000000001">
        <ele>564.23</ele>
      </trkpt>
      <trkpt lat="35.582930000000005" lon="127.49923000000001">
        <ele>564.23</ele>
      </trkpt>
      <trkpt lat="35.5831" lon="127.49950000000001">
        <ele>564.23</ele>
      </trkpt>
      <trkpt lat="35.58321" lon="127.49981000000001">
        <ele>564.23</ele>
      </trkpt>
      <trkpt lat="35.58332" lon="127.49991000000001">
        <ele>564.23</ele>
      </trkpt>
      <trkpt lat="35.58362" lon="127.49996000000002">
        <ele>564.23</ele>
      </trkpt>
      <trkpt lat="35.583740000000006" lon="127.50006">
        <ele>564.23</ele>
      </trkpt>
      <trkpt lat="35.583800000000004" lon="127.50023000000002">
        <ele>564.23</ele>
      </trkpt>
      <trkpt lat="35.58386" lon="127.50081000000002">
        <ele>564.23</ele>
      </trkpt>
      <trkpt lat="35.58386" lon="127.50078">
        <ele>564.23</ele>
      </trkpt>
      <trkpt lat="35.583870000000005" lon="127.50087">
        <ele>564.23</ele>
      </trkpt>
      <trkpt lat="35.58393" lon="127.50094000000001">
        <ele>564.23</ele>
      </trkpt>
      <trkpt lat="35.584030000000006" lon="127.50092000000001">
        <ele>564.23</ele>
      </trkpt>
      <trkpt lat="35.58426" lon="127.50080000000001">
        <ele>564.23</ele>
      </trkpt>
      <trkpt lat="35.584340000000005" lon="127.50083000000001">
        <ele>564.23</ele>
      </trkpt>
      <trkpt lat="35.584390000000006" lon="127.50091">
        <ele>564.23</ele>
      </trkpt>
      <trkpt lat="35.58446" lon="127.50118">
        <ele>559.0</ele>
      </trkpt>
      <trkpt lat="35.584520000000005" lon="127.50126000000002">
        <ele>559.0</ele>
      </trkpt>
      <trkpt lat="35.584590000000006" lon="127.50128000000001">
        <ele>559.0</ele>
      </trkpt>
      <trkpt lat="35.58476" lon="127.50122">
        <ele>559.0</ele>
      </trkpt>
      <trkpt lat="35.58496" lon="127.50122">
        <ele>559.0</ele>
      </trkpt>
      <trkpt lat="35.585040000000006" lon="127.50129000000001">
        <ele>559.0</ele>
      </trkpt>
      <trkpt lat="35.585190000000004" lon="127.50148000000002">
        <ele>559.0</ele>
      </trkpt>
      <trkpt lat="35.58556" lon="127.50168000000001">
        <ele>559.0</ele>
      </trkpt>
      <trkpt lat="35.58596" lon="127.50186000000001">
        <ele>538.9900000000001</ele>
      </trkpt>
      <trkpt lat="35.5861" lon="127.5019">
        <ele>538.9900000000001</ele>
      </trkpt>
      <trkpt lat="35.58648" lon="127.50191000000001">
        <ele>538.9900000000001</ele>
      </trkpt>
      <trkpt lat="35.58661" lon="127.50195000000001">
        <ele>538.9900000000001</ele>
      </trkpt>
      <trkpt lat="35.58672" lon="127.50208">
        <ele>536.1600000000001</ele>
      </trkpt>
      <trkpt lat="35.586760000000005" lon="127.50217">
        <ele>536.1600000000001</ele>
      </trkpt>
      <trkpt lat="35.586960000000005" lon="127.50253000000001">
        <ele>532.7700000000001</ele>
      </trkpt>
      <trkpt lat="35.586600000000004" lon="127.50238000000002">
        <ele>531.4100000000001</ele>
      </trkpt>
      <trkpt lat="35.586054999981066" lon="127.50231999958793">
        <ele>529.4000000000001</ele>
      </trkpt>
      <trkpt lat="35.585510000000006" lon="127.50226">
        <ele>525.7400000000001</ele>
      </trkpt>
      <trkpt lat="35.584790000000005" lon="127.50211000000002">
        <ele>521.44</ele>
      </trkpt>
      <trkpt lat="35.584030000000006" lon="127.50181">
        <ele>515.88</ele>
      </trkpt>
      <trkpt lat="35.58402" lon="127.50181">
        <ele>515.88</ele>
      </trkpt>
      <trkpt lat="35.583670000000005" lon="127.50167">
        <ele>514.17</ele>
      </trkpt>
      <trkpt lat="35.583120000064746" lon="127.50147999866593">
        <ele>509.63</ele>
      </trkpt>
      <trkpt lat="35.582570000000004" lon="127.50129000000001">
        <ele>506.6</ele>
      </trkpt>
      <trkpt lat="35.58207" lon="127.50089000000001">
        <ele>503.11000000000007</ele>
      </trkpt>
      <trkpt lat="35.581513335314526" lon="127.50039999318643">
        <ele>499.27000000000004</ele>
      </trkpt>
      <trkpt lat="35.58095666864596" lon="127.49990999318484">
        <ele>494.7900000000001</ele>
      </trkpt>
      <trkpt lat="35.580400000000004" lon="127.49942000000001">
        <ele>492.48</ele>
      </trkpt>
      <trkpt lat="35.579800000000006" lon="127.49897000000001">
        <ele>488.31</ele>
      </trkpt>
      <trkpt lat="35.57923500016446" lon="127.49869999803002">
        <ele>486.14</ele>
      </trkpt>
      <trkpt lat="35.57867" lon="127.49843000000001">
        <ele>481.31</ele>
      </trkpt>
      <trkpt lat="35.57809" lon="127.49820000000001">
        <ele>478.14000000000004</ele>
      </trkpt>
      <trkpt lat="35.57753" lon="127.49812000000001">
        <ele>475.03000000000003</ele>
      </trkpt>
      <trkpt lat="35.57672" lon="127.49808000000002">
        <ele>471.02000000000004</ele>
      </trkpt>
      <trkpt lat="35.57609" lon="127.49810000000001">
        <ele>467.22</ele>
      </trkpt>
      <trkpt lat="35.57536" lon="127.49807000000001">
        <ele>463.58000000000004</ele>
      </trkpt>
      <trkpt lat="35.57483500018113" lon="127.49800999962576">
        <ele>461.79</ele>
      </trkpt>
      <trkpt lat="35.574310000000004" lon="127.49795000000002">
        <ele>458.35</ele>
      </trkpt>
      <trkpt lat="35.5743" lon="127.49795000000002">
        <ele>458.35</ele>
      </trkpt>
      <trkpt lat="35.57365666673901" lon="127.49787666549203">
        <ele>455.37000000000006</ele>
      </trkpt>
      <trkpt lat="35.573013333433614" lon="127.49780333216187">
        <ele>451.6</ele>
      </trkpt>
      <trkpt lat="35.57237" lon="127.49773">
        <ele>448.88000000000005</ele>
      </trkpt>
      <trkpt lat="35.57189500019442" lon="127.49779000033305">
        <ele>446.26000000000005</ele>
      </trkpt>
      <trkpt lat="35.57142" lon="127.49785000000001">
        <ele>443.83000000000004</ele>
      </trkpt>
      <trkpt lat="35.5708600000832" lon="127.49797500086957">
        <ele>441.94000000000005</ele>
      </trkpt>
      <trkpt lat="35.5703" lon="127.49810000000001">
        <ele>438.32000000000005</ele>
      </trkpt>
      <trkpt lat="35.56985" lon="127.49822">
        <ele>436.6700000000001</ele>
      </trkpt>
      <trkpt lat="35.56939499991509" lon="127.49828500038376">
        <ele>435.93</ele>
      </trkpt>
      <trkpt lat="35.568940000000005" lon="127.49835000000002">
        <ele>433.46</ele>
      </trkpt>
      <trkpt lat="35.568360000000006" lon="127.49825000000001">
        <ele>430.68000000000006</ele>
      </trkpt>
      <trkpt lat="35.56756" lon="127.49789000000001">
        <ele>424.29</ele>
      </trkpt>
      <trkpt lat="35.56727" lon="127.49766000000001">
        <ele>424.29</ele>
      </trkpt>
      <trkpt lat="35.567150000000005" lon="127.49749000000001">
        <ele>424.29</ele>
      </trkpt>
      <trkpt lat="35.56698" lon="127.49733">
        <ele>419.71000000000004</ele>
      </trkpt>
      <trkpt lat="35.56674" lon="127.49706">
        <ele>419.71000000000004</ele>
      </trkpt>
      <trkpt lat="35.56629" lon="127.49648">
        <ele>414.31</ele>
      </trkpt>
      <trkpt lat="35.5658" lon="127.49592000000001">
        <ele>410.86000000000007</ele>
      </trkpt>
      <trkpt lat="35.565690000000004" lon="127.49580000000002">
        <ele>410.86000000000007</ele>
      </trkpt>
      <trkpt lat="35.5655" lon="127.49554">
        <ele>408.06</ele>
      </trkpt>
      <trkpt lat="35.56512" lon="127.49515000000001">
        <ele>405.33000000000004</ele>
      </trkpt>
      <trkpt lat="35.56488" lon="127.49498000000001">
        <ele>404.53000000000003</ele>
      </trkpt>
      <trkpt lat="35.5647" lon="127.49477000000002">
        <ele>401.76</ele>
      </trkpt>
      <trkpt lat="35.564640000000004" lon="127.49473">
        <ele>401.76</ele>
      </trkpt>
      <trkpt lat="35.56448" lon="127.49466000000001">
        <ele>401.76</ele>
      </trkpt>
      <trkpt lat="35.56403" lon="127.49461000000001">
        <ele>399.15000000000003</ele>
      </trkpt>
      <trkpt lat="35.56364" lon="127.49464">
        <ele>397.34000000000003</ele>
      </trkpt>
      <trkpt lat="35.56311" lon="127.49463000000002">
        <ele>393.36</ele>
      </trkpt>
      <trkpt lat="35.56255" lon="127.49454000000001">
        <ele>390.76000000000005</ele>
      </trkpt>
      <trkpt lat="35.56224" lon="127.49443000000001">
        <ele>389.25000000000006</ele>
      </trkpt>
      <trkpt lat="35.562090000000005" lon="127.49436000000001">
        <ele>386.96000000000004</ele>
      </trkpt>
      <trkpt lat="35.56161500047875" lon="127.49401499794605">
        <ele>383.84000000000003</ele>
      </trkpt>
      <trkpt lat="35.56114" lon="127.49367000000001">
        <ele>379.15000000000003</ele>
      </trkpt>
      <trkpt lat="35.56073" lon="127.49345000000001">
        <ele>376.73</ele>
      </trkpt>
      <trkpt lat="35.56027500009937" lon="127.49327999902746">
        <ele>371.81</ele>
      </trkpt>
      <trkpt lat="35.55982" lon="127.49311000000002">
        <ele>368.70000000000005</ele>
      </trkpt>
      <trkpt lat="35.5593300001292" lon="127.49293499893112">
        <ele>365.69</ele>
      </trkpt>
      <trkpt lat="35.558840000000004" lon="127.49276">
        <ele>362.7</ele>
      </trkpt>
      <trkpt lat="35.558310000000006" lon="127.49251000000001">
        <ele>357.85</ele>
      </trkpt>
      <trkpt lat="35.55749" lon="127.49223">
        <ele>353.1</ele>
      </trkpt>
      <trkpt lat="35.55691" lon="127.49216000000001">
        <ele>351.22</ele>
      </trkpt>
      <trkpt lat="35.55643499996911" lon="127.49212999982004">
        <ele>347.46000000000004</ele>
      </trkpt>
      <trkpt lat="35.555960000000006" lon="127.49210000000001">
        <ele>345.64</ele>
      </trkpt>
      <trkpt lat="35.555550000000004" lon="127.49211000000001">
        <ele>342.26</ele>
      </trkpt>
      <trkpt lat="35.555080000000004" lon="127.49226000000002">
        <ele>339.40000000000003</ele>
      </trkpt>
      <trkpt lat="35.554460000000006" lon="127.49254">
        <ele>336.0</ele>
      </trkpt>
      <trkpt lat="35.55386" lon="127.4929">
        <ele>333.36</ele>
      </trkpt>
      <trkpt lat="35.55313" lon="127.4933">
        <ele>330.92</ele>
      </trkpt>
      <trkpt lat="35.552408002550344" lon="127.49369201411386">
        <ele>327.74</ele>
      </trkpt>
      <trkpt lat="35.55168600383191" lon="127.49408402116694">
        <ele>322.0</ele>
      </trkpt>
      <trkpt lat="35.550964003844754" lon="127.49447602115964">
        <ele>318.39</ele>
      </trkpt>
      <trkpt lat="35.55024200258894" lon="127.49486801409222">
        <ele>315.17</ele>
      </trkpt>
      <trkpt lat="35.54952" lon="127.49526000000002">
        <ele>313.3</ele>
      </trkpt>
      <trkpt lat="35.54906000028074" lon="127.49556000178033">
        <ele>311.0</ele>
      </trkpt>
      <trkpt lat="35.5486" lon="127.49586000000001">
        <ele>316.08000000000004</ele>
      </trkpt>
      <trkpt lat="35.54849" lon="127.49644">
        <ele>317.70000000000005</ele>
      </trkpt>
      <trkpt lat="35.54847" lon="127.49695000000001">
        <ele>316.0</ele>
      </trkpt>
      <trkpt lat="35.54842" lon="127.49707000000001">
        <ele>315.91</ele>
      </trkpt>
      <trkpt lat="35.548230000000004" lon="127.49731000000001">
        <ele>315.91</ele>
      </trkpt>
      <trkpt lat="35.54757" lon="127.49781000000002">
        <ele>312.49000000000007</ele>
      </trkpt>
      <trkpt lat="35.547430000000006" lon="127.49791">
        <ele>312.0</ele>
      </trkpt>
      <trkpt lat="35.547160000000005" lon="127.49827">
        <ele>312.0</ele>
      </trkpt>
      <trkpt lat="35.54704" lon="127.49860000000001">
        <ele>310.11000000000007</ele>
      </trkpt>
      <trkpt lat="35.54679" lon="127.49886000000001">
        <ele>310.11000000000007</ele>
      </trkpt>
      <trkpt lat="35.546800000000005" lon="127.49886000000001">
        <ele>310.11000000000007</ele>
      </trkpt>
      <trkpt lat="35.5467" lon="127.49897000000001">
        <ele>310.11000000000007</ele>
      </trkpt>
      <trkpt lat="35.546245000109266" lon="127.49917500119213">
        <ele>310.11000000000007</ele>
      </trkpt>
      <trkpt lat="35.545790000000004" lon="127.49938000000002">
        <ele>306.95</ele>
      </trkpt>
      <trkpt lat="35.545320000000004" lon="127.49982000000001">
        <ele>306.95</ele>
      </trkpt>
      <trkpt lat="35.544760000000004" lon="127.50046">
        <ele>306.17</ele>
      </trkpt>
      <trkpt lat="35.54459" lon="127.50084000000001">
        <ele>306.09000000000003</ele>
      </trkpt>
      <trkpt lat="35.54471" lon="127.50124000000001">
        <ele>304.15000000000003</ele>
      </trkpt>
      <trkpt lat="35.545230000000004" lon="127.50207">
        <ele>301.52</ele>
      </trkpt>
      <trkpt lat="35.545230000000004" lon="127.50208">
        <ele>301.52</ele>
      </trkpt>
      <trkpt lat="35.545280000000005" lon="127.50220000000002">
        <ele>301.52</ele>
      </trkpt>
      <trkpt lat="35.54527" lon="127.5023">
        <ele>301.52</ele>
      </trkpt>
      <trkpt lat="35.545100000000005" lon="127.50259000000001">
        <ele>301.52</ele>
      </trkpt>
      <trkpt lat="35.54493" lon="127.50296000000002">
        <ele>301.52</ele>
      </trkpt>
      <trkpt lat="35.544760000000004" lon="127.5032">
        <ele>301.52</ele>
      </trkpt>
      <trkpt lat="35.544505001423076" lon="127.50381000220973">
        <ele>296.72</ele>
      </trkpt>
      <trkpt lat="35.544250000000005" lon="127.50442000000001">
        <ele>296.72</ele>
      </trkpt>
      <trkpt lat="35.544180000000004" lon="127.50493000000002">
        <ele>296.72</ele>
      </trkpt>
      <trkpt lat="35.544180000000004" lon="127.50494">
        <ele>296.72</ele>
      </trkpt>
      <trkpt lat="35.54417" lon="127.50552">
        <ele>296.72</ele>
      </trkpt>
      <trkpt lat="35.54422" lon="127.50588">
        <ele>296.72</ele>
      </trkpt>
      <trkpt lat="35.54435" lon="127.50617000000001">
        <ele>296.72</ele>
      </trkpt>
      <trkpt lat="35.544360000000005" lon="127.50634000000001">
        <ele>296.72</ele>
      </trkpt>
      <trkpt lat="35.54431" lon="127.50650000000002">
        <ele>296.72</ele>
      </trkpt>
      <trkpt lat="35.5443" lon="127.50665000000001">
        <ele>296.72</ele>
      </trkpt>
      <trkpt lat="35.544250000000005" lon="127.50670000000001">
        <ele>296.72</ele>
      </trkpt>
      <trkpt lat="35.54408" lon="127.50675000000001">
        <ele>290.99</ele>
      </trkpt>
      <trkpt lat="35.54397" lon="127.50690000000002">
        <ele>290.99</ele>
      </trkpt>
      <trkpt lat="35.543850000000006" lon="127.50717000000002">
        <ele>290.99</ele>
      </trkpt>
      <trkpt lat="35.54383" lon="127.50747000000001">
        <ele>290.99</ele>
      </trkpt>
      <trkpt lat="35.543730000000004" lon="127.50781">
        <ele>290.99</ele>
      </trkpt>
      <trkpt lat="35.54368" lon="127.50826">
        <ele>290.99</ele>
      </trkpt>
      <trkpt lat="35.54359" lon="127.50839">
        <ele>290.99</ele>
      </trkpt>
      <trkpt lat="35.543510000000005" lon="127.50859000000001">
        <ele>290.99</ele>
      </trkpt>
      <trkpt lat="35.54339000163381" lon="127.50921500082369">
        <ele>290.99</ele>
      </trkpt>
      <trkpt lat="35.54327" lon="127.50984000000001">
        <ele>290.99</ele>
      </trkpt>
      <trkpt lat="35.54312" lon="127.51053000000002">
        <ele>290.99</ele>
      </trkpt>
      <trkpt lat="35.54303" lon="127.51111000000002">
        <ele>290.99</ele>
      </trkpt>
      <trkpt lat="35.54301" lon="127.51156000000002">
        <ele>282.93</ele>
      </trkpt>
      <trkpt lat="35.54298" lon="127.51167000000001">
        <ele>282.93</ele>
      </trkpt>
      <trkpt lat="35.542860000000005" lon="127.51176000000001">
        <ele>282.93</ele>
      </trkpt>
      <trkpt lat="35.542820000000006" lon="127.51185000000001">
        <ele>282.93</ele>
      </trkpt>
      <trkpt lat="35.54274" lon="127.51226000000001">
        <ele>282.93</ele>
      </trkpt>
      <trkpt lat="35.542785001301965" lon="127.51281999977928">
        <ele>282.93</ele>
      </trkpt>
      <trkpt lat="35.54283" lon="127.51338000000001">
        <ele>282.93</ele>
      </trkpt>
      <trkpt lat="35.54289" lon="127.51375000000002">
        <ele>282.93</ele>
      </trkpt>
      <trkpt lat="35.54289" lon="127.51393000000002">
        <ele>282.93</ele>
      </trkpt>
      <trkpt lat="35.54285" lon="127.51412">
        <ele>282.93</ele>
      </trkpt>
      <trkpt lat="35.54285" lon="127.51413000000001">
        <ele>282.93</ele>
      </trkpt>
      <trkpt lat="35.542770000000004" lon="127.51468000000001">
        <ele>282.93</ele>
      </trkpt>
      <trkpt lat="35.54283" lon="127.51565000000001">
        <ele>282.93</ele>
      </trkpt>
      <trkpt lat="35.542750000000005" lon="127.51623000000001">
        <ele>282.93</ele>
      </trkpt>
      <trkpt lat="35.54267" lon="127.51632000000001">
        <ele>282.93</ele>
      </trkpt>
      <trkpt lat="35.54263" lon="127.51648000000002">
        <ele>282.93</ele>
      </trkpt>
      <trkpt lat="35.542530000000006" lon="127.51655000000001">
        <ele>276.09</ele>
      </trkpt>
      <trkpt lat="35.54243" lon="127.51679000000001">
        <ele>276.09</ele>
      </trkpt>
      <trkpt lat="35.54231" lon="127.51716">
        <ele>276.09</ele>
      </trkpt>
      <trkpt lat="35.542" lon="127.51782000000001">
        <ele>276.09</ele>
      </trkpt>
      <trkpt lat="35.54162" lon="127.51829000000001">
        <ele>276.09</ele>
      </trkpt>
      <trkpt lat="35.54137" lon="127.51856000000001">
        <ele>276.09</ele>
      </trkpt>
      <trkpt lat="35.541500000000006" lon="127.51871000000001">
        <ele>276.92</ele>
      </trkpt>
      <trkpt lat="35.54166" lon="127.51890000000002">
        <ele>277.92</ele>
      </trkpt>
      <trkpt lat="35.54146500175589" lon="127.51956000174724">
        <ele>274.0</ele>
      </trkpt>
      <trkpt lat="35.541270000000004" lon="127.52022000000001">
        <ele>274.14</ele>
      </trkpt>
      <trkpt lat="35.5412" lon="127.52049000000001">
        <ele>274.24</ele>
      </trkpt>
      <trkpt lat="35.54101500098035" lon="127.52099500136225">
        <ele>272.93</ele>
      </trkpt>
      <trkpt lat="35.54083" lon="127.52150000000002">
        <ele>272.67</ele>
      </trkpt>
      <trkpt lat="35.54066" lon="127.52216000000001">
        <ele>272.39000000000004</ele>
      </trkpt>
      <trkpt lat="35.54046" lon="127.52253000000002">
        <ele>272.2</ele>
      </trkpt>
      <trkpt lat="35.540162508227134" lon="127.5233450090629">
        <ele>271.77</ele>
      </trkpt>
      <trkpt lat="35.539865010970885" lon="127.5241600120799">
        <ele>271.29</ele>
      </trkpt>
      <trkpt lat="35.53956750823137" lon="127.52497500905103">
        <ele>270.53000000000003</ele>
      </trkpt>
      <trkpt lat="35.53927" lon="127.52579000000001">
        <ele>269.99</ele>
      </trkpt>
      <trkpt lat="35.53906601515425" lon="127.52674800973735">
        <ele>269.03000000000003</ele>
      </trkpt>
      <trkpt lat="35.53886202273218" lon="127.52770601460195">
        <ele>268.36</ele>
      </trkpt>
      <trkpt lat="35.53865802273389" lon="127.52866401459363">
        <ele>268.56</ele>
      </trkpt>
      <trkpt lat="35.53845401515945" lon="127.52962200971231">
        <ele>268.03000000000003</ele>
      </trkpt>
      <trkpt lat="35.538250000000005" lon="127.53058000000001">
        <ele>268.76</ele>
      </trkpt>
      <trkpt lat="35.538000000000004" lon="127.53055">
        <ele>268.88</ele>
      </trkpt>
      <trkpt lat="35.53783000154549" lon="127.5311500010613">
        <ele>268.99</ele>
      </trkpt>
      <trkpt lat="35.53766" lon="127.53175000000002">
        <ele>269.34000000000003</ele>
      </trkpt>
      <trkpt lat="35.53766" lon="127.53176">
        <ele>269.34000000000003</ele>
      </trkpt>
      <trkpt lat="35.53748000191991" lon="127.53243500136718">
        <ele>268.8</ele>
      </trkpt>
      <trkpt lat="35.5373" lon="127.53311000000001">
        <ele>268.79</ele>
      </trkpt>
      <trkpt lat="35.537180000000006" lon="127.53345000000002">
        <ele>268.96000000000004</ele>
      </trkpt>
      <trkpt lat="35.536970000000004" lon="127.53393000000001">
        <ele>267.97</ele>
      </trkpt>
      <trkpt lat="35.53671000112254" lon="127.53445000167248">
        <ele>267.48</ele>
      </trkpt>
      <trkpt lat="35.53645" lon="127.53497000000002">
        <ele>266.75000000000006</ele>
      </trkpt>
      <trkpt lat="35.53618500112442" lon="127.53547500153137">
        <ele>266.38</ele>
      </trkpt>
      <trkpt lat="35.535920000000004" lon="127.53598000000001">
        <ele>266.0</ele>
      </trkpt>
      <trkpt lat="35.5358" lon="127.53618000000002">
        <ele>265.33</ele>
      </trkpt>
      <trkpt lat="35.53566" lon="127.53661000000001">
        <ele>264.87</ele>
      </trkpt>
      <trkpt lat="35.53558" lon="127.53709">
        <ele>263.74</ele>
      </trkpt>
      <trkpt lat="35.535520000000005" lon="127.53763000000001">
        <ele>263.1</ele>
      </trkpt>
      <trkpt lat="35.53542" lon="127.53804000000001">
        <ele>261.69000000000005</ele>
      </trkpt>
      <trkpt lat="35.53539" lon="127.53834">
        <ele>260.89</ele>
      </trkpt>
      <trkpt lat="35.53531" lon="127.53875000000001">
        <ele>259.91</ele>
      </trkpt>
      <trkpt lat="35.53504" lon="127.53976000000002">
        <ele>257.77</ele>
      </trkpt>
      <trkpt lat="35.534980000000004" lon="127.54010000000001">
        <ele>256.64000000000004</ele>
      </trkpt>
      <trkpt lat="35.53472000414461" lon="127.54110000317453">
        <ele>253.94</ele>
      </trkpt>
      <trkpt lat="35.53446" lon="127.5421">
        <ele>250.9</ele>
      </trkpt>
      <trkpt lat="35.53435" lon="127.54260000000001">
        <ele>250.03000000000003</ele>
      </trkpt>
      <trkpt lat="35.53491999998886" lon="127.54263499975033">
        <ele>251.37000000000003</ele>
      </trkpt>
      <trkpt lat="35.53549" lon="127.54267000000002">
        <ele>253.01000000000002</ele>
      </trkpt>
      <trkpt lat="35.535990000095666" lon="127.54273499960507">
        <ele>253.22</ele>
      </trkpt>
      <trkpt lat="35.53649" lon="127.54280000000001">
        <ele>254.0</ele>
      </trkpt>
      <trkpt lat="35.537150000084196" lon="127.54281499987846">
        <ele>255.58</ele>
      </trkpt>
      <trkpt lat="35.53781" lon="127.54283000000001">
        <ele>257.87000000000006</ele>
      </trkpt>
      <trkpt lat="35.538360000000004" lon="127.54262000000001">
        <ele>257.72</ele>
      </trkpt>
      <trkpt lat="35.538900000000005" lon="127.54227000000002">
        <ele>257.91</ele>
      </trkpt>
      <trkpt lat="35.53915000000001" lon="127.54200000000002">
        <ele>258.03000000000003</ele>
      </trkpt>
      <trkpt lat="35.539300000000004" lon="127.54190000000001">
        <ele>258.09000000000003</ele>
      </trkpt>
      <trkpt lat="35.53952" lon="127.54235000000001">
        <ele>259.27</ele>
      </trkpt>
      <trkpt lat="35.539660000000005" lon="127.54254000000002">
        <ele>259.92</ele>
      </trkpt>
      <trkpt lat="35.539820000000006" lon="127.54254000000002">
        <ele>259.99</ele>
      </trkpt>
      <trkpt lat="35.53992" lon="127.54255">
        <ele>259.99</ele>
      </trkpt>
      <trkpt lat="35.540380000000006" lon="127.54270000000001">
        <ele>261.26000000000005</ele>
      </trkpt>
      <trkpt lat="35.539840000000005" lon="127.54242">
        <ele>260.0</ele>
      </trkpt>
      <trkpt lat="35.53994" lon="127.54183">
        <ele>259.61</ele>
      </trkpt>
      <trkpt lat="35.54007" lon="127.54124000000002">
        <ele>260.95</ele>
      </trkpt>
      <trkpt lat="35.54007" lon="127.54125">
        <ele>260.95</ele>
      </trkpt>
      <trkpt lat="35.540220000000005" lon="127.54056000000001">
        <ele>260.31000000000006</ele>
      </trkpt>
      <trkpt lat="35.54032" lon="127.53970000000001">
        <ele>259.07</ele>
      </trkpt>
      <trkpt lat="35.540510000000005" lon="127.53907000000001">
        <ele>261.69000000000005</ele>
      </trkpt>
      <trkpt lat="35.54076500135716" lon="127.53848500198707">
        <ele>264.36</ele>
      </trkpt>
      <trkpt lat="35.54102" lon="127.53790000000001">
        <ele>271.38</ele>
      </trkpt>
      <trkpt lat="35.54119500203673" lon="127.53720000147061">
        <ele>277.51000000000005</ele>
      </trkpt>
      <trkpt lat="35.54137" lon="127.5365">
        <ele>283.66</ele>
      </trkpt>
      <trkpt lat="35.54177" lon="127.53558000000001">
        <ele>296.2</ele>
      </trkpt>
      <trkpt lat="35.54213" lon="127.53502000000002">
        <ele>303.25</ele>
      </trkpt>
      <trkpt lat="35.542500000000004" lon="127.53462">
        <ele>313.21000000000004</ele>
      </trkpt>
      <trkpt lat="35.54271" lon="127.53428000000001">
        <ele>314.41</ele>
      </trkpt>
      <trkpt lat="35.542880000000004" lon="127.53412000000002">
        <ele>318.0</ele>
      </trkpt>
      <trkpt lat="35.543000000000006" lon="127.53379000000001">
        <ele>318.98</ele>
      </trkpt>
      <trkpt lat="35.54317" lon="127.53372000000002">
        <ele>319.69</ele>
      </trkpt>
      <trkpt lat="35.54361" lon="127.53369">
        <ele>321.57</ele>
      </trkpt>
      <trkpt lat="35.544450000000005" lon="127.53373">
        <ele>324.27</ele>
      </trkpt>
      <trkpt lat="35.54477" lon="127.53366000000001">
        <ele>326.59000000000003</ele>
      </trkpt>
      <trkpt lat="35.545210000000004" lon="127.53363000000002">
        <ele>327.98</ele>
      </trkpt>
      <trkpt lat="35.54553" lon="127.53357000000001">
        <ele>328.19000000000005</ele>
      </trkpt>
      <trkpt lat="35.54572" lon="127.53351">
        <ele>328.26000000000005</ele>
      </trkpt>
      <trkpt lat="35.545910000000006" lon="127.53327000000002">
        <ele>328.46000000000004</ele>
      </trkpt>
      <trkpt lat="35.54601" lon="127.53320000000001">
        <ele>328.89</ele>
      </trkpt>
      <trkpt lat="35.54618" lon="127.53314000000002">
        <ele>329.37000000000006</ele>
      </trkpt>
      <trkpt lat="35.54641" lon="127.53319">
        <ele>330.83</ele>
      </trkpt>
      <trkpt lat="35.54686" lon="127.53335000000001">
        <ele>333.42</ele>
      </trkpt>
      <trkpt lat="35.54708" lon="127.53338000000001">
        <ele>333.68</ele>
      </trkpt>
      <trkpt lat="35.54751" lon="127.53330000000001">
        <ele>336.74</ele>
      </trkpt>
      <trkpt lat="35.54766" lon="127.53319">
        <ele>337.64000000000004</ele>
      </trkpt>
      <trkpt lat="35.547760000000004" lon="127.53271000000001">
        <ele>337.26</ele>
      </trkpt>
      <trkpt lat="35.548030000000004" lon="127.53254000000001">
        <ele>335.73</ele>
      </trkpt>
      <trkpt lat="35.54816" lon="127.53241000000001">
        <ele>334.97</ele>
      </trkpt>
      <trkpt lat="35.54827" lon="127.53208000000001">
        <ele>334.08000000000004</ele>
      </trkpt>
      <trkpt lat="35.54856" lon="127.53160000000001">
        <ele>333.49</ele>
      </trkpt>
      <trkpt lat="35.548660000000005" lon="127.53123000000001">
        <ele>333.39</ele>
      </trkpt>
      <trkpt lat="35.548730000000006" lon="127.53112000000002">
        <ele>333.39</ele>
      </trkpt>
      <trkpt lat="35.548860000000005" lon="127.53107000000001">
        <ele>333.46000000000004</ele>
      </trkpt>
      <trkpt lat="35.54885" lon="127.53107000000001">
        <ele>333.46000000000004</ele>
      </trkpt>
      <trkpt lat="35.5489" lon="127.53106000000001">
        <ele>333.55</ele>
      </trkpt>
      <trkpt lat="35.54916" lon="127.53113">
        <ele>334.09000000000003</ele>
      </trkpt>
      <trkpt lat="35.54934" lon="127.53111000000001">
        <ele>334.64000000000004</ele>
      </trkpt>
      <trkpt lat="35.54943" lon="127.53098000000001">
        <ele>335.0</ele>
      </trkpt>
      <trkpt lat="35.549490000000006" lon="127.5306">
        <ele>336.66</ele>
      </trkpt>
      <trkpt lat="35.54956" lon="127.53038000000001">
        <ele>338.05</ele>
      </trkpt>
      <trkpt lat="35.549670000000006" lon="127.53034000000001">
        <ele>338.05</ele>
      </trkpt>
      <trkpt lat="35.549800000000005" lon="127.53044000000001">
        <ele>340.04</ele>
      </trkpt>
      <trkpt lat="35.549980000000005" lon="127.53063000000002">
        <ele>340.73</ele>
      </trkpt>
      <trkpt lat="35.5501" lon="127.53065000000001">
        <ele>341.15</ele>
      </trkpt>
      <trkpt lat="35.55019" lon="127.53061000000001">
        <ele>341.26</ele>
      </trkpt>
      <trkpt lat="35.55041" lon="127.53042">
        <ele>341.34000000000003</ele>
      </trkpt>
      <trkpt lat="35.55053" lon="127.53041">
        <ele>341.6</ele>
      </trkpt>
      <trkpt lat="35.550850000000004" lon="127.53064">
        <ele>342.0</ele>
      </trkpt>
      <trkpt lat="35.55104" lon="127.53064">
        <ele>342.0</ele>
      </trkpt>
      <trkpt lat="35.55115" lon="127.53056000000001">
        <ele>341.51000000000005</ele>
      </trkpt>
      <trkpt lat="35.55124" lon="127.53023000000002">
        <ele>340.90000000000003</ele>
      </trkpt>
      <trkpt lat="35.55133" lon="127.53007000000001">
        <ele>340.26</ele>
      </trkpt>
      <trkpt lat="35.551410000000004" lon="127.53003000000001">
        <ele>340.26</ele>
      </trkpt>
      <trkpt lat="35.551680000000005" lon="127.53011000000001">
        <ele>339.75000000000006</ele>
      </trkpt>
      <trkpt lat="35.55181" lon="127.53007000000001">
        <ele>338.97</ele>
      </trkpt>
      <trkpt lat="35.55209" lon="127.52969000000002">
        <ele>337.11</ele>
      </trkpt>
      <trkpt lat="35.55219" lon="127.52964000000001">
        <ele>337.11</ele>
      </trkpt>
      <trkpt lat="35.55275" lon="127.52960000000002">
        <ele>335.20000000000005</ele>
      </trkpt>
      <trkpt lat="35.553110000000004" lon="127.52967000000001">
        <ele>333.89</ele>
      </trkpt>
      <trkpt lat="35.55324" lon="127.52963000000001">
        <ele>333.89</ele>
      </trkpt>
      <trkpt lat="35.55348" lon="127.52922000000001">
        <ele>332.04</ele>
      </trkpt>
      <trkpt lat="35.553650000000005" lon="127.52907">
        <ele>331.87000000000006</ele>
      </trkpt>
      <trkpt lat="35.55388" lon="127.52893000000002">
        <ele>331.83</ele>
      </trkpt>
      <trkpt lat="35.5542" lon="127.52864000000001">
        <ele>331.36</ele>
      </trkpt>
      <trkpt lat="35.554280000000006" lon="127.52863">
        <ele>331.38</ele>
      </trkpt>
      <trkpt lat="35.55433" lon="127.52870000000001">
        <ele>331.51000000000005</ele>
      </trkpt>
      <trkpt lat="35.55445" lon="127.52912">
        <ele>331.64000000000004</ele>
      </trkpt>
      <trkpt lat="35.554590000000005" lon="127.52935000000001">
        <ele>332.31000000000006</ele>
      </trkpt>
      <trkpt lat="35.55482" lon="127.52952">
        <ele>333.06</ele>
      </trkpt>
      <trkpt lat="35.555330000000005" lon="127.52972000000001">
        <ele>333.09000000000003</ele>
      </trkpt>
      <trkpt lat="35.55552" lon="127.52972000000001">
        <ele>332.68</ele>
      </trkpt>
      <trkpt lat="35.555670000000006" lon="127.52960000000002">
        <ele>332.23</ele>
      </trkpt>
      <trkpt lat="35.55585" lon="127.52925">
        <ele>331.31000000000006</ele>
      </trkpt>
      <trkpt lat="35.555980000000005" lon="127.52904000000001">
        <ele>331.31000000000006</ele>
      </trkpt>
      <trkpt lat="35.55608" lon="127.52905000000001">
        <ele>330.23</ele>
      </trkpt>
      <trkpt lat="35.556180000000005" lon="127.52917000000001">
        <ele>330.23</ele>
      </trkpt>
      <trkpt lat="35.55644" lon="127.52969000000002">
        <ele>328.72</ele>
      </trkpt>
      <trkpt lat="35.5565" lon="127.53007000000001">
        <ele>328.23</ele>
      </trkpt>
      <trkpt lat="35.556650000000005" lon="127.53016000000001">
        <ele>328.07</ele>
      </trkpt>
      <trkpt lat="35.556850000000004" lon="127.53017000000001">
        <ele>327.48</ele>
      </trkpt>
      <trkpt lat="35.55704" lon="127.53005000000002">
        <ele>326.75000000000006</ele>
      </trkpt>
      <trkpt lat="35.55729" lon="127.52995000000001">
        <ele>326.48</ele>
      </trkpt>
      <trkpt lat="35.55742" lon="127.53004000000001">
        <ele>325.87000000000006</ele>
      </trkpt>
      <trkpt lat="35.557500000000005" lon="127.53026000000001">
        <ele>325.45</ele>
      </trkpt>
      <trkpt lat="35.55753" lon="127.53057000000001">
        <ele>325.01</ele>
      </trkpt>
      <trkpt lat="35.55774" lon="127.53083000000001">
        <ele>324.74</ele>
      </trkpt>
      <trkpt lat="35.55825" lon="127.53116000000001">
        <ele>324.66</ele>
      </trkpt>
      <trkpt lat="35.5587" lon="127.53124000000001">
        <ele>324.76000000000005</ele>
      </trkpt>
      <trkpt lat="35.558910000000004" lon="127.53126000000002">
        <ele>324.76000000000005</ele>
      </trkpt>
      <trkpt lat="35.55923" lon="127.53118">
        <ele>324.5</ele>
      </trkpt>
      <trkpt lat="35.559380000000004" lon="127.53123000000001">
        <ele>324.38</ele>
      </trkpt>
      <trkpt lat="35.559490000000004" lon="127.53137000000001">
        <ele>324.01</ele>
      </trkpt>
      <trkpt lat="35.559610000000006" lon="127.53171">
        <ele>323.91</ele>
      </trkpt>
      <trkpt lat="35.559760000000004" lon="127.53186000000001">
        <ele>323.70000000000005</ele>
      </trkpt>
      <trkpt lat="35.560320000000004" lon="127.53232000000001">
        <ele>323.26000000000005</ele>
      </trkpt>
      <trkpt lat="35.560790000000004" lon="127.53299000000001">
        <ele>323.77</ele>
      </trkpt>
      <trkpt lat="35.56118000090168" lon="127.53342999797438">
        <ele>324.11</ele>
      </trkpt>
      <trkpt lat="35.56157" lon="127.53387000000001">
        <ele>325.28000000000003</ele>
      </trkpt>
      <trkpt lat="35.56185" lon="127.53444">
        <ele>326.32</ele>
      </trkpt>
      <trkpt lat="35.56226" lon="127.53518000000001">
        <ele>330.75000000000006</ele>
      </trkpt>
      <trkpt lat="35.5625" lon="127.53531000000001">
        <ele>332.13000000000005</ele>
      </trkpt>
      <trkpt lat="35.56289" lon="127.53534">
        <ele>333.35</ele>
      </trkpt>
      <trkpt lat="35.56302" lon="127.53540000000001">
        <ele>332.9800000000001</ele>
      </trkpt>
      <trkpt lat="35.563140000000004" lon="127.53563000000001">
        <ele>331.28000000000003</ele>
      </trkpt>
      <trkpt lat="35.563140000000004" lon="127.53595000000001">
        <ele>330.23</ele>
      </trkpt>
      <trkpt lat="35.562990000000006" lon="127.53614000000002">
        <ele>329.47</ele>
      </trkpt>
      <trkpt lat="35.562720000000006" lon="127.53638000000001">
        <ele>328.77</ele>
      </trkpt>
      <trkpt lat="35.56264" lon="127.53657000000001">
        <ele>328.1</ele>
      </trkpt>
      <trkpt lat="35.562780001132154" lon="127.537094999061">
        <ele>327.31000000000006</ele>
      </trkpt>
      <trkpt lat="35.562920000000005" lon="127.53762">
        <ele>326.45</ele>
      </trkpt>
      <trkpt lat="35.562920000000005" lon="127.53761000000002">
        <ele>326.45</ele>
      </trkpt>
      <trkpt lat="35.56298" lon="127.53781000000001">
        <ele>326.48</ele>
      </trkpt>
      <trkpt lat="35.563105003507054" lon="127.53873499836783">
        <ele>326.68</ele>
      </trkpt>
      <trkpt lat="35.563230000000004" lon="127.53966000000001">
        <ele>327.42</ele>
      </trkpt>
      <trkpt lat="35.56338" lon="127.54017">
        <ele>327.84000000000003</ele>
      </trkpt>
      <trkpt lat="35.56364" lon="127.54060000000001">
        <ele>328.07</ele>
      </trkpt>
      <trkpt lat="35.56382500342645" lon="127.54151499773813">
        <ele>328.45</ele>
      </trkpt>
      <trkpt lat="35.56401" lon="127.54243000000001">
        <ele>328.26000000000005</ele>
      </trkpt>
      <trkpt lat="35.564155002961044" lon="127.543279998333">
        <ele>329.84000000000003</ele>
      </trkpt>
      <trkpt lat="35.5643" lon="127.54413000000001">
        <ele>334.28000000000003</ele>
      </trkpt>
      <trkpt lat="35.564350000000005" lon="127.54475000000001">
        <ele>337.49</ele>
      </trkpt>
      <trkpt lat="35.56443" lon="127.54500000000002">
        <ele>338.03000000000003</ele>
      </trkpt>
      <trkpt lat="35.564910000000005" lon="127.54553000000001">
        <ele>337.86000000000007</ele>
      </trkpt>
      <trkpt lat="35.56516000080711" lon="127.54600499828162">
        <ele>338.29</ele>
      </trkpt>
      <trkpt lat="35.56541" lon="127.54648000000002">
        <ele>338.32</ele>
      </trkpt>
      <trkpt lat="35.5656" lon="127.54710000000001">
        <ele>339.0</ele>
      </trkpt>
      <trkpt lat="35.56579" lon="127.54759000000001">
        <ele>337.64000000000004</ele>
      </trkpt>
      <trkpt lat="35.566190000000006" lon="127.54822000000001">
        <ele>331.59000000000003</ele>
      </trkpt>
      <trkpt lat="35.56633" lon="127.54894000000002">
        <ele>329.23</ele>
      </trkpt>
      <trkpt lat="35.566280000000006" lon="127.54966000000002">
        <ele>329.15000000000003</ele>
      </trkpt>
      <trkpt lat="35.56627" lon="127.55024000000002">
        <ele>329.75000000000006</ele>
      </trkpt>
      <trkpt lat="35.56633" lon="127.5507">
        <ele>330.44</ele>
      </trkpt>
      <trkpt lat="35.56627" lon="127.55088">
        <ele>330.40000000000003</ele>
      </trkpt>
      <trkpt lat="35.56589000123623" lon="127.5514350026839">
        <ele>330.22</ele>
      </trkpt>
      <trkpt lat="35.56551" lon="127.55199">
        <ele>330.21</ele>
      </trkpt>
      <trkpt lat="35.56541" lon="127.55225000000002">
        <ele>330.07000000000005</ele>
      </trkpt>
      <trkpt lat="35.565290000000005" lon="127.55311">
        <ele>330.36</ele>
      </trkpt>
      <trkpt lat="35.565220000000004" lon="127.55369000000002">
        <ele>330.27</ele>
      </trkpt>
      <trkpt lat="35.56524" lon="127.55442000000001">
        <ele>332.41</ele>
      </trkpt>
      <trkpt lat="35.565470000000005" lon="127.55518000000001">
        <ele>334.74</ele>
      </trkpt>
      <trkpt lat="35.56587000179181" lon="127.55584999655221">
        <ele>336.31000000000006</ele>
      </trkpt>
      <trkpt lat="35.56627" lon="127.55652">
        <ele>337.71</ele>
      </trkpt>
      <trkpt lat="35.56638" lon="127.55680000000001">
        <ele>339.09</ele>
      </trkpt>
      <trkpt lat="35.56595" lon="127.55692">
        <ele>338.85</ele>
      </trkpt>
      <trkpt lat="35.56577" lon="127.55686000000001">
        <ele>338.75000000000006</ele>
      </trkpt>
      <trkpt lat="35.56568" lon="127.55678">
        <ele>338.75000000000006</ele>
      </trkpt>
      <trkpt lat="35.56525000206764" lon="127.55607499624233">
        <ele>337.71</ele>
      </trkpt>
      <trkpt lat="35.564820000000005" lon="127.55537000000001">
        <ele>336.52000000000004</ele>
      </trkpt>
      <trkpt lat="35.5643900019171" lon="127.55468499629211">
        <ele>335.13000000000005</ele>
      </trkpt>
      <trkpt lat="35.56396" lon="127.55400000000002">
        <ele>334.3</ele>
      </trkpt>
      <trkpt lat="35.56383" lon="127.55367000000001">
        <ele>334.02000000000004</ele>
      </trkpt>
      <trkpt lat="35.563770000000005" lon="127.55348000000001">
        <ele>333.86</ele>
      </trkpt>
      <trkpt lat="35.563570000000006" lon="127.55358000000001">
        <ele>333.86</ele>
      </trkpt>
      <trkpt lat="35.563410000000005" lon="127.55358000000001">
        <ele>333.86</ele>
      </trkpt>
      <trkpt lat="35.563190000000006" lon="127.55361">
        <ele>336.98</ele>
      </trkpt>
      <trkpt lat="35.563100000000006" lon="127.55357000000001">
        <ele>336.98</ele>
      </trkpt>
      <trkpt lat="35.56302" lon="127.55350000000001">
        <ele>336.98</ele>
      </trkpt>
      <trkpt lat="35.56277" lon="127.55353000000001">
        <ele>336.98</ele>
      </trkpt>
      <trkpt lat="35.56259" lon="127.55349000000001">
        <ele>336.98</ele>
      </trkpt>
      <trkpt lat="35.562490000000004" lon="127.55351000000002">
        <ele>336.98</ele>
      </trkpt>
      <trkpt lat="35.56237" lon="127.55358000000001">
        <ele>336.98</ele>
      </trkpt>
      <trkpt lat="35.56217" lon="127.55351000000002">
        <ele>336.98</ele>
      </trkpt>
      <trkpt lat="35.561910000000005" lon="127.55347">
        <ele>342.99</ele>
      </trkpt>
      <trkpt lat="35.56152" lon="127.55352">
        <ele>342.99</ele>
      </trkpt>
      <trkpt lat="35.56121" lon="127.55340000000001">
        <ele>342.99</ele>
      </trkpt>
      <trkpt lat="35.56064" lon="127.55422000000002">
        <ele>347.09</ele>
      </trkpt>
      <trkpt lat="35.560340000000004" lon="127.55471000000001">
        <ele>349.39000000000004</ele>
      </trkpt>
      <trkpt lat="35.560030000000005" lon="127.55514000000001">
        <ele>351.58</ele>
      </trkpt>
      <trkpt lat="35.55979" lon="127.55536000000001">
        <ele>352.13000000000005</ele>
      </trkpt>
      <trkpt lat="35.55969" lon="127.55551000000001">
        <ele>352.38</ele>
      </trkpt>
      <trkpt lat="35.55955" lon="127.55586000000001">
        <ele>353.56000000000006</ele>
      </trkpt>
      <trkpt lat="35.559360000000005" lon="127.55676000000001">
        <ele>357.69</ele>
      </trkpt>
      <trkpt lat="35.55935" lon="127.55709000000002">
        <ele>359.35</ele>
      </trkpt>
      <trkpt lat="35.55931" lon="127.55738000000001">
        <ele>360.79</ele>
      </trkpt>
      <trkpt lat="35.55923" lon="127.55761000000001">
        <ele>361.76</ele>
      </trkpt>
      <trkpt lat="35.55899" lon="127.55807000000001">
        <ele>366.32000000000005</ele>
      </trkpt>
      <trkpt lat="35.558820000000004" lon="127.55844">
        <ele>369.43</ele>
      </trkpt>
      <trkpt lat="35.558800000000005" lon="127.55872000000001">
        <ele>370.48</ele>
      </trkpt>
      <trkpt lat="35.55865" lon="127.55913000000001">
        <ele>372.21000000000004</ele>
      </trkpt>
      <trkpt lat="35.55857" lon="127.55922000000001">
        <ele>372.94000000000005</ele>
      </trkpt>
      <trkpt lat="35.55832" lon="127.55942000000002">
        <ele>374.22</ele>
      </trkpt>
      <trkpt lat="35.55801" lon="127.55991000000002">
        <ele>376.66</ele>
      </trkpt>
      <trkpt lat="35.55783500114861" lon="127.56042500096653">
        <ele>378.13</ele>
      </trkpt>
      <trkpt lat="35.557660000000006" lon="127.56094000000002">
        <ele>381.32000000000005</ele>
      </trkpt>
      <trkpt lat="35.557550000000006" lon="127.56113">
        <ele>382.36</ele>
      </trkpt>
      <trkpt lat="35.55718" lon="127.56150000000001">
        <ele>385.19</ele>
      </trkpt>
      <trkpt lat="35.55689" lon="127.56173000000001">
        <ele>387.18</ele>
      </trkpt>
      <trkpt lat="35.556830000000005" lon="127.56188000000002">
        <ele>388.33</ele>
      </trkpt>
      <trkpt lat="35.55679" lon="127.56212000000001">
        <ele>389.24</ele>
      </trkpt>
      <trkpt lat="35.556740000000005" lon="127.56229">
        <ele>390.53000000000003</ele>
      </trkpt>
      <trkpt lat="35.556760000000004" lon="127.56264000000002">
        <ele>394.18</ele>
      </trkpt>
      <trkpt lat="35.5568" lon="127.56281000000001">
        <ele>394.85</ele>
      </trkpt>
      <trkpt lat="35.55682" lon="127.56311000000001">
        <ele>396.88</ele>
      </trkpt>
      <trkpt lat="35.55678" lon="127.56322000000002">
        <ele>397.57000000000005</ele>
      </trkpt>
      <trkpt lat="35.55664" lon="127.56343000000001">
        <ele>398.89</ele>
      </trkpt>
      <trkpt lat="35.556580000000004" lon="127.56358000000002">
        <ele>401.97</ele>
      </trkpt>
      <trkpt lat="35.5565" lon="127.56370000000001">
        <ele>402.43</ele>
      </trkpt>
      <trkpt lat="35.556450000000005" lon="127.56394000000002">
        <ele>403.72</ele>
      </trkpt>
      <trkpt lat="35.55641" lon="127.56425000000002">
        <ele>405.13000000000005</ele>
      </trkpt>
      <trkpt lat="35.556520000000006" lon="127.56486000000001">
        <ele>408.93</ele>
      </trkpt>
      <trkpt lat="35.556540000000005" lon="127.56513000000001">
        <ele>417.01000000000005</ele>
      </trkpt>
      <trkpt lat="35.55653" lon="127.5656">
        <ele>424.87</ele>
      </trkpt>
      <trkpt lat="35.55653" lon="127.56561">
        <ele>424.87</ele>
      </trkpt>
      <trkpt lat="35.556520000000006" lon="127.56580000000001">
        <ele>427.48</ele>
      </trkpt>
      <trkpt lat="35.556450000000005" lon="127.56600000000002">
        <ele>429.88000000000005</ele>
      </trkpt>
      <trkpt lat="35.556400000000004" lon="127.56636000000002">
        <ele>433.88000000000005</ele>
      </trkpt>
      <trkpt lat="35.55639" lon="127.56668">
        <ele>436.87</ele>
      </trkpt>
      <trkpt lat="35.5563" lon="127.56693000000001">
        <ele>438.74</ele>
      </trkpt>
      <trkpt lat="35.556200000000004" lon="127.56703000000002">
        <ele>439.36</ele>
      </trkpt>
      <trkpt lat="35.55608" lon="127.56706000000001">
        <ele>440.49000000000007</ele>
      </trkpt>
      <trkpt lat="35.555960000000006" lon="127.56704">
        <ele>442.1700000000001</ele>
      </trkpt>
      <trkpt lat="35.55585" lon="127.56693000000001">
        <ele>443.87000000000006</ele>
      </trkpt>
      <trkpt lat="35.55576" lon="127.56674000000001">
        <ele>448.47</ele>
      </trkpt>
      <trkpt lat="35.555690000000006" lon="127.56654">
        <ele>452.45</ele>
      </trkpt>
      <trkpt lat="35.55566" lon="127.56632">
        <ele>455.0</ele>
      </trkpt>
      <trkpt lat="35.555600000000005" lon="127.56624000000001">
        <ele>455.0</ele>
      </trkpt>
      <trkpt lat="35.555600000000005" lon="127.56589000000001">
        <ele>456.95</ele>
      </trkpt>
      <trkpt lat="35.555640000000004" lon="127.56567000000001">
        <ele>459.06</ele>
      </trkpt>
      <trkpt lat="35.555640000000004" lon="127.56543">
        <ele>460.36</ele>
      </trkpt>
      <trkpt lat="35.55556" lon="127.56529">
        <ele>460.75000000000006</ele>
      </trkpt>
      <trkpt lat="35.555400000000006" lon="127.56512000000001">
        <ele>461.61</ele>
      </trkpt>
      <trkpt lat="35.55541" lon="127.56499000000001">
        <ele>462.15000000000003</ele>
      </trkpt>
      <trkpt lat="35.555460000000004" lon="127.56483000000001">
        <ele>464.0</ele>
      </trkpt>
      <trkpt lat="35.55547" lon="127.56462">
        <ele>465.20000000000005</ele>
      </trkpt>
      <trkpt lat="35.555420000000005" lon="127.56436000000001">
        <ele>466.99</ele>
      </trkpt>
      <trkpt lat="35.55532" lon="127.56419000000001">
        <ele>467.43</ele>
      </trkpt>
      <trkpt lat="35.555170000000004" lon="127.56408">
        <ele>468.18</ele>
      </trkpt>
      <trkpt lat="35.55509" lon="127.56393000000001">
        <ele>468.94</ele>
      </trkpt>
      <trkpt lat="35.55518" lon="127.56366000000001">
        <ele>470.73</ele>
      </trkpt>
      <trkpt lat="35.55516" lon="127.56357000000001">
        <ele>470.93</ele>
      </trkpt>
      <trkpt lat="35.55487" lon="127.56316000000001">
        <ele>466.68</ele>
      </trkpt>
      <trkpt lat="35.554550000000006" lon="127.56304000000002">
        <ele>465.69000000000005</ele>
      </trkpt>
      <trkpt lat="35.55418" lon="127.56285000000001">
        <ele>468.38</ele>
      </trkpt>
      <trkpt lat="35.553560000000004" lon="127.5627">
        <ele>474.0</ele>
      </trkpt>
      <trkpt lat="35.55317" lon="127.56255000000002">
        <ele>479.81</ele>
      </trkpt>
      <trkpt lat="35.553020000000004" lon="127.56246000000002">
        <ele>479.81</ele>
      </trkpt>
      <trkpt lat="35.5529" lon="127.56245000000001">
        <ele>482.9700000000001</ele>
      </trkpt>
      <trkpt lat="35.55252" lon="127.56248000000001">
        <ele>486.08</ele>
      </trkpt>
      <trkpt lat="35.55196" lon="127.56247">
        <ele>494.20000000000005</ele>
      </trkpt>
      <trkpt lat="35.551930000000006" lon="127.56252">
        <ele>494.20000000000005</ele>
      </trkpt>
      <trkpt lat="35.55198" lon="127.56259000000001">
        <ele>494.77000000000004</ele>
      </trkpt>
      <trkpt lat="35.552110000000006" lon="127.56269">
        <ele>495.77000000000004</ele>
      </trkpt>
      <trkpt lat="35.552200000000006" lon="127.56280000000001">
        <ele>497.58</ele>
      </trkpt>
      <trkpt lat="35.55219" lon="127.56286000000001">
        <ele>497.58</ele>
      </trkpt>
      <trkpt lat="35.55212" lon="127.56289000000001">
        <ele>498.72</ele>
      </trkpt>
      <trkpt lat="35.55189" lon="127.56281000000001">
        <ele>502.61</ele>
      </trkpt>
      <trkpt lat="35.55169" lon="127.56279">
        <ele>504.77000000000004</ele>
      </trkpt>
      <trkpt lat="35.55131" lon="127.56295000000001">
        <ele>507.68</ele>
      </trkpt>
      <trkpt lat="35.55098" lon="127.56300000000002">
        <ele>512.41</ele>
      </trkpt>
      <trkpt lat="35.550900000000006" lon="127.56308000000001">
        <ele>512.98</ele>
      </trkpt>
      <trkpt lat="35.550920000000005" lon="127.56317000000001">
        <ele>513.97</ele>
      </trkpt>
      <trkpt lat="35.551300000000005" lon="127.56322000000002">
        <ele>517.07</ele>
      </trkpt>
      <trkpt lat="35.551350000000006" lon="127.56327000000002">
        <ele>517.54</ele>
      </trkpt>
      <trkpt lat="35.551300000000005" lon="127.56337">
        <ele>519.1600000000001</ele>
      </trkpt>
      <trkpt lat="35.551080000000006" lon="127.56337">
        <ele>521.3100000000001</ele>
      </trkpt>
      <trkpt lat="35.550850000000004" lon="127.56340000000002">
        <ele>522.72</ele>
      </trkpt>
      <trkpt lat="35.55035" lon="127.56358000000002">
        <ele>529.61</ele>
      </trkpt>
      <trkpt lat="35.54983" lon="127.56394000000002">
        <ele>534.99</ele>
      </trkpt>
      <trkpt lat="35.54975" lon="127.56391">
        <ele>536.48</ele>
      </trkpt>
      <trkpt lat="35.549670000000006" lon="127.56381">
        <ele>536.48</ele>
      </trkpt>
      <trkpt lat="35.5497" lon="127.56368">
        <ele>537.6500000000001</ele>
      </trkpt>
      <trkpt lat="35.54988" lon="127.56329000000001">
        <ele>540.62</ele>
      </trkpt>
      <trkpt lat="35.54981" lon="127.56316000000001">
        <ele>543.1100000000001</ele>
      </trkpt>
      <trkpt lat="35.549530000000004" lon="127.56304000000002">
        <ele>545.8100000000001</ele>
      </trkpt>
      <trkpt lat="35.549420000000005" lon="127.56296">
        <ele>546.09</ele>
      </trkpt>
      <trkpt lat="35.54941" lon="127.56278">
        <ele>547.0500000000001</ele>
      </trkpt>
      <trkpt lat="35.549490000000006" lon="127.56260000000002">
        <ele>548.2600000000001</ele>
      </trkpt>
      <trkpt lat="35.54966" lon="127.56244000000001">
        <ele>550.73</ele>
      </trkpt>
      <trkpt lat="35.54966" lon="127.56238">
        <ele>550.73</ele>
      </trkpt>
      <trkpt lat="35.54959" lon="127.56237000000002">
        <ele>552.48</ele>
      </trkpt>
      <trkpt lat="35.54943" lon="127.56245000000001">
        <ele>554.1</ele>
      </trkpt>
      <trkpt lat="35.549220000000005" lon="127.56250000000001">
        <ele>555.48</ele>
      </trkpt>
      <trkpt lat="35.549130000000005" lon="127.56256">
        <ele>556.35</ele>
      </trkpt>
      <trkpt lat="35.549040000000005" lon="127.56278">
        <ele>558.91</ele>
      </trkpt>
      <trkpt lat="35.54899" lon="127.56306000000001">
        <ele>562.4</ele>
      </trkpt>
      <trkpt lat="35.54899" lon="127.56333000000001">
        <ele>564.0</ele>
      </trkpt>
      <trkpt lat="35.54887" lon="127.56366000000001">
        <ele>567.0500000000001</ele>
      </trkpt>
      <trkpt lat="35.548880000000004" lon="127.56380000000001">
        <ele>567.84</ele>
      </trkpt>
      <trkpt lat="35.54901" lon="127.56407000000002">
        <ele>570.03</ele>
      </trkpt>
      <trkpt lat="35.549" lon="127.56420000000001">
        <ele>572.5600000000001</ele>
      </trkpt>
      <trkpt lat="35.548790000000004" lon="127.56430000000002">
        <ele>574.55</ele>
      </trkpt>
      <trkpt lat="35.54865" lon="127.56443000000002">
        <ele>576.3900000000001</ele>
      </trkpt>
      <trkpt lat="35.548590000000004" lon="127.5648">
        <ele>580.9000000000001</ele>
      </trkpt>
      <trkpt lat="35.5482" lon="127.56517000000001">
        <ele>585.45</ele>
      </trkpt>
      <trkpt lat="35.54811" lon="127.56541000000001">
        <ele>589.3900000000001</ele>
      </trkpt>
      <trkpt lat="35.54807" lon="127.56564000000002">
        <ele>590.94</ele>
      </trkpt>
      <trkpt lat="35.548100000000005" lon="127.56576000000001">
        <ele>590.94</ele>
      </trkpt>
      <trkpt lat="35.548210000000005" lon="127.56587">
        <ele>594.37</ele>
      </trkpt>
      <trkpt lat="35.5484" lon="127.56589000000001">
        <ele>595.2900000000001</ele>
      </trkpt>
      <trkpt lat="35.54872" lon="127.56586000000001">
        <ele>598.31</ele>
      </trkpt>
      <trkpt lat="35.548950000000005" lon="127.56597000000001">
        <ele>599.87</ele>
      </trkpt>
      <trkpt lat="35.54907" lon="127.56597000000001">
        <ele>601.2</ele>
      </trkpt>
      <trkpt lat="35.549240000000005" lon="127.56589000000001">
        <ele>603.59</ele>
      </trkpt>
      <trkpt lat="35.549290000000006" lon="127.56597000000001">
        <ele>603.59</ele>
      </trkpt>
      <trkpt lat="35.54928" lon="127.56606000000001">
        <ele>606.13</ele>
      </trkpt>
      <trkpt lat="35.549130000000005" lon="127.56619">
        <ele>607.2700000000001</ele>
      </trkpt>
      <trkpt lat="35.54896" lon="127.56620000000001">
        <ele>609.82</ele>
      </trkpt>
      <trkpt lat="35.54871" lon="127.56612000000001">
        <ele>613.32</ele>
      </trkpt>
      <trkpt lat="35.54858" lon="127.56619">
        <ele>614.3000000000001</ele>
      </trkpt>
      <trkpt lat="35.54843" lon="127.56621000000001">
        <ele>616.11</ele>
      </trkpt>
      <trkpt lat="35.54834" lon="127.56627000000002">
        <ele>618.29</ele>
      </trkpt>
      <trkpt lat="35.548100000000005" lon="127.56651000000001">
        <ele>621.0</ele>
      </trkpt>
      <trkpt lat="35.54784" lon="127.56664">
        <ele>625.8800000000001</ele>
      </trkpt>
      <trkpt lat="35.54766" lon="127.56669000000001">
        <ele>627.7900000000001</ele>
      </trkpt>
      <trkpt lat="35.54768" lon="127.56669000000001">
        <ele>627.7900000000001</ele>
      </trkpt>
      <trkpt lat="35.547630000000005" lon="127.56671000000001">
        <ele>627.7900000000001</ele>
      </trkpt>
      <trkpt lat="35.54755" lon="127.56665000000001">
        <ele>629.62</ele>
      </trkpt>
      <trkpt lat="35.547470000000004" lon="127.56646">
        <ele>632.38</ele>
      </trkpt>
      <trkpt lat="35.54744" lon="127.56644000000001">
        <ele>633.24</ele>
      </trkpt>
      <trkpt lat="35.54737" lon="127.56653000000001">
        <ele>635.05</ele>
      </trkpt>
      <trkpt lat="35.54749" lon="127.56708">
        <ele>644.1</ele>
      </trkpt>
      <trkpt lat="35.54744" lon="127.56713">
        <ele>644.1</ele>
      </trkpt>
      <trkpt lat="35.54737" lon="127.56710000000001">
        <ele>645.4100000000001</ele>
      </trkpt>
      <trkpt lat="35.54724" lon="127.56692000000001">
        <ele>647.97</ele>
      </trkpt>
      <trkpt lat="35.547160000000005" lon="127.56668">
        <ele>649.6200000000001</ele>
      </trkpt>
      <trkpt lat="35.54715" lon="127.56651000000001">
        <ele>652.11</ele>
      </trkpt>
      <trkpt lat="35.547200000000004" lon="127.56622000000002">
        <ele>655.58</ele>
      </trkpt>
      <trkpt lat="35.547160000000005" lon="127.5661">
        <ele>656.4000000000001</ele>
      </trkpt>
      <trkpt lat="35.54711" lon="127.56611000000001">
        <ele>659.0600000000001</ele>
      </trkpt>
      <trkpt lat="35.546890000000005" lon="127.56677">
        <ele>666.15</ele>
      </trkpt>
      <trkpt lat="35.546760000000006" lon="127.56738000000001">
        <ele>671.08</ele>
      </trkpt>
      <trkpt lat="35.54677" lon="127.56751000000001">
        <ele>672.0</ele>
      </trkpt>
      <trkpt lat="35.546820000000004" lon="127.56763000000001">
        <ele>673.32</ele>
      </trkpt>
      <trkpt lat="35.54688" lon="127.56771">
        <ele>674.72</ele>
      </trkpt>
      <trkpt lat="35.54712" lon="127.56769000000001">
        <ele>676.18</ele>
      </trkpt>
      <trkpt lat="35.547340000000005" lon="127.56770000000002">
        <ele>679.01</ele>
      </trkpt>
      <trkpt lat="35.54742" lon="127.56779000000002">
        <ele>679.32</ele>
      </trkpt>
      <trkpt lat="35.54751" lon="127.56812000000001">
        <ele>682.24</ele>
      </trkpt>
      <trkpt lat="35.54746" lon="127.56817000000001">
        <ele>682.24</ele>
      </trkpt>
      <trkpt lat="35.547380000000004" lon="127.56804000000001">
        <ele>685.1600000000001</ele>
      </trkpt>
      <trkpt lat="35.547320000000006" lon="127.56789">
        <ele>686.24</ele>
      </trkpt>
      <trkpt lat="35.54726" lon="127.56785">
        <ele>687.23</ele>
      </trkpt>
      <trkpt lat="35.547090000000004" lon="127.56793">
        <ele>688.4800000000001</ele>
      </trkpt>
      <trkpt lat="35.546940000000006" lon="127.56804000000001">
        <ele>690.1400000000001</ele>
      </trkpt>
      <trkpt lat="35.546820000000004" lon="127.56822000000001">
        <ele>690.82</ele>
      </trkpt>
      <trkpt lat="35.54675" lon="127.56842000000002">
        <ele>691.6800000000001</ele>
      </trkpt>
      <trkpt lat="35.546690000000005" lon="127.56850000000001">
        <ele>691.89</ele>
      </trkpt>
      <trkpt lat="35.546600000000005" lon="127.56848000000001">
        <ele>692.69</ele>
      </trkpt>
      <trkpt lat="35.546400000000006" lon="127.56840000000001">
        <ele>694.47</ele>
      </trkpt>
      <trkpt lat="35.546310000000005" lon="127.56842000000002">
        <ele>695.08</ele>
      </trkpt>
      <trkpt lat="35.54628" lon="127.56850000000001">
        <ele>697.07</ele>
      </trkpt>
      <trkpt lat="35.54634" lon="127.56864000000002">
        <ele>699.46</ele>
      </trkpt>
      <trkpt lat="35.54648" lon="127.56877000000001">
        <ele>702.71</ele>
      </trkpt>
      <trkpt lat="35.54656" lon="127.56888000000001">
        <ele>703.3000000000001</ele>
      </trkpt>
      <trkpt lat="35.546510000000005" lon="127.56896">
        <ele>703.82</ele>
      </trkpt>
      <trkpt lat="35.546400000000006" lon="127.56897000000001">
        <ele>704.83</ele>
      </trkpt>
      <trkpt lat="35.54628" lon="127.56889000000001">
        <ele>705.0400000000001</ele>
      </trkpt>
      <trkpt lat="35.5461" lon="127.56864000000002">
        <ele>706.9300000000001</ele>
      </trkpt>
      <trkpt lat="35.546020000000006" lon="127.56861">
        <ele>706.9300000000001</ele>
      </trkpt>
      <trkpt lat="35.54598" lon="127.56877000000001">
        <ele>707.76</ele>
      </trkpt>
      <trkpt lat="35.54603" lon="127.56889000000001">
        <ele>708.13</ele>
      </trkpt>
      <trkpt lat="35.546200000000006" lon="127.56911000000001">
        <ele>710.6</ele>
      </trkpt>
      <trkpt lat="35.546350000000004" lon="127.56920000000001">
        <ele>711.22</ele>
      </trkpt>
      <trkpt lat="35.546710000000004" lon="127.56914">
        <ele>714.52</ele>
      </trkpt>
      <trkpt lat="35.54684" lon="127.56926000000001">
        <ele>715.1</ele>
      </trkpt>
      <trkpt lat="35.546910000000004" lon="127.56927000000002">
        <ele>715.5300000000001</ele>
      </trkpt>
      <trkpt lat="35.54704" lon="127.56915000000001">
        <ele>716.1800000000001</ele>
      </trkpt>
      <trkpt lat="35.547140000000006" lon="127.56909000000002">
        <ele>716.1800000000001</ele>
      </trkpt>
      <trkpt lat="35.547250000000005" lon="127.56914">
        <ele>716.5600000000001</ele>
      </trkpt>
      <trkpt lat="35.547470000000004" lon="127.56932">
        <ele>717.35</ele>
      </trkpt>
      <trkpt lat="35.547630000000005" lon="127.56930000000001">
        <ele>717.1200000000001</ele>
      </trkpt>
      <trkpt lat="35.54773" lon="127.56919">
        <ele>716.4200000000001</ele>
      </trkpt>
      <trkpt lat="35.547900000000006" lon="127.56881000000001">
        <ele>716.84</ele>
      </trkpt>
      <trkpt lat="35.54804" lon="127.56880000000001">
        <ele>718.26</ele>
      </trkpt>
      <trkpt lat="35.5482" lon="127.56887">
        <ele>721.0300000000001</ele>
      </trkpt>
      <trkpt lat="35.54838" lon="127.56885000000001">
        <ele>724.2700000000001</ele>
      </trkpt>
      <trkpt lat="35.54843" lon="127.56888000000001">
        <ele>725.0600000000001</ele>
      </trkpt>
      <trkpt lat="35.548390000000005" lon="127.56895000000002">
        <ele>725.8100000000001</ele>
      </trkpt>
      <trkpt lat="35.54809" lon="127.56914">
        <ele>730.75</ele>
      </trkpt>
      <trkpt lat="35.547790000000006" lon="127.56967000000002">
        <ele>735.71</ele>
      </trkpt>
      <trkpt lat="35.54755" lon="127.56984000000001">
        <ele>737.8800000000001</ele>
      </trkpt>
      <trkpt lat="35.54731" lon="127.56971000000001">
        <ele>740.46</ele>
      </trkpt>
      <trkpt lat="35.547250000000005" lon="127.56972">
        <ele>740.46</ele>
      </trkpt>
      <trkpt lat="35.547050000000006" lon="127.56995">
        <ele>746.24</ele>
      </trkpt>
      <trkpt lat="35.54681" lon="127.57006000000001">
        <ele>749.1500000000001</ele>
      </trkpt>
      <trkpt lat="35.546850000000006" lon="127.57012000000002">
        <ele>749.68</ele>
      </trkpt>
      <trkpt lat="35.54726" lon="127.56998000000002">
        <ele>754.73</ele>
      </trkpt>
      <trkpt lat="35.54735" lon="127.57001000000001">
        <ele>755.5400000000001</ele>
      </trkpt>
      <trkpt lat="35.547360000000005" lon="127.57012000000002">
        <ele>755.9</ele>
      </trkpt>
      <trkpt lat="35.546980000000005" lon="127.5704">
        <ele>759.8300000000002</ele>
      </trkpt>
      <trkpt lat="35.546940000000006" lon="127.57060000000001">
        <ele>762.48</ele>
      </trkpt>
      <trkpt lat="35.546910000000004" lon="127.57090000000001">
        <ele>764.75</ele>
      </trkpt>
      <trkpt lat="35.54681" lon="127.57123000000001">
        <ele>765.3700000000001</ele>
      </trkpt>
      <trkpt lat="35.54679" lon="127.5721">
        <ele>764.5500000000001</ele>
      </trkpt>
      <trkpt lat="35.54684" lon="127.57229000000001">
        <ele>765.4399999999999</ele>
      </trkpt>
      <trkpt lat="35.54693" lon="127.57248000000001">
        <ele>768.0100000000001</ele>
      </trkpt>
      <trkpt lat="35.547200000000004" lon="127.57264">
        <ele>770.51</ele>
      </trkpt>
      <trkpt lat="35.547560000000004" lon="127.57274000000001">
        <ele>774.7600000000001</ele>
      </trkpt>
      <trkpt lat="35.54771" lon="127.57281">
        <ele>776.1300000000001</ele>
      </trkpt>
      <trkpt lat="35.547850000000004" lon="127.57297000000001">
        <ele>775.7400000000001</ele>
      </trkpt>
      <trkpt lat="35.547900000000006" lon="127.57315000000001">
        <ele>773.9200000000001</ele>
      </trkpt>
      <trkpt lat="35.54784" lon="127.57328000000001">
        <ele>773.07</ele>
      </trkpt>
      <trkpt lat="35.54769" lon="127.57346000000001">
        <ele>772.1500000000001</ele>
      </trkpt>
      <trkpt lat="35.54706" lon="127.57412000000001">
        <ele>779.5900000000001</ele>
      </trkpt>
      <trkpt lat="35.54704" lon="127.57427000000001">
        <ele>780.85</ele>
      </trkpt>
      <trkpt lat="35.54711" lon="127.57445000000001">
        <ele>782.24</ele>
      </trkpt>
      <trkpt lat="35.54746" lon="127.57502000000001">
        <ele>790.1</ele>
      </trkpt>
      <trkpt lat="35.54764" lon="127.57548000000001">
        <ele>796.9900000000001</ele>
      </trkpt>
      <trkpt lat="35.54764" lon="127.57553000000001">
        <ele>796.9900000000001</ele>
      </trkpt>
      <trkpt lat="35.54755" lon="127.57554">
        <ele>796.9900000000001</ele>
      </trkpt>
      <trkpt lat="35.547430000000006" lon="127.57542000000001">
        <ele>803.76</ele>
      </trkpt>
      <trkpt lat="35.547250000000005" lon="127.57509000000002">
        <ele>807.6700000000001</ele>
      </trkpt>
      <trkpt lat="35.547200000000004" lon="127.57517000000001">
        <ele>809.35</ele>
      </trkpt>
      <trkpt lat="35.54722" lon="127.57542000000001">
        <ele>814.4100000000001</ele>
      </trkpt>
      <trkpt lat="35.547320000000006" lon="127.57570000000001">
        <ele>818.0</ele>
      </trkpt>
      <trkpt lat="35.54744" lon="127.57596000000001">
        <ele>822.97</ele>
      </trkpt>
      <trkpt lat="35.54751" lon="127.57603000000002">
        <ele>826.0400000000001</ele>
      </trkpt>
      <trkpt lat="35.54749" lon="127.57608">
        <ele>826.0400000000001</ele>
      </trkpt>
      <trkpt lat="35.547410000000006" lon="127.57612000000002">
        <ele>828.9200000000001</ele>
      </trkpt>
      <trkpt lat="35.54726" lon="127.57612000000002">
        <ele>830.91</ele>
      </trkpt>
      <trkpt lat="35.547250000000005" lon="127.57624000000001">
        <ele>836.25</ele>
      </trkpt>
      <trkpt lat="35.547290000000004" lon="127.57633000000001">
        <ele>836.25</ele>
      </trkpt>
      <trkpt lat="35.54737" lon="127.57642000000001">
        <ele>839.1</ele>
      </trkpt>
      <trkpt lat="35.54748" lon="127.57648">
        <ele>840.6600000000001</ele>
      </trkpt>
      <trkpt lat="35.5478" lon="127.57646000000001">
        <ele>845.16</ele>
      </trkpt>
      <trkpt lat="35.54784" lon="127.57661000000002">
        <ele>846.9000000000001</ele>
      </trkpt>
      <trkpt lat="35.54778" lon="127.57684">
        <ele>847.6700000000001</ele>
      </trkpt>
      <trkpt lat="35.547700000000006" lon="127.57744000000001">
        <ele>853.5400000000001</ele>
      </trkpt>
      <trkpt lat="35.547740000000005" lon="127.57761">
        <ele>856.0300000000001</ele>
      </trkpt>
      <trkpt lat="35.54789" lon="127.57775000000001">
        <ele>859.72</ele>
      </trkpt>
      <trkpt lat="35.548120000000004" lon="127.57783">
        <ele>863.2900000000001</ele>
      </trkpt>
      <trkpt lat="35.548230000000004" lon="127.57791000000002">
        <ele>865.1200000000001</ele>
      </trkpt>
      <trkpt lat="35.548370000000006" lon="127.57813000000002">
        <ele>869.89</ele>
      </trkpt>
      <trkpt lat="35.54865" lon="127.57825000000001">
        <ele>873.8800000000001</ele>
      </trkpt>
      <trkpt lat="35.54907" lon="127.57829000000001">
        <ele>877.53</ele>
      </trkpt>
      <trkpt lat="35.54912" lon="127.57838000000001">
        <ele>878.2900000000001</ele>
      </trkpt>
      <trkpt lat="35.549080000000004" lon="127.57849000000002">
        <ele>878.97</ele>
      </trkpt>
      <trkpt lat="35.549" lon="127.57859">
        <ele>880.11</ele>
      </trkpt>
      <trkpt lat="35.54881" lon="127.57878000000001">
        <ele>881.35</ele>
      </trkpt>
      <trkpt lat="35.548550000000006" lon="127.57897000000001">
        <ele>883.82</ele>
      </trkpt>
      <trkpt lat="35.54836" lon="127.57915000000001">
        <ele>886.1700000000001</ele>
      </trkpt>
      <trkpt lat="35.548300000000005" lon="127.57933000000001">
        <ele>886.84</ele>
      </trkpt>
      <trkpt lat="35.54831" lon="127.57948">
        <ele>887.5200000000001</ele>
      </trkpt>
      <trkpt lat="35.548480000000005" lon="127.57970000000002">
        <ele>888.0500000000001</ele>
      </trkpt>
      <trkpt lat="35.54858" lon="127.57990000000001">
        <ele>887.34</ele>
      </trkpt>
      <trkpt lat="35.548790000000004" lon="127.58021000000001">
        <ele>884.3900000000001</ele>
      </trkpt>
      <trkpt lat="35.548970000000004" lon="127.58036000000001">
        <ele>883.82</ele>
      </trkpt>
      <trkpt lat="35.54918" lon="127.58044000000001">
        <ele>882.4200000000001</ele>
      </trkpt>
      <trkpt lat="35.549380000000006" lon="127.58048000000001">
        <ele>880.85</ele>
      </trkpt>
      <trkpt lat="35.54941" lon="127.58052">
        <ele>880.4200000000001</ele>
      </trkpt>
      <trkpt lat="35.5495" lon="127.5811">
        <ele>873.0600000000001</ele>
      </trkpt>
      <trkpt lat="35.54955" lon="127.58124000000001">
        <ele>872.09</ele>
      </trkpt>
      <trkpt lat="35.549580000000006" lon="127.58127">
        <ele>871.6700000000001</ele>
      </trkpt>
      <trkpt lat="35.5497" lon="127.58131000000002">
        <ele>871.0300000000001</ele>
      </trkpt>
      <trkpt lat="35.55004" lon="127.58130000000001">
        <ele>871.1200000000001</ele>
      </trkpt>
      <trkpt lat="35.55015" lon="127.58133000000001">
        <ele>872.0300000000001</ele>
      </trkpt>
      <trkpt lat="35.550320000000006" lon="127.58149000000002">
        <ele>872.9300000000001</ele>
      </trkpt>
      <trkpt lat="35.55064" lon="127.58185000000002">
        <ele>874.2800000000001</ele>
      </trkpt>
      <trkpt lat="35.5508" lon="127.58198000000002">
        <ele>876.11</ele>
      </trkpt>
      <trkpt lat="35.55088" lon="127.58210000000001">
        <ele>876.9000000000001</ele>
      </trkpt>
      <trkpt lat="35.551080000000006" lon="127.58256000000002">
        <ele>880.99</ele>
      </trkpt>
      <trkpt lat="35.55118" lon="127.58268000000001">
        <ele>882.1000000000001</ele>
      </trkpt>
      <trkpt lat="35.55144" lon="127.58273000000001">
        <ele>886.12</ele>
      </trkpt>
      <trkpt lat="35.551520000000004" lon="127.5828">
        <ele>887.0100000000001</ele>
      </trkpt>
      <trkpt lat="35.55171" lon="127.58308000000001">
        <ele>888.7800000000001</ele>
      </trkpt>
      <trkpt lat="35.55171" lon="127.58317000000001">
        <ele>889.0000000000001</ele>
      </trkpt>
      <trkpt lat="35.55151" lon="127.5832">
        <ele>888.38</ele>
      </trkpt>
      <trkpt lat="35.55145" lon="127.58322000000001">
        <ele>888.1700000000001</ele>
      </trkpt>
      <trkpt lat="35.551460000000006" lon="127.58321000000001">
        <ele>888.1700000000001</ele>
      </trkpt>
      <trkpt lat="35.55144" lon="127.58323000000001">
        <ele>888.02</ele>
      </trkpt>
      <trkpt lat="35.55136" lon="127.58336000000001">
        <ele>886.45</ele>
      </trkpt>
      <trkpt lat="35.55127" lon="127.58377000000002">
        <ele>880.2700000000001</ele>
      </trkpt>
      <trkpt lat="35.55124" lon="127.58379000000001">
        <ele>880.2700000000001</ele>
      </trkpt>
      <trkpt lat="35.5512" lon="127.58379000000001">
        <ele>880.2700000000001</ele>
      </trkpt>
      <trkpt lat="35.55116" lon="127.58376000000001">
        <ele>876.7800000000001</ele>
      </trkpt>
      <trkpt lat="35.550900000000006" lon="127.58325">
        <ele>871.7</ele>
      </trkpt>
      <trkpt lat="35.55062" lon="127.58295000000001">
        <ele>870.2</ele>
      </trkpt>
      <trkpt lat="35.55055" lon="127.5828">
        <ele>869.3900000000001</ele>
      </trkpt>
      <trkpt lat="35.550450000000005" lon="127.58243000000002">
        <ele>867.57</ele>
      </trkpt>
      <trkpt lat="35.55035" lon="127.58225000000002">
        <ele>866.1200000000001</ele>
      </trkpt>
      <trkpt lat="35.55024" lon="127.58213">
        <ele>865.0300000000001</ele>
      </trkpt>
      <trkpt lat="35.55003" lon="127.58195">
        <ele>863.9300000000001</ele>
      </trkpt>
      <trkpt lat="35.54937" lon="127.58163">
        <ele>861.1700000000001</ele>
      </trkpt>
      <trkpt lat="35.54903" lon="127.58125000000001">
        <ele>858.7800000000001</ele>
      </trkpt>
      <trkpt lat="35.548930000000006" lon="127.58121000000001">
        <ele>857.86</ele>
      </trkpt>
      <trkpt lat="35.548840000000006" lon="127.58121000000001">
        <ele>857.38</ele>
      </trkpt>
      <trkpt lat="35.548550000000006" lon="127.58129000000001">
        <ele>855.6100000000001</ele>
      </trkpt>
      <trkpt lat="35.548010000000005" lon="127.58115000000001">
        <ele>850.04</ele>
      </trkpt>
      <trkpt lat="35.547900000000006" lon="127.58116000000001">
        <ele>850.04</ele>
      </trkpt>
      <trkpt lat="35.5474" lon="127.58130000000001">
        <ele>844.5600000000001</ele>
      </trkpt>
      <trkpt lat="35.547410000000006" lon="127.58129000000001">
        <ele>844.5600000000001</ele>
      </trkpt>
      <trkpt lat="35.54715" lon="127.58130000000001">
        <ele>841.6600000000001</ele>
      </trkpt>
      <trkpt lat="35.547050000000006" lon="127.58135000000001">
        <ele>840.9200000000001</ele>
      </trkpt>
      <trkpt lat="35.546980000000005" lon="127.58142000000001">
        <ele>840.32</ele>
      </trkpt>
      <trkpt lat="35.546760000000006" lon="127.58176000000002">
        <ele>838.44</ele>
      </trkpt>
      <trkpt lat="35.54639" lon="127.58208">
        <ele>837.7</ele>
      </trkpt>
      <trkpt lat="35.54619" lon="127.58234000000002">
        <ele>837.2</ele>
      </trkpt>
      <trkpt lat="35.54614" lon="127.58237000000001">
        <ele>837.0300000000001</ele>
      </trkpt>
      <trkpt lat="35.54608" lon="127.58237000000001">
        <ele>836.4</ele>
      </trkpt>
      <trkpt lat="35.546" lon="127.58233000000001">
        <ele>835.9200000000001</ele>
      </trkpt>
      <trkpt lat="35.54576" lon="127.58213">
        <ele>832.28</ele>
      </trkpt>
      <trkpt lat="35.54571" lon="127.58216000000002">
        <ele>830.0200000000001</ele>
      </trkpt>
      <trkpt lat="35.54569" lon="127.58224000000001">
        <ele>830.0200000000001</ele>
      </trkpt>
      <trkpt lat="35.54574" lon="127.5824">
        <ele>828.12</ele>
      </trkpt>
      <trkpt lat="35.54578" lon="127.58263000000001">
        <ele>823.94</ele>
      </trkpt>
      <trkpt lat="35.545730000000006" lon="127.58267000000001">
        <ele>823.94</ele>
      </trkpt>
      <trkpt lat="35.545680000000004" lon="127.58265000000002">
        <ele>823.3000000000001</ele>
      </trkpt>
      <trkpt lat="35.54561" lon="127.58254000000001">
        <ele>822.7</ele>
      </trkpt>
      <trkpt lat="35.54553" lon="127.58248">
        <ele>821.0</ele>
      </trkpt>
      <trkpt lat="35.54533" lon="127.58246000000001">
        <ele>817.0400000000001</ele>
      </trkpt>
      <trkpt lat="35.544990000000006" lon="127.58250000000001">
        <ele>809.25</ele>
      </trkpt>
      <trkpt lat="35.54487" lon="127.58244">
        <ele>805.3800000000001</ele>
      </trkpt>
      <trkpt lat="35.54478" lon="127.58234000000002">
        <ele>803.48</ele>
      </trkpt>
      <trkpt lat="35.544560000000004" lon="127.58219000000001">
        <ele>799.21</ele>
      </trkpt>
      <trkpt lat="35.544180000000004" lon="127.58200000000001">
        <ele>790.0</ele>
      </trkpt>
      <trkpt lat="35.544250000000005" lon="127.58181">
        <ele>790.5300000000001</ele>
      </trkpt>
      <trkpt lat="35.544340000000005" lon="127.58162000000002">
        <ele>791.69</ele>
      </trkpt>
      <trkpt lat="35.54448" lon="127.58141">
        <ele>793.86</ele>
      </trkpt>
      <trkpt lat="35.54453" lon="127.58123">
        <ele>794.69</ele>
      </trkpt>
      <trkpt lat="35.544340000000005" lon="127.58093000000001">
        <ele>797.4100000000001</ele>
      </trkpt>
      <trkpt lat="35.54424" lon="127.58074">
        <ele>799.54</ele>
      </trkpt>
      <trkpt lat="35.54403000000001" lon="127.58051">
        <ele>800.9600000000002</ele>
      </trkpt>
      <trkpt lat="35.54372" lon="127.58035000000001">
        <ele>803.8700000000001</ele>
      </trkpt>
      <trkpt lat="35.54341" lon="127.58011">
        <ele>806.73</ele>
      </trkpt>
      <trkpt lat="35.54328" lon="127.57999000000001">
        <ele>807.1</ele>
      </trkpt>
      <trkpt lat="35.543060000000004" lon="127.57993">
        <ele>808.5000000000001</ele>
      </trkpt>
      <trkpt lat="35.54298" lon="127.57982000000001">
        <ele>808.8100000000001</ele>
      </trkpt>
      <trkpt lat="35.54287" lon="127.57959000000001">
        <ele>810.2800000000001</ele>
      </trkpt>
      <trkpt lat="35.54287" lon="127.57945000000001">
        <ele>810.07</ele>
      </trkpt>
      <trkpt lat="35.54294" lon="127.57941000000001">
        <ele>809.7</ele>
      </trkpt>
      <trkpt lat="35.543330000000005" lon="127.57931">
        <ele>807.24</ele>
      </trkpt>
      <trkpt lat="35.54365" lon="127.57918000000001">
        <ele>804.6700000000001</ele>
      </trkpt>
      <trkpt lat="35.54392" lon="127.57903000000002">
        <ele>803.7900000000001</ele>
      </trkpt>
      <trkpt lat="35.54403000000001" lon="127.57885000000002">
        <ele>802.0100000000001</ele>
      </trkpt>
      <trkpt lat="35.54413" lon="127.57819">
        <ele>797.39</ele>
      </trkpt>
      <trkpt lat="35.544200000000004" lon="127.57812000000001">
        <ele>796.8000000000001</ele>
      </trkpt>
      <trkpt lat="35.544410000000006" lon="127.57808000000001">
        <ele>796.27</ele>
      </trkpt>
      <trkpt lat="35.544520000000006" lon="127.57802000000001">
        <ele>795.69</ele>
      </trkpt>
      <trkpt lat="35.54459" lon="127.57765">
        <ele>792.0800000000002</ele>
      </trkpt>
      <trkpt lat="35.5446" lon="127.57737000000002">
        <ele>790.8000000000001</ele>
      </trkpt>
      <trkpt lat="35.54455" lon="127.57717000000001">
        <ele>789.3500000000001</ele>
      </trkpt>
      <trkpt lat="35.544410000000006" lon="127.57697000000002">
        <ele>786.82</ele>
      </trkpt>
      <trkpt lat="35.544160000000005" lon="127.57667000000001">
        <ele>783.7400000000001</ele>
      </trkpt>
      <trkpt lat="35.54379" lon="127.57609000000001">
        <ele>776.6200000000001</ele>
      </trkpt>
      <trkpt lat="35.543780000000005" lon="127.57594000000002">
        <ele>776.09</ele>
      </trkpt>
      <trkpt lat="35.543870000000005" lon="127.57569000000001">
        <ele>772.5900000000001</ele>
      </trkpt>
      <trkpt lat="35.543870000000005" lon="127.57570000000001">
        <ele>772.5900000000001</ele>
      </trkpt>
      <trkpt lat="35.543910000000004" lon="127.57555">
        <ele>771.6700000000001</ele>
      </trkpt>
      <trkpt lat="35.54388" lon="127.57525000000001">
        <ele>770.08</ele>
      </trkpt>
      <trkpt lat="35.54374" lon="127.57446000000002">
        <ele>762.47</ele>
      </trkpt>
      <trkpt lat="35.54366" lon="127.57388000000002">
        <ele>758.8800000000001</ele>
      </trkpt>
      <trkpt lat="35.543620000000004" lon="127.57381000000001">
        <ele>757.94</ele>
      </trkpt>
      <trkpt lat="35.543530000000004" lon="127.57378000000001">
        <ele>756.74</ele>
      </trkpt>
      <trkpt lat="35.54345" lon="127.57388000000002">
        <ele>754.73</ele>
      </trkpt>
      <trkpt lat="35.5433" lon="127.57455000000002">
        <ele>749.5600000000001</ele>
      </trkpt>
      <trkpt lat="35.54309" lon="127.57522000000002">
        <ele>743.2200000000001</ele>
      </trkpt>
      <trkpt lat="35.54296" lon="127.57531000000002">
        <ele>739.6</ele>
      </trkpt>
      <trkpt lat="35.54281" lon="127.57521000000001">
        <ele>737.0000000000001</ele>
      </trkpt>
      <trkpt lat="35.54265" lon="127.57495000000002">
        <ele>733.5</ele>
      </trkpt>
      <trkpt lat="35.54262" lon="127.57481000000001">
        <ele>732.2400000000001</ele>
      </trkpt>
      <trkpt lat="35.542730000000006" lon="127.57443">
        <ele>730.71</ele>
      </trkpt>
      <trkpt lat="35.54269" lon="127.57423000000001">
        <ele>729.2900000000001</ele>
      </trkpt>
      <trkpt lat="35.54261" lon="127.57401000000002">
        <ele>727.1700000000001</ele>
      </trkpt>
      <trkpt lat="35.542390000000005" lon="127.57382000000001">
        <ele>724.99</ele>
      </trkpt>
      <trkpt lat="35.542060000000006" lon="127.57359000000001">
        <ele>720.6400000000001</ele>
      </trkpt>
      <trkpt lat="35.54177" lon="127.57345000000001">
        <ele>717.23</ele>
      </trkpt>
      <trkpt lat="35.54151" lon="127.57314000000001">
        <ele>715.1500000000001</ele>
      </trkpt>
      <trkpt lat="35.54137" lon="127.57307000000002">
        <ele>713.71</ele>
      </trkpt>
      <trkpt lat="35.5412" lon="127.57308">
        <ele>712.07</ele>
      </trkpt>
      <trkpt lat="35.54099" lon="127.57317">
        <ele>710.4</ele>
      </trkpt>
      <trkpt lat="35.540420000000005" lon="127.57316000000002">
        <ele>705.97</ele>
      </trkpt>
      <trkpt lat="35.539930000000005" lon="127.57329000000001">
        <ele>699.84</ele>
      </trkpt>
      <trkpt lat="35.53952" lon="127.57323000000001">
        <ele>695.8100000000001</ele>
      </trkpt>
      <trkpt lat="35.53938" lon="127.57329000000001">
        <ele>694.44</ele>
      </trkpt>
      <trkpt lat="35.53925" lon="127.57339">
        <ele>691.18</ele>
      </trkpt>
      <trkpt lat="35.53925" lon="127.57350000000001">
        <ele>691.18</ele>
      </trkpt>
      <trkpt lat="35.539300000000004" lon="127.57356000000001">
        <ele>690.0500000000001</ele>
      </trkpt>
      <trkpt lat="35.53951" lon="127.57364000000001">
        <ele>686.4</ele>
      </trkpt>
      <trkpt lat="35.53987" lon="127.57371">
        <ele>681.6300000000001</ele>
      </trkpt>
      <trkpt lat="35.53996" lon="127.57375">
        <ele>680.9000000000001</ele>
      </trkpt>
      <trkpt lat="35.53999" lon="127.57387000000001">
        <ele>677.7500000000001</ele>
      </trkpt>
      <trkpt lat="35.53989" lon="127.57400000000001">
        <ele>676.47</ele>
      </trkpt>
      <trkpt lat="35.53971" lon="127.57413000000001">
        <ele>674.61</ele>
      </trkpt>
      <trkpt lat="35.53936" lon="127.57418000000001">
        <ele>671.88</ele>
      </trkpt>
      <trkpt lat="35.539060000000006" lon="127.57429">
        <ele>670.49</ele>
      </trkpt>
      <trkpt lat="35.53893" lon="127.57428000000002">
        <ele>669.6200000000001</ele>
      </trkpt>
      <trkpt lat="35.5386" lon="127.57413000000001">
        <ele>666.88</ele>
      </trkpt>
      <trkpt lat="35.53849" lon="127.57410000000002">
        <ele>665.25</ele>
      </trkpt>
      <trkpt lat="35.538410000000006" lon="127.57415000000002">
        <ele>665.25</ele>
      </trkpt>
      <trkpt lat="35.5383" lon="127.57428000000002">
        <ele>663.4000000000001</ele>
      </trkpt>
      <trkpt lat="35.538160000000005" lon="127.57449000000001">
        <ele>661.66</ele>
      </trkpt>
      <trkpt lat="35.53793" lon="127.57495000000002">
        <ele>656.11</ele>
      </trkpt>
      <trkpt lat="35.537850000000006" lon="127.57515000000001">
        <ele>654.51</ele>
      </trkpt>
      <trkpt lat="35.537850000000006" lon="127.57514">
        <ele>654.5500000000001</ele>
      </trkpt>
      <trkpt lat="35.537600000000005" lon="127.57579000000001">
        <ele>648.99</ele>
      </trkpt>
      <trkpt lat="35.537530000000004" lon="127.57619000000001">
        <ele>645.9</ele>
      </trkpt>
      <trkpt lat="35.537510000000005" lon="127.57623000000001">
        <ele>645.4200000000001</ele>
      </trkpt>
      <trkpt lat="35.53741" lon="127.57629000000001">
        <ele>643.24</ele>
      </trkpt>
      <trkpt lat="35.53712" lon="127.57625000000002">
        <ele>640.05</ele>
      </trkpt>
      <trkpt lat="35.536970000000004" lon="127.57634000000002">
        <ele>639.0</ele>
      </trkpt>
      <trkpt lat="35.53687" lon="127.57643000000002">
        <ele>638.87</ele>
      </trkpt>
      <trkpt lat="35.5368" lon="127.57656000000001">
        <ele>639.4300000000001</ele>
      </trkpt>
      <trkpt lat="35.53679" lon="127.57692000000002">
        <ele>641.4300000000001</ele>
      </trkpt>
      <trkpt lat="35.536730000000006" lon="127.57695000000001">
        <ele>641.6400000000001</ele>
      </trkpt>
      <trkpt lat="35.536530000000006" lon="127.57694000000001">
        <ele>642.02</ele>
      </trkpt>
      <trkpt lat="35.536460000000005" lon="127.57695000000001">
        <ele>642.8100000000001</ele>
      </trkpt>
      <trkpt lat="35.53623" lon="127.57735000000001">
        <ele>646.5000000000001</ele>
      </trkpt>
      <trkpt lat="35.536060000000006" lon="127.57745000000001">
        <ele>647.7700000000001</ele>
      </trkpt>
      <trkpt lat="35.53598" lon="127.57747">
        <ele>647.9100000000001</ele>
      </trkpt>
      <trkpt lat="35.53584" lon="127.57746000000002">
        <ele>647.82</ele>
      </trkpt>
      <trkpt lat="35.5358" lon="127.57744000000001">
        <ele>647.6500000000001</ele>
      </trkpt>
      <trkpt lat="35.53577" lon="127.57736000000001">
        <ele>647.44</ele>
      </trkpt>
      <trkpt lat="35.535810000000005" lon="127.57656000000001">
        <ele>645.6700000000001</ele>
      </trkpt>
      <trkpt lat="35.5358" lon="127.57621000000002">
        <ele>645.97</ele>
      </trkpt>
      <trkpt lat="35.53585" lon="127.57615000000001">
        <ele>645.97</ele>
      </trkpt>
      <trkpt lat="35.536080000000005" lon="127.57605000000001">
        <ele>646.34</ele>
      </trkpt>
      <trkpt lat="35.53616" lon="127.57584000000001">
        <ele>646.88</ele>
      </trkpt>
      <trkpt lat="35.53611" lon="127.57531000000002">
        <ele>648.5500000000001</ele>
      </trkpt>
      <trkpt lat="35.535900000000005" lon="127.57492">
        <ele>648.95</ele>
      </trkpt>
      <trkpt lat="35.53569" lon="127.57474">
        <ele>648.6200000000001</ele>
      </trkpt>
      <trkpt lat="35.535610000000005" lon="127.57463000000001">
        <ele>648.33</ele>
      </trkpt>
      <trkpt lat="35.53557" lon="127.57454000000001">
        <ele>648.1999999999999</ele>
      </trkpt>
      <trkpt lat="35.53555" lon="127.57439000000001">
        <ele>647.59</ele>
      </trkpt>
      <trkpt lat="35.535560000000004" lon="127.57432000000001">
        <ele>647.2500000000001</ele>
      </trkpt>
      <trkpt lat="35.535560000000004" lon="127.57433">
        <ele>647.2500000000001</ele>
      </trkpt>
      <trkpt lat="35.53558" lon="127.57427000000001">
        <ele>646.6700000000001</ele>
      </trkpt>
      <trkpt lat="35.53564" lon="127.57418000000001">
        <ele>646.4200000000001</ele>
      </trkpt>
      <trkpt lat="35.53593" lon="127.57401000000002">
        <ele>645.84</ele>
      </trkpt>
      <trkpt lat="35.53605" lon="127.57390000000001">
        <ele>645.2500000000001</ele>
      </trkpt>
      <trkpt lat="35.53611" lon="127.57382000000001">
        <ele>645.2500000000001</ele>
      </trkpt>
      <trkpt lat="35.53622" lon="127.57352000000002">
        <ele>643.6500000000001</ele>
      </trkpt>
      <trkpt lat="35.53624" lon="127.57328000000001">
        <ele>643.0100000000001</ele>
      </trkpt>
      <trkpt lat="35.536170000000006" lon="127.57302000000001">
        <ele>642.1600000000001</ele>
      </trkpt>
      <trkpt lat="35.53607" lon="127.57284000000001">
        <ele>641.5300000000001</ele>
      </trkpt>
      <trkpt lat="35.535920000000004" lon="127.57275000000001">
        <ele>640.47</ele>
      </trkpt>
      <trkpt lat="35.535940000000004" lon="127.57276000000002">
        <ele>640.5300000000001</ele>
      </trkpt>
      <trkpt lat="35.53575" lon="127.57269000000001">
        <ele>639.7600000000001</ele>
      </trkpt>
      <trkpt lat="35.535520000000005" lon="127.57265000000001">
        <ele>638.82</ele>
      </trkpt>
      <trkpt lat="35.53501" lon="127.57265000000001">
        <ele>636.0600000000001</ele>
      </trkpt>
      <trkpt lat="35.53463" lon="127.57261000000001">
        <ele>632.84</ele>
      </trkpt>
      <trkpt lat="35.534310000000005" lon="127.57254">
        <ele>631.72</ele>
      </trkpt>
      <trkpt lat="35.534150000000004" lon="127.57245">
        <ele>631.46</ele>
      </trkpt>
      <trkpt lat="35.53401" lon="127.57231000000002">
        <ele>631.35</ele>
      </trkpt>
      <trkpt lat="35.533660000000005" lon="127.57189000000001">
        <ele>633.9</ele>
      </trkpt>
      <trkpt lat="35.5336" lon="127.57176000000001">
        <ele>635.35</ele>
      </trkpt>
      <trkpt lat="35.53345" lon="127.57127000000001">
        <ele>638.0600000000001</ele>
      </trkpt>
      <trkpt lat="35.533300000000004" lon="127.57093">
        <ele>639.47</ele>
      </trkpt>
      <trkpt lat="35.533190000000005" lon="127.57075">
        <ele>641.1300000000001</ele>
      </trkpt>
      <trkpt lat="35.53309" lon="127.57065000000001">
        <ele>642.17</ele>
      </trkpt>
      <trkpt lat="35.53294" lon="127.57055000000001">
        <ele>643.0100000000001</ele>
      </trkpt>
      <trkpt lat="35.53248" lon="127.57035">
        <ele>645.05</ele>
      </trkpt>
      <trkpt lat="35.53213" lon="127.56998000000002">
        <ele>644.5600000000001</ele>
      </trkpt>
      <trkpt lat="35.5315" lon="127.56991000000001">
        <ele>643.95</ele>
      </trkpt>
      <trkpt lat="35.53144" lon="127.56992000000001">
        <ele>643.72</ele>
      </trkpt>
      <trkpt lat="35.53119" lon="127.57005000000001">
        <ele>643.82</ele>
      </trkpt>
      <trkpt lat="35.530930000000005" lon="127.57012000000002">
        <ele>642.83</ele>
      </trkpt>
      <trkpt lat="35.53079" lon="127.57012000000002">
        <ele>640.7600000000001</ele>
      </trkpt>
      <trkpt lat="35.530370000000005" lon="127.56999">
        <ele>638.33</ele>
      </trkpt>
      <trkpt lat="35.53013" lon="127.56994000000002">
        <ele>637.73</ele>
      </trkpt>
      <trkpt lat="35.529880000000006" lon="127.56994000000002">
        <ele>637.47</ele>
      </trkpt>
      <trkpt lat="35.52935" lon="127.57009000000001">
        <ele>638.29</ele>
      </trkpt>
      <trkpt lat="35.52928" lon="127.57003000000002">
        <ele>637.95</ele>
      </trkpt>
      <trkpt lat="35.529180000000004" lon="127.56987000000001">
        <ele>636.07</ele>
      </trkpt>
      <trkpt lat="35.529030000000006" lon="127.56975000000001">
        <ele>635.14</ele>
      </trkpt>
      <trkpt lat="35.528650000000006" lon="127.56955">
        <ele>629.41</ele>
      </trkpt>
      <trkpt lat="35.52855" lon="127.56957000000001">
        <ele>627.2</ele>
      </trkpt>
      <trkpt lat="35.52857" lon="127.56969000000001">
        <ele>626.5200000000001</ele>
      </trkpt>
      <trkpt lat="35.528690000000005" lon="127.56987000000001">
        <ele>623.2800000000001</ele>
      </trkpt>
      <trkpt lat="35.528740000000006" lon="127.57001000000001">
        <ele>620.6</ele>
      </trkpt>
      <trkpt lat="35.52868" lon="127.57010000000001">
        <ele>618.57</ele>
      </trkpt>
      <trkpt lat="35.52859" lon="127.57010000000001">
        <ele>616.7900000000001</ele>
      </trkpt>
      <trkpt lat="35.528270000000006" lon="127.56985000000002">
        <ele>611.24</ele>
      </trkpt>
      <trkpt lat="35.528090000000006" lon="127.5699">
        <ele>608.9</ele>
      </trkpt>
      <trkpt lat="35.527890000000006" lon="127.57001000000001">
        <ele>603.98</ele>
      </trkpt>
      <trkpt lat="35.527750000000005" lon="127.57015000000001">
        <ele>602.0000000000001</ele>
      </trkpt>
      <trkpt lat="35.5276" lon="127.56994000000002">
        <ele>606.09</ele>
      </trkpt>
      <trkpt lat="35.527480000000004" lon="127.56962000000001">
        <ele>611.2700000000001</ele>
      </trkpt>
      <trkpt lat="35.52738" lon="127.5695">
        <ele>613.2500000000001</ele>
      </trkpt>
      <trkpt lat="35.527300000000004" lon="127.56945">
        <ele>617.47</ele>
      </trkpt>
      <trkpt lat="35.52716" lon="127.56947000000001">
        <ele>619.51</ele>
      </trkpt>
      <trkpt lat="35.527060000000006" lon="127.56953000000001">
        <ele>624.33</ele>
      </trkpt>
      <trkpt lat="35.526990000000005" lon="127.56952000000001">
        <ele>624.33</ele>
      </trkpt>
      <trkpt lat="35.52696" lon="127.56945">
        <ele>625.34</ele>
      </trkpt>
      <trkpt lat="35.52705" lon="127.56924000000001">
        <ele>631.9300000000001</ele>
      </trkpt>
      <trkpt lat="35.527150000000006" lon="127.56912000000001">
        <ele>634.23</ele>
      </trkpt>
      <trkpt lat="35.52723" lon="127.56895000000002">
        <ele>637.94</ele>
      </trkpt>
      <trkpt lat="35.52723" lon="127.56882000000002">
        <ele>641.97</ele>
      </trkpt>
      <trkpt lat="35.527190000000004" lon="127.56872000000001">
        <ele>644.08</ele>
      </trkpt>
      <trkpt lat="35.527120000000004" lon="127.56868000000001">
        <ele>645.33</ele>
      </trkpt>
      <trkpt lat="35.527080000000005" lon="127.56868000000001">
        <ele>645.6</ele>
      </trkpt>
      <trkpt lat="35.52709" lon="127.56868000000001">
        <ele>645.6</ele>
      </trkpt>
      <trkpt lat="35.52705" lon="127.56868000000001">
        <ele>645.6</ele>
      </trkpt>
      <trkpt lat="35.52687" lon="127.56888000000001">
        <ele>650.0</ele>
      </trkpt>
      <trkpt lat="35.52682" lon="127.56873000000002">
        <ele>653.8600000000001</ele>
      </trkpt>
      <trkpt lat="35.52678" lon="127.56837000000002">
        <ele>665.39</ele>
      </trkpt>
      <trkpt lat="35.526720000000005" lon="127.56819000000002">
        <ele>667.36</ele>
      </trkpt>
      <trkpt lat="35.52664" lon="127.56803000000001">
        <ele>663.0</ele>
      </trkpt>
      <trkpt lat="35.52658" lon="127.56816">
        <ele>663.0</ele>
      </trkpt>
      <trkpt lat="35.52642" lon="127.56814000000001">
        <ele>667.82</ele>
      </trkpt>
      <trkpt lat="35.526270000000004" lon="127.56821000000001">
        <ele>669.63</ele>
      </trkpt>
      <trkpt lat="35.52611" lon="127.56823000000001">
        <ele>672.48</ele>
      </trkpt>
      <trkpt lat="35.52602" lon="127.56821000000001">
        <ele>674.1</ele>
      </trkpt>
      <trkpt lat="35.52584" lon="127.56823000000001">
        <ele>678.4100000000001</ele>
      </trkpt>
      <trkpt lat="35.525800000000004" lon="127.5682">
        <ele>679.3</ele>
      </trkpt>
      <trkpt lat="35.525740000000006" lon="127.56816">
        <ele>679.3</ele>
      </trkpt>
      <trkpt lat="35.52555" lon="127.56814000000001">
        <ele>684.83</ele>
      </trkpt>
      <trkpt lat="35.525470000000006" lon="127.56816">
        <ele>688.2900000000001</ele>
      </trkpt>
      <trkpt lat="35.52548" lon="127.56816">
        <ele>688.2900000000001</ele>
      </trkpt>
      <trkpt lat="35.52526" lon="127.56823000000001">
        <ele>694.9000000000001</ele>
      </trkpt>
      <trkpt lat="35.525240000000004" lon="127.56827000000001">
        <ele>694.9000000000001</ele>
      </trkpt>
      <trkpt lat="35.52503" lon="127.56836000000001">
        <ele>700.2600000000001</ele>
      </trkpt>
      <trkpt lat="35.52494" lon="127.56843">
        <ele>700.46</ele>
      </trkpt>
      <trkpt lat="35.524750000000004" lon="127.56852">
        <ele>696.1700000000001</ele>
      </trkpt>
      <trkpt lat="35.5246" lon="127.56871000000001">
        <ele>688.79</ele>
      </trkpt>
      <trkpt lat="35.52445" lon="127.56886000000002">
        <ele>679.47</ele>
      </trkpt>
      <trkpt lat="35.524390000000004" lon="127.56905">
        <ele>676.34</ele>
      </trkpt>
      <trkpt lat="35.52434" lon="127.56914">
        <ele>674.9200000000001</ele>
      </trkpt>
      <trkpt lat="35.524300000000004" lon="127.56933000000001">
        <ele>669.5000000000001</ele>
      </trkpt>
      <trkpt lat="35.52422" lon="127.56956000000001">
        <ele>661.5200000000001</ele>
      </trkpt>
      <trkpt lat="35.52412" lon="127.56978000000001">
        <ele>653.09</ele>
      </trkpt>
      <trkpt lat="35.523950000000006" lon="127.56996000000001">
        <ele>648.4000000000001</ele>
      </trkpt>
      <trkpt lat="35.523830000000004" lon="127.57004">
        <ele>646.4300000000001</ele>
      </trkpt>
      <trkpt lat="35.52375" lon="127.57017">
        <ele>644.08</ele>
      </trkpt>
      <trkpt lat="35.523540000000004" lon="127.57030000000002">
        <ele>638.84</ele>
      </trkpt>
      <trkpt lat="35.523320000000005" lon="127.57035">
        <ele>634.0400000000001</ele>
      </trkpt>
      <trkpt lat="35.52322" lon="127.57045000000001">
        <ele>628.8100000000001</ele>
      </trkpt>
      <trkpt lat="35.5231" lon="127.57048">
        <ele>625.0100000000001</ele>
      </trkpt>
      <trkpt lat="35.522650000000006" lon="127.57045000000001">
        <ele>618.73</ele>
      </trkpt>
      <trkpt lat="35.52232" lon="127.57052000000002">
        <ele>618.87</ele>
      </trkpt>
      <trkpt lat="35.52208" lon="127.57049">
        <ele>617.96</ele>
      </trkpt>
      <trkpt lat="35.52131" lon="127.57056000000001">
        <ele>606.5400000000001</ele>
      </trkpt>
      <trkpt lat="35.52109" lon="127.57053">
        <ele>600.92</ele>
      </trkpt>
      <trkpt lat="35.52075" lon="127.57041000000001">
        <ele>591.45</ele>
      </trkpt>
      <trkpt lat="35.52062" lon="127.57046000000001">
        <ele>585.34</ele>
      </trkpt>
      <trkpt lat="35.520450000000004" lon="127.57044">
        <ele>579.89</ele>
      </trkpt>
      <trkpt lat="35.52" lon="127.57062">
        <ele>570.5300000000001</ele>
      </trkpt>
      <trkpt lat="35.51975" lon="127.5708">
        <ele>564.06</ele>
      </trkpt>
      <trkpt lat="35.51966" lon="127.57078000000001">
        <ele>561.07</ele>
      </trkpt>
      <trkpt lat="35.519560000000006" lon="127.57090000000001">
        <ele>554.3800000000001</ele>
      </trkpt>
      <trkpt lat="35.5195" lon="127.57102">
        <ele>552.84</ele>
      </trkpt>
      <trkpt lat="35.519290000000005" lon="127.57126000000001">
        <ele>546.2800000000001</ele>
      </trkpt>
      <trkpt lat="35.519270000000006" lon="127.57132000000001">
        <ele>545.9000000000001</ele>
      </trkpt>
      <trkpt lat="35.51928" lon="127.57142">
        <ele>545.6500000000001</ele>
      </trkpt>
      <trkpt lat="35.519180000000006" lon="127.57129">
        <ele>546.07</ele>
      </trkpt>
      <trkpt lat="35.51916" lon="127.57123000000001">
        <ele>546.1600000000001</ele>
      </trkpt>
      <trkpt lat="35.51908" lon="127.57101000000002">
        <ele>546.4100000000001</ele>
      </trkpt>
      <trkpt lat="35.51901" lon="127.57057">
        <ele>547.4</ele>
      </trkpt>
      <trkpt lat="35.51903" lon="127.57036000000001">
        <ele>547.8100000000001</ele>
      </trkpt>
      <trkpt lat="35.51914" lon="127.57014000000001">
        <ele>548.88</ele>
      </trkpt>
      <trkpt lat="35.51921" lon="127.57005000000001">
        <ele>548.88</ele>
      </trkpt>
      <trkpt lat="35.51959" lon="127.56981">
        <ele>549.7500000000001</ele>
      </trkpt>
      <trkpt lat="35.519920000000006" lon="127.56966000000001">
        <ele>552.4499999999999</ele>
      </trkpt>
      <trkpt lat="35.520320000000005" lon="127.56949000000002">
        <ele>554.69</ele>
      </trkpt>
      <trkpt lat="35.5208" lon="127.56920000000001">
        <ele>556.22</ele>
      </trkpt>
      <trkpt lat="35.52096" lon="127.56899000000001">
        <ele>557.85</ele>
      </trkpt>
      <trkpt lat="35.521010000000004" lon="127.56869">
        <ele>559.3299999999999</ele>
      </trkpt>
      <trkpt lat="35.52098" lon="127.56849000000001">
        <ele>560.45</ele>
      </trkpt>
      <trkpt lat="35.52091" lon="127.56831000000001">
        <ele>560.45</ele>
      </trkpt>
      <trkpt lat="35.52057500155717" lon="127.56768999735846">
        <ele>563.6500000000001</ele>
      </trkpt>
      <trkpt lat="35.52024" lon="127.56707000000002">
        <ele>566.12</ele>
      </trkpt>
      <trkpt lat="35.520120000000006" lon="127.56668">
        <ele>566.97</ele>
      </trkpt>
      <trkpt lat="35.520000004826215" lon="127.56559999850195">
        <ele>569.6500000000001</ele>
      </trkpt>
      <trkpt lat="35.51988" lon="127.56452000000002">
        <ele>572.77</ele>
      </trkpt>
      <trkpt lat="35.5198950042927" lon="127.56350000023178">
        <ele>575.55</ele>
      </trkpt>
      <trkpt lat="35.51991" lon="127.56248000000001">
        <ele>580.25</ele>
      </trkpt>
      <trkpt lat="35.51999" lon="127.5618">
        <ele>582.11</ele>
      </trkpt>
      <trkpt lat="35.5197" lon="127.56166">
        <ele>582.11</ele>
      </trkpt>
      <trkpt lat="35.51915" lon="127.56131">
        <ele>582.11</ele>
      </trkpt>
      <trkpt lat="35.51903" lon="127.56114000000001">
        <ele>582.11</ele>
      </trkpt>
      <trkpt lat="35.51878" lon="127.56072">
        <ele>622.0</ele>
      </trkpt>
      <trkpt lat="35.51867" lon="127.56058000000002">
        <ele>622.0</ele>
      </trkpt>
      <trkpt lat="35.51856" lon="127.56051000000001">
        <ele>622.0</ele>
      </trkpt>
      <trkpt lat="35.518460000000005" lon="127.56052000000001">
        <ele>622.0</ele>
      </trkpt>
      <trkpt lat="35.51802" lon="127.56077">
        <ele>622.0</ele>
      </trkpt>
      <trkpt lat="35.517810000000004" lon="127.56072">
        <ele>622.0</ele>
      </trkpt>
      <trkpt lat="35.517770000000006" lon="127.56067000000002">
        <ele>622.0</ele>
      </trkpt>
      <trkpt lat="35.51778" lon="127.56061000000001">
        <ele>622.0</ele>
      </trkpt>
      <trkpt lat="35.51785" lon="127.56060000000001">
        <ele>622.0</ele>
      </trkpt>
      <trkpt lat="35.51794" lon="127.56055">
        <ele>622.0</ele>
      </trkpt>
      <trkpt lat="35.51803" lon="127.56040000000002">
        <ele>622.0</ele>
      </trkpt>
      <trkpt lat="35.51821" lon="127.55985000000001">
        <ele>628.84</ele>
      </trkpt>
      <trkpt lat="35.51789" lon="127.55886000000001">
        <ele>612.69</ele>
      </trkpt>
      <trkpt lat="35.51762" lon="127.55805000000001">
        <ele>594.75</ele>
      </trkpt>
      <trkpt lat="35.517680002644454" lon="127.55725000055122">
        <ele>578.49</ele>
      </trkpt>
      <trkpt lat="35.51774" lon="127.55645000000001">
        <ele>574.11</ele>
      </trkpt>
      <trkpt lat="35.51852" lon="127.55604000000001">
        <ele>546.03</ele>
      </trkpt>
      <trkpt lat="35.519260000089055" lon="127.55594000091546">
        <ele>512.83</ele>
      </trkpt>
      <trkpt lat="35.52" lon="127.55584">
        <ele>487.67</ele>
      </trkpt>
      <trkpt lat="35.520300000000006" lon="127.55645000000001">
        <ele>474.29</ele>
      </trkpt>
      <trkpt lat="35.521000000120296" lon="127.55638500055734">
        <ele>451.32000000000005</ele>
      </trkpt>
      <trkpt lat="35.5217" lon="127.55632000000001">
        <ele>441.01</ele>
      </trkpt>
      <trkpt lat="35.52239" lon="127.55598">
        <ele>419.11</ele>
      </trkpt>
      <trkpt lat="35.52281500093174" lon="127.5555300022812">
        <ele>413.66</ele>
      </trkpt>
      <trkpt lat="35.52324" lon="127.55508">
        <ele>407.30000000000007</ele>
      </trkpt>
      <trkpt lat="35.5237200002477" lon="127.55484000143045">
        <ele>398.1</ele>
      </trkpt>
      <trkpt lat="35.5242" lon="127.55460000000001">
        <ele>389.28000000000003</ele>
      </trkpt>
      <trkpt lat="35.52501" lon="127.55449000000002">
        <ele>369.65000000000003</ele>
      </trkpt>
      <trkpt lat="35.52577000018134" lon="127.55434500135522">
        <ele>353.88</ele>
      </trkpt>
      <trkpt lat="35.52653" lon="127.55420000000001">
        <ele>343.14</ele>
      </trkpt>
      <trkpt lat="35.526873338055694" lon="127.55344333981554">
        <ele>333.08000000000004</ele>
      </trkpt>
      <trkpt lat="35.5272166713857" lon="127.5526866731563">
        <ele>325.3</ele>
      </trkpt>
      <trkpt lat="35.52756" lon="127.55193000000001">
        <ele>320.91</ele>
      </trkpt>
      <trkpt lat="35.52785" lon="127.55125000000001">
        <ele>312.82000000000005</ele>
      </trkpt>
      <trkpt lat="35.52821" lon="127.55106">
        <ele>301.79</ele>
      </trkpt>
      <trkpt lat="35.52866" lon="127.55022000000001">
        <ele>289.49</ele>
      </trkpt>
      <trkpt lat="35.52905000135933" lon="127.5496600026284">
        <ele>282.34000000000003</ele>
      </trkpt>
      <trkpt lat="35.52944" lon="127.54910000000001">
        <ele>275.09</ele>
      </trkpt>
      <trkpt lat="35.52978" lon="127.54889000000001">
        <ele>267.96000000000004</ele>
      </trkpt>
      <trkpt lat="35.53005000193162" lon="127.54821000222968">
        <ele>263.52000000000004</ele>
      </trkpt>
      <trkpt lat="35.53032" lon="127.54753000000001">
        <ele>253.20000000000002</ele>
      </trkpt>
      <trkpt lat="35.53027" lon="127.54713000000001">
        <ele>251.0</ele>
      </trkpt>
      <trkpt lat="35.530280000000005" lon="127.54713000000001">
        <ele>262.62</ele>
      </trkpt>
      <trkpt lat="35.53032" lon="127.54705000000001">
        <ele>262.62</ele>
      </trkpt>
      <trkpt lat="35.530660000000005" lon="127.54690000000001">
        <ele>262.62</ele>
      </trkpt>
      <trkpt lat="35.530710000000006" lon="127.54686000000001">
        <ele>262.62</ele>
      </trkpt>
      <trkpt lat="35.531020000000005" lon="127.54673000000001">
        <ele>262.62</ele>
      </trkpt>
      <trkpt lat="35.53103" lon="127.54655000000001">
        <ele>262.62</ele>
      </trkpt>
      <trkpt lat="35.53156500066169" lon="127.54617000248722">
        <ele>250.32999999999998</ele>
      </trkpt>
      <trkpt lat="35.5321" lon="127.54579000000001">
        <ele>250.32999999999998</ele>
      </trkpt>
      <trkpt lat="35.532270000000004" lon="127.54556000000001">
        <ele>251.8</ele>
      </trkpt>
      <trkpt lat="35.532740000000004" lon="127.54561000000001">
        <ele>251.08</ele>
      </trkpt>
      <trkpt lat="35.53273" lon="127.54561000000001">
        <ele>250.5</ele>
      </trkpt>
      <trkpt lat="35.53337500024907" lon="127.54569999930654">
        <ele>250.12</ele>
      </trkpt>
      <trkpt lat="35.534020000000005" lon="127.54579000000001">
        <ele>256.17</ele>
      </trkpt>
      <trkpt lat="35.533715004051956" lon="127.54479999625838">
        <ele>249.31000000000003</ele>
      </trkpt>
      <trkpt lat="35.53341" lon="127.54381000000001">
        <ele>248.91000000000003</ele>
      </trkpt>
      <trkpt lat="35.533260000000006" lon="127.54346000000001">
        <ele>254.60000000000005</ele>
      </trkpt>
      <trkpt lat="35.533620000000006" lon="127.54245000000002">
        <ele>255.04000000000005</ele>
      </trkpt>
      <trkpt lat="35.5343780001187" lon="127.54252599712993">
        <ele>250.0</ele>
      </trkpt>
      <trkpt lat="35.5351360001897" lon="127.542601995696">
        <ele>253.37000000000003</ele>
      </trkpt>
      <trkpt lat="35.535894000213034" lon="127.54267799569827">
        <ele>253.58</ele>
      </trkpt>
      <trkpt lat="35.53665200018869" lon="127.54275399713681">
        <ele>254.08</ele>
      </trkpt>
      <trkpt lat="35.53741" lon="127.54283000000001">
        <ele>256.35</ele>
      </trkpt>
      <trkpt lat="35.537420000000004" lon="127.54283000000001">
        <ele>256.04</ele>
      </trkpt>
      <trkpt lat="35.53781" lon="127.54283000000001">
        <ele>257.87000000000006</ele>
      </trkpt>
      <trkpt lat="35.538360000000004" lon="127.54262000000001">
        <ele>257.72</ele>
      </trkpt>
      <trkpt lat="35.538900000000005" lon="127.54227000000002">
        <ele>257.91</ele>
      </trkpt>
      <trkpt lat="35.53915000000001" lon="127.54200000000002">
        <ele>258.03000000000003</ele>
      </trkpt>
      <trkpt lat="35.539300000000004" lon="127.54190000000001">
        <ele>258.09000000000003</ele>
      </trkpt>
      <trkpt lat="35.53952" lon="127.54235000000001">
        <ele>259.27</ele>
      </trkpt>
      <trkpt lat="35.539660000000005" lon="127.54254000000002">
        <ele>259.92</ele>
      </trkpt>
      <trkpt lat="35.539820000000006" lon="127.54254000000002">
        <ele>259.99</ele>
      </trkpt>
      <trkpt lat="35.5399" lon="127.54216000000001">
        <ele>260.33</ele>
      </trkpt>
      <trkpt lat="35.539930000000005" lon="127.54190000000001">
        <ele>260.22</ele>
      </trkpt>
      <trkpt lat="35.54007500182065" lon="127.54123000136016">
        <ele>260.99</ele>
      </trkpt>
      <trkpt lat="35.540220000000005" lon="127.54056000000001">
        <ele>260.31000000000006</ele>
      </trkpt>
      <trkpt lat="35.54032" lon="127.53970000000001">
        <ele>259.07</ele>
      </trkpt>
      <trkpt lat="35.540510000000005" lon="127.53907000000001">
        <ele>261.69000000000005</ele>
      </trkpt>
      <trkpt lat="35.54076500135716" lon="127.53848500198707">
        <ele>264.36</ele>
      </trkpt>
      <trkpt lat="35.54102" lon="127.53790000000001">
        <ele>271.38</ele>
      </trkpt>
      <trkpt lat="35.54119500203673" lon="127.53720000147061">
        <ele>277.51000000000005</ele>
      </trkpt>
      <trkpt lat="35.54137" lon="127.5365">
        <ele>283.66</ele>
      </trkpt>
      <trkpt lat="35.54157" lon="127.53602000000001">
        <ele>291.12000000000006</ele>
      </trkpt>
      <trkpt lat="35.54157" lon="127.53603000000001">
        <ele>291.12000000000006</ele>
      </trkpt>
      <trkpt lat="35.54177" lon="127.53558000000001">
        <ele>296.2</ele>
      </trkpt>
      <trkpt lat="35.54213" lon="127.53502000000002">
        <ele>303.25</ele>
      </trkpt>
      <trkpt lat="35.542500000000004" lon="127.53462">
        <ele>313.21000000000004</ele>
      </trkpt>
      <trkpt lat="35.54271" lon="127.53428000000001">
        <ele>314.41</ele>
      </trkpt>
      <trkpt lat="35.542880000000004" lon="127.53412000000002">
        <ele>318.0</ele>
      </trkpt>
      <trkpt lat="35.543000000000006" lon="127.53379000000001">
        <ele>318.98</ele>
      </trkpt>
      <trkpt lat="35.54317" lon="127.53372000000002">
        <ele>319.69</ele>
      </trkpt>
      <trkpt lat="35.54361" lon="127.53369">
        <ele>321.57</ele>
      </trkpt>
      <trkpt lat="35.544450000000005" lon="127.53373">
        <ele>324.27</ele>
      </trkpt>
      <trkpt lat="35.54477" lon="127.53366000000001">
        <ele>326.59000000000003</ele>
      </trkpt>
      <trkpt lat="35.545210000000004" lon="127.53363000000002">
        <ele>327.98</ele>
      </trkpt>
      <trkpt lat="35.54553" lon="127.53357000000001">
        <ele>328.19000000000005</ele>
      </trkpt>
      <trkpt lat="35.54572" lon="127.53351">
        <ele>328.26000000000005</ele>
      </trkpt>
      <trkpt lat="35.545910000000006" lon="127.53327000000002">
        <ele>328.65000000000003</ele>
      </trkpt>
      <trkpt lat="35.54601" lon="127.53320000000001">
        <ele>328.89</ele>
      </trkpt>
      <trkpt lat="35.54618" lon="127.53314000000002">
        <ele>329.37000000000006</ele>
      </trkpt>
      <trkpt lat="35.54641" lon="127.53319">
        <ele>330.83</ele>
      </trkpt>
      <trkpt lat="35.54686" lon="127.53335000000001">
        <ele>333.42</ele>
      </trkpt>
      <trkpt lat="35.54708" lon="127.53338000000001">
        <ele>335.15</ele>
      </trkpt>
      <trkpt lat="35.54751" lon="127.53330000000001">
        <ele>336.74</ele>
      </trkpt>
      <trkpt lat="35.54766" lon="127.53319">
        <ele>337.64000000000004</ele>
      </trkpt>
      <trkpt lat="35.547760000000004" lon="127.53271000000001">
        <ele>337.26</ele>
      </trkpt>
      <trkpt lat="35.548030000000004" lon="127.53254000000001">
        <ele>335.5</ele>
      </trkpt>
      <trkpt lat="35.54816" lon="127.53241000000001">
        <ele>334.97</ele>
      </trkpt>
      <trkpt lat="35.54827" lon="127.53208000000001">
        <ele>334.06</ele>
      </trkpt>
      <trkpt lat="35.54829" lon="127.53203">
        <ele>334.06</ele>
      </trkpt>
      <trkpt lat="35.54829" lon="127.53204000000001">
        <ele>334.06</ele>
      </trkpt>
      <trkpt lat="35.54856" lon="127.53160000000001">
        <ele>333.49</ele>
      </trkpt>
      <trkpt lat="35.548660000000005" lon="127.53123000000001">
        <ele>333.39</ele>
      </trkpt>
      <trkpt lat="35.548730000000006" lon="127.53112000000002">
        <ele>333.39</ele>
      </trkpt>
      <trkpt lat="35.5489" lon="127.53106000000001">
        <ele>333.55</ele>
      </trkpt>
      <trkpt lat="35.54916" lon="127.53113">
        <ele>334.09000000000003</ele>
      </trkpt>
      <trkpt lat="35.54934" lon="127.53111000000001">
        <ele>334.64000000000004</ele>
      </trkpt>
      <trkpt lat="35.54943" lon="127.53098000000001">
        <ele>335.0</ele>
      </trkpt>
      <trkpt lat="35.549490000000006" lon="127.5306">
        <ele>336.66</ele>
      </trkpt>
      <trkpt lat="35.54956" lon="127.53038000000001">
        <ele>338.05</ele>
      </trkpt>
      <trkpt lat="35.549670000000006" lon="127.53034000000001">
        <ele>339.03000000000003</ele>
      </trkpt>
      <trkpt lat="35.549800000000005" lon="127.53044000000001">
        <ele>339.03000000000003</ele>
      </trkpt>
      <trkpt lat="35.549980000000005" lon="127.53063000000002">
        <ele>340.73</ele>
      </trkpt>
      <trkpt lat="35.5501" lon="127.53065000000001">
        <ele>341.15</ele>
      </trkpt>
      <trkpt lat="35.55019" lon="127.53061000000001">
        <ele>341.26</ele>
      </trkpt>
      <trkpt lat="35.55041" lon="127.53042">
        <ele>341.34000000000003</ele>
      </trkpt>
      <trkpt lat="35.55053" lon="127.53041">
        <ele>341.6</ele>
      </trkpt>
      <trkpt lat="35.550850000000004" lon="127.53064">
        <ele>342.0</ele>
      </trkpt>
      <trkpt lat="35.55104" lon="127.53064">
        <ele>342.0</ele>
      </trkpt>
      <trkpt lat="35.55115" lon="127.53056000000001">
        <ele>341.51000000000005</ele>
      </trkpt>
      <trkpt lat="35.55124" lon="127.53023000000002">
        <ele>340.90000000000003</ele>
      </trkpt>
      <trkpt lat="35.55133" lon="127.53007000000001">
        <ele>340.26</ele>
      </trkpt>
      <trkpt lat="35.551410000000004" lon="127.53003000000001">
        <ele>340.26</ele>
      </trkpt>
      <trkpt lat="35.551680000000005" lon="127.53011000000001">
        <ele>339.75000000000006</ele>
      </trkpt>
      <trkpt lat="35.55181" lon="127.53007000000001">
        <ele>338.97</ele>
      </trkpt>
      <trkpt lat="35.55209" lon="127.52969000000002">
        <ele>337.11</ele>
      </trkpt>
      <trkpt lat="35.55219" lon="127.52964000000001">
        <ele>337.11</ele>
      </trkpt>
      <trkpt lat="35.55275" lon="127.52960000000002">
        <ele>335.20000000000005</ele>
      </trkpt>
      <trkpt lat="35.553110000000004" lon="127.52967000000001">
        <ele>333.89</ele>
      </trkpt>
      <trkpt lat="35.55324" lon="127.52963000000001">
        <ele>333.89</ele>
      </trkpt>
      <trkpt lat="35.55348" lon="127.52922000000001">
        <ele>332.04</ele>
      </trkpt>
      <trkpt lat="35.553650000000005" lon="127.52907">
        <ele>331.87000000000006</ele>
      </trkpt>
      <trkpt lat="35.55388" lon="127.52893000000002">
        <ele>331.83</ele>
      </trkpt>
      <trkpt lat="35.5542" lon="127.52864000000001">
        <ele>331.36</ele>
      </trkpt>
      <trkpt lat="35.554280000000006" lon="127.52863">
        <ele>331.38</ele>
      </trkpt>
      <trkpt lat="35.55433" lon="127.52870000000001">
        <ele>331.51000000000005</ele>
      </trkpt>
      <trkpt lat="35.55445" lon="127.52912">
        <ele>331.64000000000004</ele>
      </trkpt>
      <trkpt lat="35.554590000000005" lon="127.52935000000001">
        <ele>332.31000000000006</ele>
      </trkpt>
      <trkpt lat="35.55482" lon="127.52952">
        <ele>333.06</ele>
      </trkpt>
      <trkpt lat="35.55523" lon="127.52968000000001">
        <ele>333.16</ele>
      </trkpt>
      <trkpt lat="35.555330000000005" lon="127.52972000000001">
        <ele>333.09000000000003</ele>
      </trkpt>
      <trkpt lat="35.55552" lon="127.52972000000001">
        <ele>332.68</ele>
      </trkpt>
      <trkpt lat="35.555670000000006" lon="127.52960000000002">
        <ele>332.23</ele>
      </trkpt>
      <trkpt lat="35.55585" lon="127.52925">
        <ele>331.55</ele>
      </trkpt>
      <trkpt lat="35.555980000000005" lon="127.52904000000001">
        <ele>331.31000000000006</ele>
      </trkpt>
      <trkpt lat="35.55608" lon="127.52905000000001">
        <ele>330.23</ele>
      </trkpt>
      <trkpt lat="35.556180000000005" lon="127.52917000000001">
        <ele>330.23</ele>
      </trkpt>
      <trkpt lat="35.55644" lon="127.52969000000002">
        <ele>328.72</ele>
      </trkpt>
      <trkpt lat="35.5565" lon="127.53007000000001">
        <ele>328.23</ele>
      </trkpt>
      <trkpt lat="35.556650000000005" lon="127.53016000000001">
        <ele>328.07</ele>
      </trkpt>
      <trkpt lat="35.556850000000004" lon="127.53017000000001">
        <ele>327.48</ele>
      </trkpt>
      <trkpt lat="35.55704" lon="127.53005000000002">
        <ele>326.75000000000006</ele>
      </trkpt>
      <trkpt lat="35.55729" lon="127.52995000000001">
        <ele>326.48</ele>
      </trkpt>
      <trkpt lat="35.55742" lon="127.53004000000001">
        <ele>325.87000000000006</ele>
      </trkpt>
      <trkpt lat="35.557500000000005" lon="127.53026000000001">
        <ele>325.45</ele>
      </trkpt>
      <trkpt lat="35.55753" lon="127.53057000000001">
        <ele>325.01</ele>
      </trkpt>
      <trkpt lat="35.55774" lon="127.53083000000001">
        <ele>324.74</ele>
      </trkpt>
      <trkpt lat="35.55825" lon="127.53116000000001">
        <ele>324.66</ele>
      </trkpt>
      <trkpt lat="35.5587" lon="127.53124000000001">
        <ele>324.91</ele>
      </trkpt>
      <trkpt lat="35.558910000000004" lon="127.53126000000002">
        <ele>324.76000000000005</ele>
      </trkpt>
      <trkpt lat="35.55923" lon="127.53118">
        <ele>324.68</ele>
      </trkpt>
      <trkpt lat="35.559380000000004" lon="127.53123000000001">
        <ele>324.38</ele>
      </trkpt>
      <trkpt lat="35.559490000000004" lon="127.53137000000001">
        <ele>324.01</ele>
      </trkpt>
      <trkpt lat="35.559610000000006" lon="127.53171">
        <ele>323.91</ele>
      </trkpt>
      <trkpt lat="35.559760000000004" lon="127.53186000000001">
        <ele>323.70000000000005</ele>
      </trkpt>
      <trkpt lat="35.560320000000004" lon="127.53232000000001">
        <ele>323.26000000000005</ele>
      </trkpt>
      <trkpt lat="35.560790000000004" lon="127.53299000000001">
        <ele>323.77</ele>
      </trkpt>
      <trkpt lat="35.56118000090168" lon="127.53342999797438">
        <ele>324.11</ele>
      </trkpt>
      <trkpt lat="35.56157" lon="127.53387000000001">
        <ele>325.28000000000003</ele>
      </trkpt>
      <trkpt lat="35.56185" lon="127.53444">
        <ele>326.32</ele>
      </trkpt>
      <trkpt lat="35.56226" lon="127.53518000000001">
        <ele>330.75000000000006</ele>
      </trkpt>
      <trkpt lat="35.56248" lon="127.5353">
        <ele>332.1</ele>
      </trkpt>
      <trkpt lat="35.56248" lon="127.53529">
        <ele>332.1</ele>
      </trkpt>
      <trkpt lat="35.56289" lon="127.53534">
        <ele>333.44</ele>
      </trkpt>
      <trkpt lat="35.56302" lon="127.53540000000001">
        <ele>332.9800000000001</ele>
      </trkpt>
      <trkpt lat="35.563140000000004" lon="127.53563000000001">
        <ele>331.28000000000003</ele>
      </trkpt>
      <trkpt lat="35.563140000000004" lon="127.53595000000001">
        <ele>330.61</ele>
      </trkpt>
      <trkpt lat="35.562990000000006" lon="127.53614000000002">
        <ele>329.74</ele>
      </trkpt>
      <trkpt lat="35.562720000000006" lon="127.53638000000001">
        <ele>328.77</ele>
      </trkpt>
      <trkpt lat="35.56264" lon="127.53657000000001">
        <ele>328.1</ele>
      </trkpt>
      <trkpt lat="35.56281000154295" lon="127.53718999852387">
        <ele>326.98</ele>
      </trkpt>
      <trkpt lat="35.56298" lon="127.53781000000001">
        <ele>326.48</ele>
      </trkpt>
      <trkpt lat="35.563105003507054" lon="127.53873499836783">
        <ele>326.68</ele>
      </trkpt>
      <trkpt lat="35.563230000000004" lon="127.53966000000001">
        <ele>327.42</ele>
      </trkpt>
      <trkpt lat="35.56338" lon="127.54017">
        <ele>327.84000000000003</ele>
      </trkpt>
      <trkpt lat="35.56364" lon="127.54060000000001">
        <ele>328.07</ele>
      </trkpt>
      <trkpt lat="35.56382500342645" lon="127.54151499773813">
        <ele>328.45</ele>
      </trkpt>
      <trkpt lat="35.56401" lon="127.54243000000001">
        <ele>328.26000000000005</ele>
      </trkpt>
      <trkpt lat="35.564155002961044" lon="127.543279998333">
        <ele>329.84000000000003</ele>
      </trkpt>
      <trkpt lat="35.5643" lon="127.54413000000001">
        <ele>334.28000000000003</ele>
      </trkpt>
      <trkpt lat="35.564350000000005" lon="127.54475000000001">
        <ele>337.23</ele>
      </trkpt>
      <trkpt lat="35.56443" lon="127.54500000000002">
        <ele>338.03000000000003</ele>
      </trkpt>
      <trkpt lat="35.564910000000005" lon="127.54553000000001">
        <ele>337.86000000000007</ele>
      </trkpt>
      <trkpt lat="35.56516000080711" lon="127.54600499828162">
        <ele>338.29</ele>
      </trkpt>
      <trkpt lat="35.56541" lon="127.54648000000002">
        <ele>338.32</ele>
      </trkpt>
      <trkpt lat="35.5656" lon="127.54710000000001">
        <ele>339.0</ele>
      </trkpt>
      <trkpt lat="35.56579" lon="127.54759000000001">
        <ele>337.64000000000004</ele>
      </trkpt>
      <trkpt lat="35.566140000000004" lon="127.54815">
        <ele>332.32</ele>
      </trkpt>
      <trkpt lat="35.566190000000006" lon="127.54822000000001">
        <ele>331.89</ele>
      </trkpt>
      <trkpt lat="35.56633" lon="127.54894000000002">
        <ele>329.23</ele>
      </trkpt>
      <trkpt lat="35.566280000000006" lon="127.54966000000002">
        <ele>329.15000000000003</ele>
      </trkpt>
      <trkpt lat="35.56627" lon="127.55024000000002">
        <ele>329.75000000000006</ele>
      </trkpt>
      <trkpt lat="35.56633" lon="127.5507">
        <ele>330.44</ele>
      </trkpt>
      <trkpt lat="35.56627" lon="127.55088">
        <ele>330.40000000000003</ele>
      </trkpt>
      <trkpt lat="35.56589000123623" lon="127.5514350026839">
        <ele>330.22</ele>
      </trkpt>
      <trkpt lat="35.56551" lon="127.55199">
        <ele>330.34000000000003</ele>
      </trkpt>
      <trkpt lat="35.56541" lon="127.55225000000002">
        <ele>330.07000000000005</ele>
      </trkpt>
      <trkpt lat="35.56531500214697" lon="127.55297000080377">
        <ele>330.37000000000006</ele>
      </trkpt>
      <trkpt lat="35.565220000000004" lon="127.55369000000002">
        <ele>330.27</ele>
      </trkpt>
      <trkpt lat="35.56524" lon="127.55442000000001">
        <ele>332.41</ele>
      </trkpt>
      <trkpt lat="35.565470000000005" lon="127.55518000000001">
        <ele>334.74</ele>
      </trkpt>
      <trkpt lat="35.56587000179181" lon="127.55584999655221">
        <ele>336.31000000000006</ele>
      </trkpt>
      <trkpt lat="35.56627" lon="127.55652">
        <ele>337.71</ele>
      </trkpt>
      <trkpt lat="35.56638" lon="127.55680000000001">
        <ele>339.09</ele>
      </trkpt>
      <trkpt lat="35.566980000124424" lon="127.55667500092355">
        <ele>339.23</ele>
      </trkpt>
      <trkpt lat="35.56758" lon="127.55655000000002">
        <ele>340.47</ele>
      </trkpt>
      <trkpt lat="35.56774" lon="127.55655000000002">
        <ele>341.65</ele>
      </trkpt>
      <trkpt lat="35.567910000000005" lon="127.55660000000002">
        <ele>341.65</ele>
      </trkpt>
      <trkpt lat="35.5679" lon="127.55660000000002">
        <ele>341.62</ele>
      </trkpt>
      <trkpt lat="35.568560000000005" lon="127.55702000000001">
        <ele>346.53</ele>
      </trkpt>
      <trkpt lat="35.569160000000004" lon="127.55665">
        <ele>347.14</ele>
      </trkpt>
      <trkpt lat="35.56955" lon="127.55638">
        <ele>348.88</ele>
      </trkpt>
      <trkpt lat="35.57034" lon="127.55615000000002">
        <ele>351.92</ele>
      </trkpt>
      <trkpt lat="35.57056" lon="127.55615000000002">
        <ele>351.93</ele>
      </trkpt>
      <trkpt lat="35.5713" lon="127.55617000000001">
        <ele>353.92</ele>
      </trkpt>
      <trkpt lat="35.57175000034339" lon="127.55638999883442">
        <ele>356.16</ele>
      </trkpt>
      <trkpt lat="35.5722" lon="127.55661">
        <ele>357.58</ele>
      </trkpt>
      <trkpt lat="35.57256" lon="127.55662000000001">
        <ele>358.02</ele>
      </trkpt>
      <trkpt lat="35.57309" lon="127.55637000000002">
        <ele>359.98</ele>
      </trkpt>
      <trkpt lat="35.57345" lon="127.55610000000001">
        <ele>361.57</ele>
      </trkpt>
      <trkpt lat="35.573570000000004" lon="127.55608000000001">
        <ele>362.74</ele>
      </trkpt>
      <trkpt lat="35.574040000000004" lon="127.55615000000002">
        <ele>363.33000000000004</ele>
      </trkpt>
      <trkpt lat="35.57428" lon="127.55622000000001">
        <ele>362.04</ele>
      </trkpt>
      <trkpt lat="35.574380000000005" lon="127.55632000000001">
        <ele>362.15000000000003</ele>
      </trkpt>
      <trkpt lat="35.574510000000004" lon="127.55635000000001">
        <ele>362.6</ele>
      </trkpt>
      <trkpt lat="35.57493" lon="127.55630000000001">
        <ele>363.34000000000003</ele>
      </trkpt>
      <trkpt lat="35.5752" lon="127.55651000000002">
        <ele>363.88000000000005</ele>
      </trkpt>
      <trkpt lat="35.57537" lon="127.55655000000002">
        <ele>365.09000000000003</ele>
      </trkpt>
      <trkpt lat="35.57546" lon="127.55655000000002">
        <ele>365.76000000000005</ele>
      </trkpt>
      <trkpt lat="35.57547" lon="127.55655000000002">
        <ele>365.76000000000005</ele>
      </trkpt>
      <trkpt lat="35.575770000000006" lon="127.55651000000002">
        <ele>368.13</ele>
      </trkpt>
      <trkpt lat="35.575900000000004" lon="127.55643">
        <ele>368.99</ele>
      </trkpt>
      <trkpt lat="35.576040000000006" lon="127.55628000000002">
        <ele>369.49</ele>
      </trkpt>
      <trkpt lat="35.57632" lon="127.55623000000001">
        <ele>370.91</ele>
      </trkpt>
      <trkpt lat="35.57665" lon="127.55606000000002">
        <ele>372.22</ele>
      </trkpt>
      <trkpt lat="35.5769" lon="127.55577000000001">
        <ele>374.73</ele>
      </trkpt>
      <trkpt lat="35.577130000000004" lon="127.55566000000002">
        <ele>378.04</ele>
      </trkpt>
      <trkpt lat="35.57748" lon="127.55559000000001">
        <ele>380.38000000000005</ele>
      </trkpt>
      <trkpt lat="35.57796500000028" lon="127.55555000024275">
        <ele>382.41</ele>
      </trkpt>
      <trkpt lat="35.578450000000004" lon="127.55551000000001">
        <ele>384.35</ele>
      </trkpt>
      <trkpt lat="35.57846" lon="127.55551000000001">
        <ele>384.35</ele>
      </trkpt>
      <trkpt lat="35.57874" lon="127.55543000000002">
        <ele>385.02000000000004</ele>
      </trkpt>
      <trkpt lat="35.57896" lon="127.55534000000002">
        <ele>385.1</ele>
      </trkpt>
      <trkpt lat="35.579260000000005" lon="127.55527000000001">
        <ele>385.44</ele>
      </trkpt>
      <trkpt lat="35.57936" lon="127.55521000000002">
        <ele>385.44</ele>
      </trkpt>
      <trkpt lat="35.5797550007475" lon="127.55481000188493">
        <ele>386.02000000000004</ele>
      </trkpt>
      <trkpt lat="35.58015" lon="127.55441">
        <ele>387.59000000000003</ele>
      </trkpt>
      <trkpt lat="35.580690000000004" lon="127.55449000000002">
        <ele>390.35</ele>
      </trkpt>
      <trkpt lat="35.58088" lon="127.55449000000002">
        <ele>390.95</ele>
      </trkpt>
      <trkpt lat="35.58155" lon="127.55476000000002">
        <ele>395.03000000000003</ele>
      </trkpt>
      <trkpt lat="35.58189" lon="127.55481">
        <ele>396.95</ele>
      </trkpt>
      <trkpt lat="35.58202" lon="127.55488000000001">
        <ele>398.20000000000005</ele>
      </trkpt>
      <trkpt lat="35.58238" lon="127.55515000000001">
        <ele>401.20000000000005</ele>
      </trkpt>
      <trkpt lat="35.58258" lon="127.55526">
        <ele>403.66</ele>
      </trkpt>
      <trkpt lat="35.582730000000005" lon="127.55530000000002">
        <ele>404.52000000000004</ele>
      </trkpt>
      <trkpt lat="35.58324" lon="127.55532000000001">
        <ele>409.64000000000004</ele>
      </trkpt>
      <trkpt lat="35.583420000000004" lon="127.55525000000002">
        <ele>411.51000000000005</ele>
      </trkpt>
      <trkpt lat="35.583690000000004" lon="127.55499">
        <ele>415.59000000000003</ele>
      </trkpt>
      <trkpt lat="35.583800000000004" lon="127.55497000000001">
        <ele>416.81</ele>
      </trkpt>
      <trkpt lat="35.58393" lon="127.55502000000001">
        <ele>419.39000000000004</ele>
      </trkpt>
      <trkpt lat="35.584050000000005" lon="127.55502000000001">
        <ele>420.50000000000006</ele>
      </trkpt>
      <trkpt lat="35.58444" lon="127.55486">
        <ele>422.14</ele>
      </trkpt>
      <trkpt lat="35.58487" lon="127.55434000000001">
        <ele>424.2</ele>
      </trkpt>
      <trkpt lat="35.585" lon="127.55417000000001">
        <ele>426.64</ele>
      </trkpt>
      <trkpt lat="35.58511" lon="127.55399000000001">
        <ele>427.89000000000004</ele>
      </trkpt>
      <trkpt lat="35.585190000000004" lon="127.55392">
        <ele>431.84000000000003</ele>
      </trkpt>
      <trkpt lat="35.585350000000005" lon="127.55391000000002">
        <ele>433.1</ele>
      </trkpt>
      <trkpt lat="35.58563" lon="127.55398000000001">
        <ele>436.20000000000005</ele>
      </trkpt>
      <trkpt lat="35.58607" lon="127.55418000000002">
        <ele>439.09000000000003</ele>
      </trkpt>
      <trkpt lat="35.58625" lon="127.55423">
        <ele>439.97</ele>
      </trkpt>
      <trkpt lat="35.586580000000005" lon="127.55415">
        <ele>440.81</ele>
      </trkpt>
      <trkpt lat="35.586870000000005" lon="127.55409000000002">
        <ele>441.81</ele>
      </trkpt>
      <trkpt lat="35.58708" lon="127.55411000000001">
        <ele>442.69</ele>
      </trkpt>
      <trkpt lat="35.58726" lon="127.55418000000002">
        <ele>442.69</ele>
      </trkpt>
      <trkpt lat="35.5874" lon="127.55412000000001">
        <ele>443.44000000000005</ele>
      </trkpt>
      <trkpt lat="35.58753" lon="127.55403000000001">
        <ele>444.24</ele>
      </trkpt>
      <trkpt lat="35.58762" lon="127.55400000000002">
        <ele>445.00000000000006</ele>
      </trkpt>
      <trkpt lat="35.58771" lon="127.55403000000001">
        <ele>445.73</ele>
      </trkpt>
      <trkpt lat="35.58782" lon="127.55404000000001">
        <ele>446.64000000000004</ele>
      </trkpt>
      <trkpt lat="35.587900000000005" lon="127.55399000000001">
        <ele>447.03000000000003</ele>
      </trkpt>
      <trkpt lat="35.58838" lon="127.55358000000001">
        <ele>450.05000000000007</ele>
      </trkpt>
      <trkpt lat="35.58856" lon="127.55353000000001">
        <ele>450.81000000000006</ele>
      </trkpt>
      <trkpt lat="35.588800000000006" lon="127.55364000000002">
        <ele>451.84000000000003</ele>
      </trkpt>
      <trkpt lat="35.58897" lon="127.55376000000001">
        <ele>452.76000000000005</ele>
      </trkpt>
      <trkpt lat="35.58914" lon="127.55381000000001">
        <ele>453.33</ele>
      </trkpt>
      <trkpt lat="35.589310000000005" lon="127.55391000000002">
        <ele>454.18</ele>
      </trkpt>
      <trkpt lat="35.589580000000005" lon="127.55428">
        <ele>456.51</ele>
      </trkpt>
      <trkpt lat="35.589780000000005" lon="127.55447000000001">
        <ele>458.52000000000004</ele>
      </trkpt>
      <trkpt lat="35.59019" lon="127.55445000000002">
        <ele>460.75000000000006</ele>
      </trkpt>
      <trkpt lat="35.59055" lon="127.55439000000001">
        <ele>463.22</ele>
      </trkpt>
      <trkpt lat="35.5908" lon="127.55440000000002">
        <ele>464.88</ele>
      </trkpt>
      <trkpt lat="35.59095" lon="127.55435000000001">
        <ele>465.93</ele>
      </trkpt>
      <trkpt lat="35.591170000000005" lon="127.55421000000001">
        <ele>467.99</ele>
      </trkpt>
      <trkpt lat="35.591280000000005" lon="127.55417000000001">
        <ele>469.4800000000001</ele>
      </trkpt>
      <trkpt lat="35.591590000000004" lon="127.55425000000001">
        <ele>471.27000000000004</ele>
      </trkpt>
      <trkpt lat="35.59179" lon="127.55426000000001">
        <ele>471.4200000000001</ele>
      </trkpt>
      <trkpt lat="35.59194" lon="127.55417000000001">
        <ele>471.32</ele>
      </trkpt>
      <trkpt lat="35.59228" lon="127.55411000000001">
        <ele>472.56</ele>
      </trkpt>
      <trkpt lat="35.592690000000005" lon="127.55417000000001">
        <ele>476.5</ele>
      </trkpt>
      <trkpt lat="35.593140000000005" lon="127.55438000000001">
        <ele>482.45000000000005</ele>
      </trkpt>
      <trkpt lat="35.593270000000004" lon="127.5545">
        <ele>484.77000000000004</ele>
      </trkpt>
      <trkpt lat="35.593680000000006" lon="127.55513">
        <ele>496.48</ele>
      </trkpt>
      <trkpt lat="35.593810000000005" lon="127.55530000000002">
        <ele>499.63</ele>
      </trkpt>
      <trkpt lat="35.59393" lon="127.5554">
        <ele>503.63</ele>
      </trkpt>
      <trkpt lat="35.594060000000006" lon="127.55560000000001">
        <ele>505.13000000000005</ele>
      </trkpt>
      <trkpt lat="35.59414" lon="127.55592000000001">
        <ele>510.53999999999996</ele>
      </trkpt>
      <trkpt lat="35.59425" lon="127.55613000000001">
        <ele>513.14</ele>
      </trkpt>
      <trkpt lat="35.594500000000004" lon="127.55641000000001">
        <ele>514.83</ele>
      </trkpt>
      <trkpt lat="35.59463" lon="127.55651000000002">
        <ele>516.4000000000001</ele>
      </trkpt>
      <trkpt lat="35.594950000000004" lon="127.55695000000001">
        <ele>523.57</ele>
      </trkpt>
      <trkpt lat="35.595180000000006" lon="127.55707000000001">
        <ele>525.0</ele>
      </trkpt>
      <trkpt lat="35.59516" lon="127.55712000000001">
        <ele>525.59</ele>
      </trkpt>
      <trkpt lat="35.595060000000004" lon="127.55713000000002">
        <ele>525.7700000000001</ele>
      </trkpt>
      <trkpt lat="35.59498" lon="127.55711000000001">
        <ele>526.25</ele>
      </trkpt>
      <trkpt lat="35.594620000000006" lon="127.55682000000002">
        <ele>529.34</ele>
      </trkpt>
      <trkpt lat="35.59452" lon="127.55680000000001">
        <ele>529.59</ele>
      </trkpt>
      <trkpt lat="35.59427" lon="127.55689000000001">
        <ele>531.08</ele>
      </trkpt>
      <trkpt lat="35.594190000000005" lon="127.55685000000001">
        <ele>532.4300000000001</ele>
      </trkpt>
      <trkpt lat="35.594150000000006" lon="127.55679">
        <ele>532.4300000000001</ele>
      </trkpt>
      <trkpt lat="35.59414" lon="127.55650000000001">
        <ele>533.83</ele>
      </trkpt>
      <trkpt lat="35.594030000000004" lon="127.55635000000001">
        <ele>533.99</ele>
      </trkpt>
      <trkpt lat="35.593770000000006" lon="127.55614000000001">
        <ele>539.64</ele>
      </trkpt>
      <trkpt lat="35.593720000000005" lon="127.55618000000001">
        <ele>542.83</ele>
      </trkpt>
      <trkpt lat="35.59351" lon="127.55674">
        <ele>551.79</ele>
      </trkpt>
      <trkpt lat="35.59351" lon="127.55673000000002">
        <ele>551.79</ele>
      </trkpt>
      <trkpt lat="35.593320000000006" lon="127.55715000000001">
        <ele>562.0</ele>
      </trkpt>
      <trkpt lat="35.59311" lon="127.55743000000001">
        <ele>567.96</ele>
      </trkpt>
      <trkpt lat="35.59295" lon="127.55761000000001">
        <ele>570.1700000000001</ele>
      </trkpt>
      <trkpt lat="35.5927" lon="127.55759">
        <ele>572.45</ele>
      </trkpt>
      <trkpt lat="35.592650000000006" lon="127.55764">
        <ele>572.99</ele>
      </trkpt>
      <trkpt lat="35.59263" lon="127.55773">
        <ele>574.0</ele>
      </trkpt>
      <trkpt lat="35.59261" lon="127.55782">
        <ele>575.5</ele>
      </trkpt>
      <trkpt lat="35.59261" lon="127.55798000000001">
        <ele>576.44</ele>
      </trkpt>
      <trkpt lat="35.592690000000005" lon="127.55809">
        <ele>577.76</ele>
      </trkpt>
      <trkpt lat="35.592780000000005" lon="127.55816000000002">
        <ele>579.46</ele>
      </trkpt>
      <trkpt lat="35.593" lon="127.55806000000001">
        <ele>581.72</ele>
      </trkpt>
      <trkpt lat="35.59308" lon="127.55795">
        <ele>581.96</ele>
      </trkpt>
      <trkpt lat="35.593410000000006" lon="127.55757000000001">
        <ele>586.6999999999999</ele>
      </trkpt>
      <trkpt lat="35.59349" lon="127.5575">
        <ele>586.6999999999999</ele>
      </trkpt>
      <trkpt lat="35.593540000000004" lon="127.5575">
        <ele>587.5100000000001</ele>
      </trkpt>
      <trkpt lat="35.59357" lon="127.55753000000001">
        <ele>587.86</ele>
      </trkpt>
      <trkpt lat="35.593590000000006" lon="127.55772000000002">
        <ele>588.43</ele>
      </trkpt>
      <trkpt lat="35.59355" lon="127.55810000000001">
        <ele>590.04</ele>
      </trkpt>
      <trkpt lat="35.593590000000006" lon="127.55825000000002">
        <ele>591.08</ele>
      </trkpt>
      <trkpt lat="35.593680000000006" lon="127.55831">
        <ele>591.7300000000001</ele>
      </trkpt>
      <trkpt lat="35.5938" lon="127.55825000000002">
        <ele>592.1899999999999</ele>
      </trkpt>
      <trkpt lat="35.594300000000004" lon="127.55781">
        <ele>595.97</ele>
      </trkpt>
      <trkpt lat="35.594350000000006" lon="127.55784000000001">
        <ele>596.4</ele>
      </trkpt>
      <trkpt lat="35.59442" lon="127.55813">
        <ele>598.77</ele>
      </trkpt>
      <trkpt lat="35.59445" lon="127.55862">
        <ele>603.16</ele>
      </trkpt>
      <trkpt lat="35.59465" lon="127.55889">
        <ele>604.85</ele>
      </trkpt>
      <trkpt lat="35.5946" lon="127.55927000000001">
        <ele>606.48</ele>
      </trkpt>
      <trkpt lat="35.594640000000005" lon="127.55939000000001">
        <ele>607.09</ele>
      </trkpt>
      <trkpt lat="35.59483" lon="127.55949000000001">
        <ele>608.9</ele>
      </trkpt>
      <trkpt lat="35.594840000000005" lon="127.55959000000001">
        <ele>609.46</ele>
      </trkpt>
      <trkpt lat="35.59478" lon="127.56003000000001">
        <ele>611.71</ele>
      </trkpt>
      <trkpt lat="35.59485" lon="127.56031000000002">
        <ele>613.6</ele>
      </trkpt>
      <trkpt lat="35.594950000000004" lon="127.56056000000001">
        <ele>617.0000000000001</ele>
      </trkpt>
      <trkpt lat="35.59514" lon="127.56064">
        <ele>618.8800000000001</ele>
      </trkpt>
      <trkpt lat="35.59528" lon="127.56058000000002">
        <ele>620.59</ele>
      </trkpt>
      <trkpt lat="35.595420000000004" lon="127.56030000000001">
        <ele>622.39</ele>
      </trkpt>
      <trkpt lat="35.59554" lon="127.56018000000002">
        <ele>623.82</ele>
      </trkpt>
      <trkpt lat="35.595620000000004" lon="127.56012000000001">
        <ele>624.62</ele>
      </trkpt>
      <trkpt lat="35.595850000000006" lon="127.55981000000001">
        <ele>627.46</ele>
      </trkpt>
      <trkpt lat="35.59593" lon="127.55978">
        <ele>627.83</ele>
      </trkpt>
      <trkpt lat="35.59649" lon="127.55979">
        <ele>630.6</ele>
      </trkpt>
      <trkpt lat="35.59677000000001" lon="127.55987">
        <ele>629.38</ele>
      </trkpt>
      <trkpt lat="35.596920000000004" lon="127.55995000000001">
        <ele>628.6700000000001</ele>
      </trkpt>
      <trkpt lat="35.59696" lon="127.56006000000001">
        <ele>627.8800000000001</ele>
      </trkpt>
      <trkpt lat="35.596970000000006" lon="127.56034000000001">
        <ele>625.5500000000001</ele>
      </trkpt>
      <trkpt lat="35.597010000000004" lon="127.5605">
        <ele>624.94</ele>
      </trkpt>
      <trkpt lat="35.59709" lon="127.56057000000001">
        <ele>625.24</ele>
      </trkpt>
      <trkpt lat="35.59725" lon="127.56077">
        <ele>626.22</ele>
      </trkpt>
      <trkpt lat="35.59738" lon="127.56109000000001">
        <ele>628.85</ele>
      </trkpt>
      <trkpt lat="35.59713" lon="127.56174000000001">
        <ele>633.1800000000001</ele>
      </trkpt>
      <trkpt lat="35.597120000000004" lon="127.56186000000001">
        <ele>633.5200000000001</ele>
      </trkpt>
      <trkpt lat="35.597190000000005" lon="127.56199000000001">
        <ele>635.12</ele>
      </trkpt>
      <trkpt lat="35.59727" lon="127.56208000000001">
        <ele>635.85</ele>
      </trkpt>
      <trkpt lat="35.597350000000006" lon="127.56210000000002">
        <ele>636.26</ele>
      </trkpt>
      <trkpt lat="35.5976" lon="127.56199000000001">
        <ele>639.17</ele>
      </trkpt>
      <trkpt lat="35.597680000000004" lon="127.56200000000001">
        <ele>640.0600000000001</ele>
      </trkpt>
      <trkpt lat="35.59772" lon="127.56206000000002">
        <ele>640.75</ele>
      </trkpt>
      <trkpt lat="35.59779" lon="127.56249000000001">
        <ele>643.0300000000001</ele>
      </trkpt>
      <trkpt lat="35.597930000000005" lon="127.56277000000001">
        <ele>645.21</ele>
      </trkpt>
      <trkpt lat="35.598110000000005" lon="127.56322000000002">
        <ele>650.4700000000001</ele>
      </trkpt>
      <trkpt lat="35.5981" lon="127.56341">
        <ele>652.85</ele>
      </trkpt>
      <trkpt lat="35.597970000000004" lon="127.56365000000001">
        <ele>655.85</ele>
      </trkpt>
      <trkpt lat="35.59792" lon="127.56382">
        <ele>655.85</ele>
      </trkpt>
      <trkpt lat="35.597950000000004" lon="127.5639">
        <ele>656.8900000000001</ele>
      </trkpt>
      <trkpt lat="35.59801" lon="127.56395">
        <ele>658.0</ele>
      </trkpt>
      <trkpt lat="35.59808" lon="127.56397000000001">
        <ele>658.0</ele>
      </trkpt>
      <trkpt lat="35.59835" lon="127.56399">
        <ele>661.49</ele>
      </trkpt>
      <trkpt lat="35.59846" lon="127.56404">
        <ele>663.07</ele>
      </trkpt>
      <trkpt lat="35.598530000000004" lon="127.56412000000002">
        <ele>664.5500000000001</ele>
      </trkpt>
      <trkpt lat="35.59855" lon="127.56437000000001">
        <ele>666.2300000000001</ele>
      </trkpt>
      <trkpt lat="35.59864" lon="127.56483000000001">
        <ele>670.63</ele>
      </trkpt>
      <trkpt lat="35.59877" lon="127.56506000000002">
        <ele>672.0500000000001</ele>
      </trkpt>
      <trkpt lat="35.5989" lon="127.56512000000001">
        <ele>673.1700000000001</ele>
      </trkpt>
      <trkpt lat="35.59899" lon="127.56526000000001">
        <ele>676.8100000000001</ele>
      </trkpt>
      <trkpt lat="35.59901" lon="127.56538">
        <ele>676.8100000000001</ele>
      </trkpt>
      <trkpt lat="35.598960000000005" lon="127.56553000000001">
        <ele>678.51</ele>
      </trkpt>
      <trkpt lat="35.59886" lon="127.56552">
        <ele>679.5500000000001</ele>
      </trkpt>
      <trkpt lat="35.59848" lon="127.56540000000001">
        <ele>683.97</ele>
      </trkpt>
      <trkpt lat="35.59845" lon="127.56535000000001">
        <ele>685.0</ele>
      </trkpt>
      <trkpt lat="35.59828" lon="127.56444">
        <ele>689.12</ele>
      </trkpt>
      <trkpt lat="35.59821" lon="127.5644">
        <ele>689.8000000000001</ele>
      </trkpt>
      <trkpt lat="35.59792" lon="127.56454000000001">
        <ele>690.98</ele>
      </trkpt>
      <trkpt lat="35.59738" lon="127.56484">
        <ele>695.96</ele>
      </trkpt>
      <trkpt lat="35.5972" lon="127.56484">
        <ele>698.0</ele>
      </trkpt>
      <trkpt lat="35.597080000000005" lon="127.56477000000001">
        <ele>701.71</ele>
      </trkpt>
      <trkpt lat="35.59673" lon="127.56445000000001">
        <ele>717.95</ele>
      </trkpt>
      <trkpt lat="35.59664" lon="127.56446000000001">
        <ele>717.95</ele>
      </trkpt>
      <trkpt lat="35.59664" lon="127.56460000000001">
        <ele>721.71</ele>
      </trkpt>
      <trkpt lat="35.596680000000006" lon="127.56469000000001">
        <ele>724.0000000000001</ele>
      </trkpt>
      <trkpt lat="35.59691" lon="127.56489">
        <ele>724.99</ele>
      </trkpt>
      <trkpt lat="35.597" lon="127.56516">
        <ele>725.57</ele>
      </trkpt>
      <trkpt lat="35.597080000000005" lon="127.56530000000001">
        <ele>725.83</ele>
      </trkpt>
      <trkpt lat="35.59716" lon="127.56531000000001">
        <ele>726.04</ele>
      </trkpt>
      <trkpt lat="35.59772" lon="127.56512000000001">
        <ele>728.1200000000001</ele>
      </trkpt>
      <trkpt lat="35.597860000000004" lon="127.56513000000001">
        <ele>728.8000000000001</ele>
      </trkpt>
      <trkpt lat="35.597910000000006" lon="127.5652">
        <ele>729.01</ele>
      </trkpt>
      <trkpt lat="35.597930000000005" lon="127.56530000000001">
        <ele>729.01</ele>
      </trkpt>
      <trkpt lat="35.597910000000006" lon="127.56557000000001">
        <ele>729.53</ele>
      </trkpt>
      <trkpt lat="35.597770000000004" lon="127.56583">
        <ele>729.37</ele>
      </trkpt>
      <trkpt lat="35.597750000000005" lon="127.5661">
        <ele>728.3900000000001</ele>
      </trkpt>
      <trkpt lat="35.5978" lon="127.56626000000001">
        <ele>728.0000000000001</ele>
      </trkpt>
      <trkpt lat="35.59787" lon="127.56638000000001">
        <ele>727.99</ele>
      </trkpt>
      <trkpt lat="35.59794" lon="127.56642000000001">
        <ele>728.22</ele>
      </trkpt>
      <trkpt lat="35.59801" lon="127.56643000000001">
        <ele>728.6300000000001</ele>
      </trkpt>
      <trkpt lat="35.59823" lon="127.56634000000001">
        <ele>730.4600000000002</ele>
      </trkpt>
      <trkpt lat="35.59836" lon="127.56632">
        <ele>730.99</ele>
      </trkpt>
      <trkpt lat="35.598440000000004" lon="127.56637">
        <ele>731.35</ele>
      </trkpt>
      <trkpt lat="35.598470000000006" lon="127.56641">
        <ele>731.48</ele>
      </trkpt>
      <trkpt lat="35.598440000000004" lon="127.56673">
        <ele>731.62</ele>
      </trkpt>
      <trkpt lat="35.59845" lon="127.56697000000001">
        <ele>731.5</ele>
      </trkpt>
      <trkpt lat="35.598510000000005" lon="127.56712000000002">
        <ele>731.5100000000001</ele>
      </trkpt>
      <trkpt lat="35.598600000000005" lon="127.56724000000001">
        <ele>731.9100000000001</ele>
      </trkpt>
      <trkpt lat="35.598690000000005" lon="127.56725000000002">
        <ele>732.5500000000001</ele>
      </trkpt>
      <trkpt lat="35.59897" lon="127.56720000000001">
        <ele>735.0000000000001</ele>
      </trkpt>
      <trkpt lat="35.599050000000005" lon="127.56724000000001">
        <ele>735.65</ele>
      </trkpt>
      <trkpt lat="35.59915" lon="127.56745000000001">
        <ele>736.82</ele>
      </trkpt>
      <trkpt lat="35.599230000000006" lon="127.56762">
        <ele>738.09</ele>
      </trkpt>
      <trkpt lat="35.599340000000005" lon="127.56771">
        <ele>738.5500000000001</ele>
      </trkpt>
      <trkpt lat="35.59951" lon="127.56779000000002">
        <ele>739.14</ele>
      </trkpt>
      <trkpt lat="35.599590000000006" lon="127.56775">
        <ele>739.5</ele>
      </trkpt>
      <trkpt lat="35.599720000000005" lon="127.56762">
        <ele>740.19</ele>
      </trkpt>
      <trkpt lat="35.599830000000004" lon="127.56755000000001">
        <ele>741.24</ele>
      </trkpt>
      <trkpt lat="35.599940000000004" lon="127.56754000000001">
        <ele>741.7</ele>
      </trkpt>
      <trkpt lat="35.60009" lon="127.56760000000001">
        <ele>742.0600000000001</ele>
      </trkpt>
      <trkpt lat="35.60036" lon="127.56760000000001">
        <ele>743.0600000000001</ele>
      </trkpt>
      <trkpt lat="35.600570000000005" lon="127.56756000000001">
        <ele>743.6100000000001</ele>
      </trkpt>
      <trkpt lat="35.600730000000006" lon="127.56759000000001">
        <ele>744.07</ele>
      </trkpt>
      <trkpt lat="35.601110000000006" lon="127.5678">
        <ele>745.6100000000001</ele>
      </trkpt>
      <trkpt lat="35.60134" lon="127.56800000000001">
        <ele>746.58</ele>
      </trkpt>
      <trkpt lat="35.60146" lon="127.56805000000001">
        <ele>746.82</ele>
      </trkpt>
      <trkpt lat="35.60154" lon="127.56799000000001">
        <ele>746.71</ele>
      </trkpt>
      <trkpt lat="35.60155" lon="127.56771">
        <ele>746.2</ele>
      </trkpt>
      <trkpt lat="35.6015" lon="127.56744">
        <ele>745.6700000000001</ele>
      </trkpt>
      <trkpt lat="35.601350000000004" lon="127.56709000000001">
        <ele>745.1700000000001</ele>
      </trkpt>
      <trkpt lat="35.60136" lon="127.56693000000001">
        <ele>744.53</ele>
      </trkpt>
      <trkpt lat="35.60152" lon="127.56671000000001">
        <ele>742.89</ele>
      </trkpt>
      <trkpt lat="35.601530000000004" lon="127.56645000000002">
        <ele>742.7900000000001</ele>
      </trkpt>
      <trkpt lat="35.601580000000006" lon="127.56631000000002">
        <ele>742.99</ele>
      </trkpt>
      <trkpt lat="35.60181" lon="127.56611000000001">
        <ele>744.32</ele>
      </trkpt>
      <trkpt lat="35.601870000000005" lon="127.56603000000001">
        <ele>744.45</ele>
      </trkpt>
      <trkpt lat="35.601960000000005" lon="127.56601">
        <ele>744.53</ele>
      </trkpt>
      <trkpt lat="35.60213" lon="127.56605">
        <ele>743.9</ele>
      </trkpt>
      <trkpt lat="35.60246" lon="127.56586000000001">
        <ele>743.6400000000001</ele>
      </trkpt>
      <trkpt lat="35.60262" lon="127.56557000000001">
        <ele>744.09</ele>
      </trkpt>
      <trkpt lat="35.6028" lon="127.56547">
        <ele>744.87</ele>
      </trkpt>
      <trkpt lat="35.60284" lon="127.56540000000001">
        <ele>744.87</ele>
      </trkpt>
      <trkpt lat="35.602830000000004" lon="127.56529">
        <ele>744.8</ele>
      </trkpt>
      <trkpt lat="35.602650000000004" lon="127.56512000000001">
        <ele>744.45</ele>
      </trkpt>
      <trkpt lat="35.602560000000004" lon="127.56494">
        <ele>744.6400000000001</ele>
      </trkpt>
      <trkpt lat="35.602610000000006" lon="127.56483000000001">
        <ele>744.92</ele>
      </trkpt>
      <trkpt lat="35.602740000000004" lon="127.56466">
        <ele>745.72</ele>
      </trkpt>
      <trkpt lat="35.602790000000006" lon="127.56457">
        <ele>745.77</ele>
      </trkpt>
      <trkpt lat="35.602790000000006" lon="127.56419000000001">
        <ele>744.8</ele>
      </trkpt>
      <trkpt lat="35.60287" lon="127.56394000000002">
        <ele>744.71</ele>
      </trkpt>
      <trkpt lat="35.60302" lon="127.56365000000001">
        <ele>745.4200000000001</ele>
      </trkpt>
      <trkpt lat="35.603010000000005" lon="127.56354000000002">
        <ele>746.3100000000001</ele>
      </trkpt>
      <trkpt lat="35.602940000000004" lon="127.56339000000001">
        <ele>746.72</ele>
      </trkpt>
      <trkpt lat="35.60276" lon="127.56321000000001">
        <ele>747.29</ele>
      </trkpt>
      <trkpt lat="35.602740000000004" lon="127.56319">
        <ele>747.29</ele>
      </trkpt>
      <trkpt lat="35.602700000000006" lon="127.56315000000001">
        <ele>747.29</ele>
      </trkpt>
      <trkpt lat="35.60266" lon="127.56302000000001">
        <ele>747.24</ele>
      </trkpt>
      <trkpt lat="35.602810000000005" lon="127.56267000000001">
        <ele>747.98</ele>
      </trkpt>
      <trkpt lat="35.602940000000004" lon="127.56257000000001">
        <ele>749.0600000000001</ele>
      </trkpt>
      <trkpt lat="35.603120000000004" lon="127.56233000000002">
        <ele>749.96</ele>
      </trkpt>
      <trkpt lat="35.603210000000004" lon="127.56193">
        <ele>750.8100000000001</ele>
      </trkpt>
      <trkpt lat="35.603280000000005" lon="127.56188000000002">
        <ele>750.8100000000001</ele>
      </trkpt>
      <trkpt lat="35.603590000000004" lon="127.56210000000002">
        <ele>751.46</ele>
      </trkpt>
      <trkpt lat="35.60376" lon="127.56212000000001">
        <ele>751.85</ele>
      </trkpt>
      <trkpt lat="35.60396" lon="127.56210000000002">
        <ele>752.32</ele>
      </trkpt>
      <trkpt lat="35.604150000000004" lon="127.56203000000001">
        <ele>752.45</ele>
      </trkpt>
      <trkpt lat="35.60425" lon="127.56193">
        <ele>752.45</ele>
      </trkpt>
      <trkpt lat="35.604420000000005" lon="127.56167">
        <ele>751.9300000000001</ele>
      </trkpt>
      <trkpt lat="35.604560000000006" lon="127.56150000000001">
        <ele>750.97</ele>
      </trkpt>
      <trkpt lat="35.604760000000006" lon="127.56133000000001">
        <ele>749.4300000000001</ele>
      </trkpt>
      <trkpt lat="35.6049" lon="127.56130000000002">
        <ele>748.6400000000001</ele>
      </trkpt>
      <trkpt lat="35.605050000000006" lon="127.56130000000002">
        <ele>747.73</ele>
      </trkpt>
      <trkpt lat="35.605180000000004" lon="127.56128000000001">
        <ele>747.73</ele>
      </trkpt>
      <trkpt lat="35.605290000000004" lon="127.56118000000001">
        <ele>746.0600000000001</ele>
      </trkpt>
      <trkpt lat="35.605320000000006" lon="127.56057000000001">
        <ele>741.2700000000001</ele>
      </trkpt>
      <trkpt lat="35.605410000000006" lon="127.56027000000002">
        <ele>741.2700000000001</ele>
      </trkpt>
      <trkpt lat="35.60553" lon="127.56005">
        <ele>739.83</ele>
      </trkpt>
      <trkpt lat="35.605560000000004" lon="127.55993000000001">
        <ele>738.82</ele>
      </trkpt>
      <trkpt lat="35.60553" lon="127.55981000000001">
        <ele>737.95</ele>
      </trkpt>
      <trkpt lat="35.605470000000004" lon="127.55978">
        <ele>737.0000000000001</ele>
      </trkpt>
      <trkpt lat="35.605410000000006" lon="127.55981000000001">
        <ele>736.0000000000001</ele>
      </trkpt>
      <trkpt lat="35.605070000000005" lon="127.56030000000001">
        <ele>732.9300000000001</ele>
      </trkpt>
      <trkpt lat="35.604940000000006" lon="127.56041">
        <ele>732.28</ele>
      </trkpt>
      <trkpt lat="35.604820000000004" lon="127.56037">
        <ele>731.8800000000001</ele>
      </trkpt>
      <trkpt lat="35.60477" lon="127.56030000000001">
        <ele>731.34</ele>
      </trkpt>
      <trkpt lat="35.6047" lon="127.56008000000001">
        <ele>730.2</ele>
      </trkpt>
      <trkpt lat="35.604380000000006" lon="127.55950000000001">
        <ele>725.38</ele>
      </trkpt>
      <trkpt lat="35.60412" lon="127.55923000000001">
        <ele>723.62</ele>
      </trkpt>
      <trkpt lat="35.604000000000006" lon="127.55892000000001">
        <ele>721.9000000000001</ele>
      </trkpt>
      <trkpt lat="35.60398" lon="127.5588">
        <ele>721.0500000000001</ele>
      </trkpt>
      <trkpt lat="35.60405" lon="127.55874000000001">
        <ele>720.04</ele>
      </trkpt>
      <trkpt lat="35.604150000000004" lon="127.55875">
        <ele>717.9200000000001</ele>
      </trkpt>
      <trkpt lat="35.60434" lon="127.55891000000001">
        <ele>716.55</ele>
      </trkpt>
      <trkpt lat="35.60461" lon="127.55901000000001">
        <ele>714.22</ele>
      </trkpt>
      <trkpt lat="35.604820000000004" lon="127.55903">
        <ele>712.96</ele>
      </trkpt>
      <trkpt lat="35.604940000000006" lon="127.55900000000001">
        <ele>712.6300000000001</ele>
      </trkpt>
      <trkpt lat="35.60506" lon="127.55882000000001">
        <ele>711.5300000000001</ele>
      </trkpt>
      <trkpt lat="35.605340000000005" lon="127.55831">
        <ele>705.8199999999999</ele>
      </trkpt>
      <trkpt lat="35.605650000000004" lon="127.5579">
        <ele>703.03</ele>
      </trkpt>
      <trkpt lat="35.60568" lon="127.55778000000001">
        <ele>703.08</ele>
      </trkpt>
      <trkpt lat="35.60573" lon="127.55767000000002">
        <ele>703.5300000000001</ele>
      </trkpt>
      <trkpt lat="35.60602" lon="127.55745000000002">
        <ele>704.1</ele>
      </trkpt>
      <trkpt lat="35.606120000000004" lon="127.55730000000001">
        <ele>704.1700000000001</ele>
      </trkpt>
      <trkpt lat="35.60622" lon="127.55724000000001">
        <ele>703.9000000000001</ele>
      </trkpt>
      <trkpt lat="35.606500000000004" lon="127.55730000000001">
        <ele>702.4300000000001</ele>
      </trkpt>
      <trkpt lat="35.6066" lon="127.55726000000001">
        <ele>701.4300000000001</ele>
      </trkpt>
      <trkpt lat="35.60669" lon="127.55717000000001">
        <ele>701.13</ele>
      </trkpt>
      <trkpt lat="35.60671" lon="127.55705">
        <ele>700.08</ele>
      </trkpt>
      <trkpt lat="35.60669" lon="127.55685000000001">
        <ele>698.8100000000001</ele>
      </trkpt>
      <trkpt lat="35.606750000000005" lon="127.55674">
        <ele>697.7</ele>
      </trkpt>
      <trkpt lat="35.60685" lon="127.5567">
        <ele>695.86</ele>
      </trkpt>
      <trkpt lat="35.60698" lon="127.55659000000001">
        <ele>694.22</ele>
      </trkpt>
      <trkpt lat="35.607020000000006" lon="127.55649000000001">
        <ele>693.7800000000001</ele>
      </trkpt>
      <trkpt lat="35.60699" lon="127.55641000000001">
        <ele>692.25</ele>
      </trkpt>
      <trkpt lat="35.60696" lon="127.55623000000001">
        <ele>692.25</ele>
      </trkpt>
      <trkpt lat="35.607020000000006" lon="127.55618000000001">
        <ele>690.6500000000001</ele>
      </trkpt>
      <trkpt lat="35.60716" lon="127.55614000000001">
        <ele>689.9200000000001</ele>
      </trkpt>
      <trkpt lat="35.607220000000005" lon="127.55607">
        <ele>689.27</ele>
      </trkpt>
      <trkpt lat="35.607350000000004" lon="127.55585">
        <ele>688.0</ele>
      </trkpt>
      <trkpt lat="35.60741" lon="127.55565000000001">
        <ele>687.52</ele>
      </trkpt>
      <trkpt lat="35.60763" lon="127.55544">
        <ele>686.9000000000001</ele>
      </trkpt>
      <trkpt lat="35.607800000000005" lon="127.55510000000001">
        <ele>687.86</ele>
      </trkpt>
      <trkpt lat="35.607940000000006" lon="127.55508">
        <ele>689.12</ele>
      </trkpt>
      <trkpt lat="35.60803" lon="127.55512000000002">
        <ele>690.1600000000001</ele>
      </trkpt>
      <trkpt lat="35.60822" lon="127.55566000000002">
        <ele>691.72</ele>
      </trkpt>
      <trkpt lat="35.60824" lon="127.55584">
        <ele>691.96</ele>
      </trkpt>
      <trkpt lat="35.60824" lon="127.55618000000001">
        <ele>692.1</ele>
      </trkpt>
      <trkpt lat="35.6083" lon="127.55650000000001">
        <ele>691.5500000000001</ele>
      </trkpt>
      <trkpt lat="35.60819" lon="127.55673000000002">
        <ele>690.28</ele>
      </trkpt>
      <trkpt lat="35.60817" lon="127.55697">
        <ele>688.5300000000001</ele>
      </trkpt>
      <trkpt lat="35.60811" lon="127.55734000000001">
        <ele>686.86</ele>
      </trkpt>
      <trkpt lat="35.608140000000006" lon="127.55747000000001">
        <ele>686.5400000000001</ele>
      </trkpt>
      <trkpt lat="35.60821" lon="127.55757000000001">
        <ele>686.3</ele>
      </trkpt>
      <trkpt lat="35.60828" lon="127.55760000000001">
        <ele>686.34</ele>
      </trkpt>
      <trkpt lat="35.608470000000004" lon="127.55764">
        <ele>686.91</ele>
      </trkpt>
      <trkpt lat="35.60871" lon="127.55763000000002">
        <ele>688.52</ele>
      </trkpt>
      <trkpt lat="35.60898" lon="127.55777">
        <ele>691.88</ele>
      </trkpt>
      <trkpt lat="35.60933" lon="127.55767000000002">
        <ele>696.3800000000001</ele>
      </trkpt>
      <trkpt lat="35.609440000000006" lon="127.55784000000001">
        <ele>697.7500000000001</ele>
      </trkpt>
      <trkpt lat="35.6096" lon="127.558">
        <ele>698.55</ele>
      </trkpt>
      <trkpt lat="35.60965" lon="127.55808">
        <ele>698.49</ele>
      </trkpt>
      <trkpt lat="35.60962" lon="127.55834000000002">
        <ele>696.52</ele>
      </trkpt>
      <trkpt lat="35.609680000000004" lon="127.55860000000001">
        <ele>694.2600000000001</ele>
      </trkpt>
      <trkpt lat="35.60951" lon="127.55881000000001">
        <ele>690.84</ele>
      </trkpt>
      <trkpt lat="35.60945" lon="127.55895000000001">
        <ele>690.25</ele>
      </trkpt>
      <trkpt lat="35.609550000000006" lon="127.55923000000001">
        <ele>690.0</ele>
      </trkpt>
      <trkpt lat="35.609640000000006" lon="127.55939000000001">
        <ele>690.0</ele>
      </trkpt>
      <trkpt lat="35.60967" lon="127.55966000000001">
        <ele>689.6300000000001</ele>
      </trkpt>
      <trkpt lat="35.60972" lon="127.55984000000001">
        <ele>689.08</ele>
      </trkpt>
      <trkpt lat="35.60967" lon="127.55997">
        <ele>688.6000000000001</ele>
      </trkpt>
      <trkpt lat="35.60956" lon="127.56018000000002">
        <ele>686.88</ele>
      </trkpt>
      <trkpt lat="35.60954" lon="127.56039000000001">
        <ele>685.97</ele>
      </trkpt>
      <trkpt lat="35.6096" lon="127.56053000000001">
        <ele>685.9200000000001</ele>
      </trkpt>
      <trkpt lat="35.609680000000004" lon="127.56061000000001">
        <ele>686.07</ele>
      </trkpt>
      <trkpt lat="35.61001" lon="127.56068">
        <ele>686.5500000000001</ele>
      </trkpt>
      <trkpt lat="35.610130000000005" lon="127.56069000000001">
        <ele>686.73</ele>
      </trkpt>
      <trkpt lat="35.61032" lon="127.56061000000001">
        <ele>686.64</ele>
      </trkpt>
      <trkpt lat="35.61046" lon="127.56061000000001">
        <ele>686.03</ele>
      </trkpt>
      <trkpt lat="35.610620000000004" lon="127.56066000000001">
        <ele>684.2600000000001</ele>
      </trkpt>
      <trkpt lat="35.610670000000006" lon="127.56071000000001">
        <ele>683.03</ele>
      </trkpt>
      <trkpt lat="35.610670000000006" lon="127.56089000000001">
        <ele>680.8100000000001</ele>
      </trkpt>
      <trkpt lat="35.61072" lon="127.56097000000001">
        <ele>678.46</ele>
      </trkpt>
      <trkpt lat="35.61088" lon="127.56112000000002">
        <ele>675.19</ele>
      </trkpt>
      <trkpt lat="35.61093" lon="127.56124000000001">
        <ele>675.19</ele>
      </trkpt>
      <trkpt lat="35.610980000000005" lon="127.56147000000001">
        <ele>670.1700000000001</ele>
      </trkpt>
      <trkpt lat="35.611070000000005" lon="127.56158">
        <ele>668.71</ele>
      </trkpt>
      <trkpt lat="35.61126" lon="127.56176">
        <ele>664.5300000000001</ele>
      </trkpt>
      <trkpt lat="35.611850000000004" lon="127.56247">
        <ele>649.96</ele>
      </trkpt>
      <trkpt lat="35.611920000000005" lon="127.56267000000001">
        <ele>649.6700000000001</ele>
      </trkpt>
      <trkpt lat="35.612100000000005" lon="127.56282000000002">
        <ele>649.97</ele>
      </trkpt>
      <trkpt lat="35.61215" lon="127.56255000000002">
        <ele>646.0400000000001</ele>
      </trkpt>
      <trkpt lat="35.61205" lon="127.56225">
        <ele>643.66</ele>
      </trkpt>
      <trkpt lat="35.61184" lon="127.56194">
        <ele>641.66</ele>
      </trkpt>
      <trkpt lat="35.6118" lon="127.56138000000001">
        <ele>640.3000000000001</ele>
      </trkpt>
      <trkpt lat="35.6116" lon="127.56087000000001">
        <ele>638.78</ele>
      </trkpt>
      <trkpt lat="35.6116" lon="127.56040000000002">
        <ele>638.35</ele>
      </trkpt>
      <trkpt lat="35.6116" lon="127.56042000000001">
        <ele>638.35</ele>
      </trkpt>
      <trkpt lat="35.6116" lon="127.56000000000002">
        <ele>638.69</ele>
      </trkpt>
      <trkpt lat="35.6115" lon="127.55959000000001">
        <ele>639.6400000000001</ele>
      </trkpt>
      <trkpt lat="35.611320000000006" lon="127.55936000000001">
        <ele>639.95</ele>
      </trkpt>
      <trkpt lat="35.6111" lon="127.55902">
        <ele>640.82</ele>
      </trkpt>
      <trkpt lat="35.611000000000004" lon="127.55891000000001">
        <ele>640.82</ele>
      </trkpt>
      <trkpt lat="35.610980000000005" lon="127.5588">
        <ele>641.14</ele>
      </trkpt>
      <trkpt lat="35.61099" lon="127.55869000000001">
        <ele>641.3199999999999</ele>
      </trkpt>
      <trkpt lat="35.61103" lon="127.55855000000001">
        <ele>641.57</ele>
      </trkpt>
      <trkpt lat="35.611230000000006" lon="127.55825000000002">
        <ele>642.63</ele>
      </trkpt>
      <trkpt lat="35.6113" lon="127.55809">
        <ele>643.38</ele>
      </trkpt>
      <trkpt lat="35.61137" lon="127.55777">
        <ele>644.48</ele>
      </trkpt>
      <trkpt lat="35.61137" lon="127.55740000000002">
        <ele>645.5500000000001</ele>
      </trkpt>
      <trkpt lat="35.61119" lon="127.55659000000001">
        <ele>648.71</ele>
      </trkpt>
      <trkpt lat="35.611140000000006" lon="127.55649000000001">
        <ele>648.71</ele>
      </trkpt>
      <trkpt lat="35.61072" lon="127.55610000000001">
        <ele>650.09</ele>
      </trkpt>
      <trkpt lat="35.610580000000006" lon="127.55590000000001">
        <ele>650.2800000000001</ele>
      </trkpt>
      <trkpt lat="35.61025" lon="127.5549">
        <ele>650.5200000000001</ele>
      </trkpt>
      <trkpt lat="35.610290000000006" lon="127.55440000000002">
        <ele>650.42</ele>
      </trkpt>
      <trkpt lat="35.61034" lon="127.55416000000001">
        <ele>650.6500000000001</ele>
      </trkpt>
      <trkpt lat="35.610400000000006" lon="127.55404000000001">
        <ele>650.6700000000001</ele>
      </trkpt>
      <trkpt lat="35.6105" lon="127.55392">
        <ele>650.63</ele>
      </trkpt>
      <trkpt lat="35.61101500009856" lon="127.55387000031331">
        <ele>650.3800000000001</ele>
      </trkpt>
      <trkpt lat="35.61153" lon="127.55382000000002">
        <ele>649.99</ele>
      </trkpt>
      <trkpt lat="35.611650000000004" lon="127.55375000000001">
        <ele>649.99</ele>
      </trkpt>
      <trkpt lat="35.611850000000004" lon="127.55355000000002">
        <ele>650.73</ele>
      </trkpt>
      <trkpt lat="35.611940000000004" lon="127.55352">
        <ele>650.75</ele>
      </trkpt>
      <trkpt lat="35.612030000000004" lon="127.55354000000001">
        <ele>650.7400000000001</ele>
      </trkpt>
      <trkpt lat="35.61225" lon="127.55366000000001">
        <ele>650.49</ele>
      </trkpt>
      <trkpt lat="35.61234" lon="127.55367000000001">
        <ele>650.49</ele>
      </trkpt>
      <trkpt lat="35.612460000000006" lon="127.55362000000001">
        <ele>650.49</ele>
      </trkpt>
      <trkpt lat="35.612730000000006" lon="127.55344000000001">
        <ele>650.87</ele>
      </trkpt>
      <trkpt lat="35.61285" lon="127.55342000000002">
        <ele>651.02</ele>
      </trkpt>
      <trkpt lat="35.61289" lon="127.55345000000001">
        <ele>651.02</ele>
      </trkpt>
      <trkpt lat="35.613170000000004" lon="127.55347">
        <ele>651.0</ele>
      </trkpt>
      <trkpt lat="35.613800000000005" lon="127.55399000000001">
        <ele>650.0300000000001</ele>
      </trkpt>
      <trkpt lat="35.613870000000006" lon="127.55408000000001">
        <ele>650.0300000000001</ele>
      </trkpt>
      <trkpt lat="35.61392" lon="127.55418000000002">
        <ele>649.7900000000001</ele>
      </trkpt>
      <trkpt lat="35.614160000000005" lon="127.55483000000001">
        <ele>648.76</ele>
      </trkpt>
      <trkpt lat="35.61426" lon="127.55520000000001">
        <ele>647.08</ele>
      </trkpt>
      <trkpt lat="35.614255002386095" lon="127.55596000006376">
        <ele>646.02</ele>
      </trkpt>
      <trkpt lat="35.614250000000006" lon="127.55672000000001">
        <ele>645.37</ele>
      </trkpt>
      <trkpt lat="35.61439" lon="127.55759">
        <ele>644.9200000000001</ele>
      </trkpt>
      <trkpt lat="35.614560000000004" lon="127.55839000000002">
        <ele>644.83</ele>
      </trkpt>
      <trkpt lat="35.614560000000004" lon="127.55838000000001">
        <ele>644.83</ele>
      </trkpt>
      <trkpt lat="35.61473" lon="127.55917000000001">
        <ele>644.6</ele>
      </trkpt>
      <trkpt lat="35.615030000000004" lon="127.55982000000002">
        <ele>644.07</ele>
      </trkpt>
      <trkpt lat="35.615570000000005" lon="127.56060000000001">
        <ele>642.99</ele>
      </trkpt>
      <trkpt lat="35.61609" lon="127.56131">
        <ele>641.3199999999999</ele>
      </trkpt>
      <trkpt lat="35.61637" lon="127.56160000000001">
        <ele>641.2</ele>
      </trkpt>
      <trkpt lat="35.61692" lon="127.56195000000001">
        <ele>641.0600000000001</ele>
      </trkpt>
      <trkpt lat="35.61724" lon="127.56213000000001">
        <ele>641.0</ele>
      </trkpt>
      <trkpt lat="35.61801500030124" lon="127.56241499722564">
        <ele>640.02</ele>
      </trkpt>
      <trkpt lat="35.618790000000004" lon="127.5627">
        <ele>639.08</ele>
      </trkpt>
      <trkpt lat="35.618990000000004" lon="127.56285000000001">
        <ele>638.9</ele>
      </trkpt>
      <trkpt lat="35.61921" lon="127.56309000000002">
        <ele>638.8000000000001</ele>
      </trkpt>
      <trkpt lat="35.619620000000005" lon="127.56346">
        <ele>638.63</ele>
      </trkpt>
      <trkpt lat="35.61999" lon="127.56367000000002">
        <ele>639.0</ele>
      </trkpt>
      <trkpt lat="35.620000000000005" lon="127.56359">
        <ele>638.5200000000001</ele>
      </trkpt>
      <trkpt lat="35.62012" lon="127.56319">
        <ele>635.75</ele>
      </trkpt>
      <trkpt lat="35.620110000000004" lon="127.56297">
        <ele>634.27</ele>
      </trkpt>
      <trkpt lat="35.620000000000005" lon="127.56274">
        <ele>633.2</ele>
      </trkpt>
      <trkpt lat="35.61959" lon="127.56229">
        <ele>631.2800000000001</ele>
      </trkpt>
      <trkpt lat="35.61948" lon="127.56202">
        <ele>630.0</ele>
      </trkpt>
      <trkpt lat="35.619490000000006" lon="127.56173000000001">
        <ele>631.8000000000001</ele>
      </trkpt>
      <trkpt lat="35.619600000000005" lon="127.56149">
        <ele>633.0100000000001</ele>
      </trkpt>
      <trkpt lat="35.62008" lon="127.56112000000002">
        <ele>634.62</ele>
      </trkpt>
      <trkpt lat="35.62021" lon="127.56094000000002">
        <ele>634.84</ele>
      </trkpt>
      <trkpt lat="35.620270000000005" lon="127.56074000000001">
        <ele>635.35</ele>
      </trkpt>
      <trkpt lat="35.62023" lon="127.56045000000002">
        <ele>635.8100000000001</ele>
      </trkpt>
      <trkpt lat="35.62019" lon="127.56037">
        <ele>635.99</ele>
      </trkpt>
      <trkpt lat="35.61997" lon="127.56015000000001">
        <ele>633.6</ele>
      </trkpt>
      <trkpt lat="35.61972" lon="127.56015000000001">
        <ele>632.3700000000001</ele>
      </trkpt>
      <trkpt lat="35.619490000000006" lon="127.56031000000002">
        <ele>631.6</ele>
      </trkpt>
      <trkpt lat="35.61929" lon="127.56060000000001">
        <ele>630.94</ele>
      </trkpt>
      <trkpt lat="35.61907" lon="127.56080000000001">
        <ele>630.87</ele>
      </trkpt>
      <trkpt lat="35.61867" lon="127.56094000000002">
        <ele>631.14</ele>
      </trkpt>
      <trkpt lat="35.618320000000004" lon="127.56088000000001">
        <ele>631.09</ele>
      </trkpt>
      <trkpt lat="35.61807" lon="127.56069000000001">
        <ele>630.65</ele>
      </trkpt>
      <trkpt lat="35.61784" lon="127.56029000000001">
        <ele>628.94</ele>
      </trkpt>
      <trkpt lat="35.617650000000005" lon="127.56002000000001">
        <ele>628.2</ele>
      </trkpt>
      <trkpt lat="35.617095001262385" lon="127.55946499613853">
        <ele>626.23</ele>
      </trkpt>
      <trkpt lat="35.61654" lon="127.55891000000001">
        <ele>629.11</ele>
      </trkpt>
      <trkpt lat="35.61639" lon="127.55866000000002">
        <ele>629.99</ele>
      </trkpt>
      <trkpt lat="35.616205002534414" lon="127.55787499813586">
        <ele>632.09</ele>
      </trkpt>
      <trkpt lat="35.616020000000006" lon="127.55709000000002">
        <ele>633.69</ele>
      </trkpt>
      <trkpt lat="35.61589" lon="127.55651000000002">
        <ele>634.75</ele>
      </trkpt>
      <trkpt lat="35.6159" lon="127.55598">
        <ele>636.1600000000001</ele>
      </trkpt>
      <trkpt lat="35.616020000000006" lon="127.55569000000001">
        <ele>637.5600000000001</ele>
      </trkpt>
      <trkpt lat="35.61618" lon="127.55538000000001">
        <ele>640.5900000000001</ele>
      </trkpt>
      <trkpt lat="35.61657" lon="127.55495">
        <ele>645.9200000000001</ele>
      </trkpt>
      <trkpt lat="35.61666" lon="127.55479000000001">
        <ele>646.72</ele>
      </trkpt>
      <trkpt lat="35.616670000000006" lon="127.55458000000002">
        <ele>647.5000000000001</ele>
      </trkpt>
      <trkpt lat="35.616580000000006" lon="127.55421000000001">
        <ele>650.3000000000001</ele>
      </trkpt>
      <trkpt lat="35.616380001556664" lon="127.55360499862174">
        <ele>652.6</ele>
      </trkpt>
      <trkpt lat="35.61618" lon="127.55300000000001">
        <ele>655.73</ele>
      </trkpt>
      <trkpt lat="35.615990000000004" lon="127.55254000000001">
        <ele>659.02</ele>
      </trkpt>
      <trkpt lat="35.615770000000005" lon="127.55226">
        <ele>660.36</ele>
      </trkpt>
      <trkpt lat="35.61562" lon="127.55198000000001">
        <ele>661.46</ele>
      </trkpt>
      <trkpt lat="35.615610000000004" lon="127.55170000000001">
        <ele>662.88</ele>
      </trkpt>
      <trkpt lat="35.61569" lon="127.55152000000001">
        <ele>663.86</ele>
      </trkpt>
      <trkpt lat="35.61594" lon="127.55121000000001">
        <ele>665.2800000000001</ele>
      </trkpt>
      <trkpt lat="35.61621" lon="127.55109000000002">
        <ele>666.3</ele>
      </trkpt>
      <trkpt lat="35.61672" lon="127.55112000000001">
        <ele>667.9000000000001</ele>
      </trkpt>
      <trkpt lat="35.61683" lon="127.5511">
        <ele>667.9900000000001</ele>
      </trkpt>
      <trkpt lat="35.61694" lon="127.55108000000001">
        <ele>667.9900000000001</ele>
      </trkpt>
      <trkpt lat="35.617000000000004" lon="127.55100000000002">
        <ele>667.9900000000001</ele>
      </trkpt>
      <trkpt lat="35.616980000000005" lon="127.55084000000001">
        <ele>667.9900000000001</ele>
      </trkpt>
      <trkpt lat="35.61692" lon="127.55065">
        <ele>651.0</ele>
      </trkpt>
      <trkpt lat="35.61684" lon="127.55048000000001">
        <ele>650.0400000000001</ele>
      </trkpt>
      <trkpt lat="35.616780000000006" lon="127.55028000000001">
        <ele>647.8600000000001</ele>
      </trkpt>
      <trkpt lat="35.616780000000006" lon="127.55030000000001">
        <ele>647.8600000000001</ele>
      </trkpt>
      <trkpt lat="35.61672" lon="127.55006000000002">
        <ele>646.15</ele>
      </trkpt>
      <trkpt lat="35.61665" lon="127.54997000000002">
        <ele>645.22</ele>
      </trkpt>
      <trkpt lat="35.61643" lon="127.54988000000002">
        <ele>644.05</ele>
      </trkpt>
      <trkpt lat="35.61569" lon="127.54963000000001">
        <ele>640.7900000000001</ele>
      </trkpt>
      <trkpt lat="35.615480000000005" lon="127.54963000000001">
        <ele>640.7900000000001</ele>
      </trkpt>
      <trkpt lat="35.615005000128434" lon="127.54988500158962">
        <ele>639.1</ele>
      </trkpt>
      <trkpt lat="35.61453" lon="127.55014000000001">
        <ele>638.29</ele>
      </trkpt>
      <trkpt lat="35.614320000000006" lon="127.55031000000001">
        <ele>637.61</ele>
      </trkpt>
      <trkpt lat="35.613850000000006" lon="127.55080000000001">
        <ele>636.3199999999999</ele>
      </trkpt>
      <trkpt lat="35.613550000000004" lon="127.55089000000001">
        <ele>635.8000000000001</ele>
      </trkpt>
      <trkpt lat="35.61296" lon="127.55078000000002">
        <ele>634.58</ele>
      </trkpt>
      <trkpt lat="35.61236" lon="127.55078000000002">
        <ele>634.62</ele>
      </trkpt>
      <trkpt lat="35.61205" lon="127.5507">
        <ele>634.8000000000001</ele>
      </trkpt>
      <trkpt lat="35.612" lon="127.55065">
        <ele>634.82</ele>
      </trkpt>
      <trkpt lat="35.612010000000005" lon="127.55066000000001">
        <ele>634.82</ele>
      </trkpt>
      <trkpt lat="35.61182" lon="127.55049000000001">
        <ele>634.8600000000001</ele>
      </trkpt>
      <trkpt lat="35.61175" lon="127.55015000000002">
        <ele>634.51</ele>
      </trkpt>
      <trkpt lat="35.611760000000004" lon="127.54993">
        <ele>633.45</ele>
      </trkpt>
      <trkpt lat="35.61166" lon="127.54967">
        <ele>633.45</ele>
      </trkpt>
      <trkpt lat="35.6115" lon="127.54957000000002">
        <ele>632.83</ele>
      </trkpt>
      <trkpt lat="35.611270000000005" lon="127.54955000000001">
        <ele>632.1800000000001</ele>
      </trkpt>
      <trkpt lat="35.611140000000006" lon="127.54962">
        <ele>632.02</ele>
      </trkpt>
      <trkpt lat="35.61088" lon="127.54995000000001">
        <ele>631.53</ele>
      </trkpt>
      <trkpt lat="35.610600000000005" lon="127.55035000000001">
        <ele>630.8100000000001</ele>
      </trkpt>
      <trkpt lat="35.61036" lon="127.55055000000002">
        <ele>630.65</ele>
      </trkpt>
      <trkpt lat="35.609590000000004" lon="127.55099000000001">
        <ele>629.7</ele>
      </trkpt>
      <trkpt lat="35.609190000000005" lon="127.55111000000001">
        <ele>630.5500000000001</ele>
      </trkpt>
      <trkpt lat="35.60882" lon="127.55115">
        <ele>631.8900000000001</ele>
      </trkpt>
      <trkpt lat="35.608560000000004" lon="127.55107000000001">
        <ele>631.88</ele>
      </trkpt>
      <trkpt lat="35.608320000000006" lon="127.55086000000001">
        <ele>630.72</ele>
      </trkpt>
      <trkpt lat="35.608090000000004" lon="127.55062000000001">
        <ele>629.26</ele>
      </trkpt>
      <trkpt lat="35.60795" lon="127.55006000000002">
        <ele>625.2</ele>
      </trkpt>
      <trkpt lat="35.607940000000006" lon="127.54977000000001">
        <ele>621.0</ele>
      </trkpt>
      <trkpt lat="35.607980000000005" lon="127.54959000000001">
        <ele>621.0</ele>
      </trkpt>
      <trkpt lat="35.60815" lon="127.54945000000001">
        <ele>617.98</ele>
      </trkpt>
      <trkpt lat="35.60844" lon="127.54939000000002">
        <ele>614.2</ele>
      </trkpt>
      <trkpt lat="35.608650000000004" lon="127.54923000000001">
        <ele>611.9100000000001</ele>
      </trkpt>
      <trkpt lat="35.608830000000005" lon="127.54901000000001">
        <ele>609.1</ele>
      </trkpt>
      <trkpt lat="35.60889" lon="127.54882">
        <ele>605.53</ele>
      </trkpt>
      <trkpt lat="35.608850000000004" lon="127.54856000000001">
        <ele>603.86</ele>
      </trkpt>
      <trkpt lat="35.608720000000005" lon="127.54841">
        <ele>601.2900000000001</ele>
      </trkpt>
      <trkpt lat="35.6083" lon="127.54812000000001">
        <ele>596.4200000000001</ele>
      </trkpt>
      <trkpt lat="35.60806" lon="127.54803000000001">
        <ele>592.8100000000001</ele>
      </trkpt>
      <trkpt lat="35.607350000000004" lon="127.54791000000002">
        <ele>585.01</ele>
      </trkpt>
      <trkpt lat="35.60734" lon="127.54791000000002">
        <ele>585.01</ele>
      </trkpt>
      <trkpt lat="35.606860000000005" lon="127.54784000000001">
        <ele>579.13</ele>
      </trkpt>
      <trkpt lat="35.606550000000006" lon="127.54758000000001">
        <ele>573.38</ele>
      </trkpt>
      <trkpt lat="35.60625" lon="127.54700000000001">
        <ele>565.72</ele>
      </trkpt>
      <trkpt lat="35.60605" lon="127.54673000000001">
        <ele>563.1</ele>
      </trkpt>
      <trkpt lat="35.60558500029946" lon="127.54639999797551">
        <ele>559.52</ele>
      </trkpt>
      <trkpt lat="35.60512" lon="127.54607000000001">
        <ele>561.9300000000001</ele>
      </trkpt>
      <trkpt lat="35.60459" lon="127.54574000000001">
        <ele>561.64</ele>
      </trkpt>
      <trkpt lat="35.60436" lon="127.54547000000001">
        <ele>560.9399999999999</ele>
      </trkpt>
      <trkpt lat="35.60427" lon="127.54531000000001">
        <ele>560.5300000000001</ele>
      </trkpt>
      <trkpt lat="35.60421" lon="127.54494000000001">
        <ele>559.52</ele>
      </trkpt>
      <trkpt lat="35.60427" lon="127.54439">
        <ele>559.15</ele>
      </trkpt>
      <trkpt lat="35.604200000000006" lon="127.54414000000001">
        <ele>559.15</ele>
      </trkpt>
      <trkpt lat="35.60401" lon="127.54389">
        <ele>558.9300000000001</ele>
      </trkpt>
      <trkpt lat="35.603820000000006" lon="127.54377000000001">
        <ele>558.45</ele>
      </trkpt>
      <trkpt lat="35.603440000000006" lon="127.54366000000002">
        <ele>557.7</ele>
      </trkpt>
      <trkpt lat="35.60325" lon="127.54369000000001">
        <ele>556.8700000000001</ele>
      </trkpt>
      <trkpt lat="35.602610000000006" lon="127.54385">
        <ele>554.82</ele>
      </trkpt>
      <trkpt lat="35.60244" lon="127.54387000000001">
        <ele>553.3</ele>
      </trkpt>
      <trkpt lat="35.60235" lon="127.54386000000001">
        <ele>553.3</ele>
      </trkpt>
      <trkpt lat="35.602270000000004" lon="127.5438">
        <ele>553.3</ele>
      </trkpt>
      <trkpt lat="35.60222" lon="127.54347000000001">
        <ele>552.71</ele>
      </trkpt>
      <trkpt lat="35.60222" lon="127.54321000000002">
        <ele>552.19</ele>
      </trkpt>
      <trkpt lat="35.602360000000004" lon="127.54301000000001">
        <ele>551.4</ele>
      </trkpt>
      <trkpt lat="35.602500000000006" lon="127.54290000000002">
        <ele>551.23</ele>
      </trkpt>
      <trkpt lat="35.60275" lon="127.54245000000002">
        <ele>550.37</ele>
      </trkpt>
      <trkpt lat="35.60278" lon="127.54200000000002">
        <ele>548.73</ele>
      </trkpt>
      <trkpt lat="35.60276" lon="127.54179">
        <ele>548.47</ele>
      </trkpt>
      <trkpt lat="35.602700000000006" lon="127.54166000000001">
        <ele>548.0500000000001</ele>
      </trkpt>
      <trkpt lat="35.60264" lon="127.54161">
        <ele>547.9000000000001</ele>
      </trkpt>
      <trkpt lat="35.602430000000005" lon="127.54155000000002">
        <ele>546.7500000000001</ele>
      </trkpt>
      <trkpt lat="35.60208" lon="127.54138">
        <ele>544.71</ele>
      </trkpt>
      <trkpt lat="35.601940000000006" lon="127.54135000000001">
        <ele>544.27</ele>
      </trkpt>
      <trkpt lat="35.601670000000006" lon="127.54142000000002">
        <ele>543.7800000000001</ele>
      </trkpt>
      <trkpt lat="35.601490000000005" lon="127.54160000000002">
        <ele>542.91</ele>
      </trkpt>
      <trkpt lat="35.601220000000005" lon="127.54198000000001">
        <ele>539.42</ele>
      </trkpt>
      <trkpt lat="35.60112" lon="127.54219">
        <ele>537.5600000000001</ele>
      </trkpt>
      <trkpt lat="35.6011" lon="127.54241">
        <ele>537.0600000000001</ele>
      </trkpt>
      <trkpt lat="35.60094" lon="127.54293000000001">
        <ele>535.0600000000001</ele>
      </trkpt>
      <trkpt lat="35.60089" lon="127.54299000000002">
        <ele>534.8000000000001</ele>
      </trkpt>
      <trkpt lat="35.60071" lon="127.54297000000001">
        <ele>533.7</ele>
      </trkpt>
      <trkpt lat="35.60063" lon="127.54292000000001">
        <ele>532.37</ele>
      </trkpt>
      <trkpt lat="35.60054000123852" lon="127.54236999931445">
        <ele>530.51</ele>
      </trkpt>
      <trkpt lat="35.60045" lon="127.54182000000002">
        <ele>527.6500000000001</ele>
      </trkpt>
      <trkpt lat="35.600410000000004" lon="127.54111000000002">
        <ele>525.87</ele>
      </trkpt>
      <trkpt lat="35.60047" lon="127.54055000000001">
        <ele>525.14</ele>
      </trkpt>
      <trkpt lat="35.60034" lon="127.54020000000001">
        <ele>528.34</ele>
      </trkpt>
      <trkpt lat="35.60027" lon="127.53990000000002">
        <ele>528.87</ele>
      </trkpt>
      <trkpt lat="35.600150000000006" lon="127.53963000000002">
        <ele>527.87</ele>
      </trkpt>
      <trkpt lat="35.599900000000005" lon="127.53926000000001">
        <ele>523.6899999999999</ele>
      </trkpt>
      <trkpt lat="35.5996" lon="127.53898000000001">
        <ele>521.6200000000001</ele>
      </trkpt>
      <trkpt lat="35.599430000000005" lon="127.53876000000001">
        <ele>518.87</ele>
      </trkpt>
      <trkpt lat="35.599380000000004" lon="127.53861">
        <ele>518.29</ele>
      </trkpt>
      <trkpt lat="35.599320000000006" lon="127.53854000000001">
        <ele>518.0100000000001</ele>
      </trkpt>
      <trkpt lat="35.59919" lon="127.53844000000001">
        <ele>517.23</ele>
      </trkpt>
      <trkpt lat="35.598980000000005" lon="127.53836000000001">
        <ele>515.76</ele>
      </trkpt>
      <trkpt lat="35.59884" lon="127.53826000000001">
        <ele>515.6200000000001</ele>
      </trkpt>
      <trkpt lat="35.59873" lon="127.53815000000002">
        <ele>515.6700000000001</ele>
      </trkpt>
      <trkpt lat="35.598620000000004" lon="127.53813000000001">
        <ele>515.58</ele>
      </trkpt>
      <trkpt lat="35.598490000000005" lon="127.53807">
        <ele>515.4000000000001</ele>
      </trkpt>
      <trkpt lat="35.59837" lon="127.53797000000002">
        <ele>514.7900000000001</ele>
      </trkpt>
      <trkpt lat="35.597680000000004" lon="127.53728000000001">
        <ele>512.1</ele>
      </trkpt>
      <trkpt lat="35.59709" lon="127.53678000000001">
        <ele>512.5500000000001</ele>
      </trkpt>
      <trkpt lat="35.597" lon="127.53667000000002">
        <ele>512.37</ele>
      </trkpt>
      <trkpt lat="35.59675" lon="127.5365">
        <ele>511.16</ele>
      </trkpt>
      <trkpt lat="35.5963" lon="127.53639000000001">
        <ele>509.21000000000004</ele>
      </trkpt>
      <trkpt lat="35.59611" lon="127.53626000000001">
        <ele>510.05</ele>
      </trkpt>
      <trkpt lat="35.595980000000004" lon="127.53605000000002">
        <ele>509.77000000000004</ele>
      </trkpt>
      <trkpt lat="35.59592" lon="127.53591000000002">
        <ele>509.24</ele>
      </trkpt>
      <trkpt lat="35.59591" lon="127.53579">
        <ele>509.0</ele>
      </trkpt>
      <trkpt lat="35.59595" lon="127.53560000000002">
        <ele>507.11000000000007</ele>
      </trkpt>
      <trkpt lat="35.59615" lon="127.53542000000002">
        <ele>506.38000000000005</ele>
      </trkpt>
      <trkpt lat="35.59658" lon="127.53509000000001">
        <ele>504.82000000000005</ele>
      </trkpt>
      <trkpt lat="35.596790000000006" lon="127.53496000000001">
        <ele>504.18000000000006</ele>
      </trkpt>
      <trkpt lat="35.597390000000004" lon="127.53488000000002">
        <ele>501.38000000000005</ele>
      </trkpt>
      <trkpt lat="35.59756" lon="127.53484000000002">
        <ele>500.44</ele>
      </trkpt>
      <trkpt lat="35.597730000000006" lon="127.53425000000001">
        <ele>499.09000000000003</ele>
      </trkpt>
      <trkpt lat="35.597710000000006" lon="127.53415000000001">
        <ele>498.22</ele>
      </trkpt>
      <trkpt lat="35.597480000000004" lon="127.53386">
        <ele>496.97</ele>
      </trkpt>
      <trkpt lat="35.597350000000006" lon="127.53365000000001">
        <ele>495.89000000000004</ele>
      </trkpt>
      <trkpt lat="35.597300000000004" lon="127.53341">
        <ele>495.40000000000003</ele>
      </trkpt>
      <trkpt lat="35.597280000000005" lon="127.53318000000002">
        <ele>494.32000000000005</ele>
      </trkpt>
      <trkpt lat="35.597300000000004" lon="127.53294000000001">
        <ele>493.96000000000004</ele>
      </trkpt>
      <trkpt lat="35.59741" lon="127.53277000000001">
        <ele>493.51000000000005</ele>
      </trkpt>
      <trkpt lat="35.59761" lon="127.53268000000001">
        <ele>491.97</ele>
      </trkpt>
      <trkpt lat="35.597620000000006" lon="127.53268000000001">
        <ele>491.97</ele>
      </trkpt>
      <trkpt lat="35.59781" lon="127.5327">
        <ele>491.40000000000003</ele>
      </trkpt>
      <trkpt lat="35.598110000000005" lon="127.53289000000001">
        <ele>489.7</ele>
      </trkpt>
      <trkpt lat="35.59828" lon="127.53318000000002">
        <ele>489.59000000000003</ele>
      </trkpt>
      <trkpt lat="35.598490000000005" lon="127.53369">
        <ele>488.15000000000003</ele>
      </trkpt>
      <trkpt lat="35.598710000000004" lon="127.53409">
        <ele>486.82</ele>
      </trkpt>
      <trkpt lat="35.59884" lon="127.53423000000001">
        <ele>486.08</ele>
      </trkpt>
      <trkpt lat="35.59897" lon="127.53424000000001">
        <ele>485.23</ele>
      </trkpt>
      <trkpt lat="35.599070000000005" lon="127.53420000000001">
        <ele>484.81</ele>
      </trkpt>
      <trkpt lat="35.599160000000005" lon="127.53404">
        <ele>484.31</ele>
      </trkpt>
      <trkpt lat="35.59921000000001" lon="127.53390000000002">
        <ele>482.27000000000004</ele>
      </trkpt>
      <trkpt lat="35.59924" lon="127.53357000000001">
        <ele>481.66</ele>
      </trkpt>
      <trkpt lat="35.59924" lon="127.53325000000001">
        <ele>479.64000000000004</ele>
      </trkpt>
      <trkpt lat="35.59922" lon="127.53301">
        <ele>478.79</ele>
      </trkpt>
      <trkpt lat="35.599050000000005" lon="127.53233000000002">
        <ele>476.97</ele>
      </trkpt>
      <trkpt lat="35.59872" lon="127.53158">
        <ele>474.91</ele>
      </trkpt>
      <trkpt lat="35.598620000000004" lon="127.53129000000001">
        <ele>474.02000000000004</ele>
      </trkpt>
      <trkpt lat="35.598560000000006" lon="127.53103000000002">
        <ele>472.79</ele>
      </trkpt>
      <trkpt lat="35.59855" lon="127.53075000000001">
        <ele>472.22</ele>
      </trkpt>
      <trkpt lat="35.598600000000005" lon="127.53044000000001">
        <ele>471.04</ele>
      </trkpt>
      <trkpt lat="35.59883" lon="127.52968000000001">
        <ele>470.45000000000005</ele>
      </trkpt>
      <trkpt lat="35.59888" lon="127.52943">
        <ele>470.9800000000001</ele>
      </trkpt>
      <trkpt lat="35.598870000000005" lon="127.5293">
        <ele>471.71000000000004</ele>
      </trkpt>
      <trkpt lat="35.59874" lon="127.52903">
        <ele>472.35</ele>
      </trkpt>
      <trkpt lat="35.59859" lon="127.52893000000002">
        <ele>472.27000000000004</ele>
      </trkpt>
      <trkpt lat="35.598440000000004" lon="127.52890000000001">
        <ele>471.82</ele>
      </trkpt>
      <trkpt lat="35.598290000000006" lon="127.52894">
        <ele>469.85</ele>
      </trkpt>
      <trkpt lat="35.59808" lon="127.52894">
        <ele>468.06</ele>
      </trkpt>
      <trkpt lat="35.5978" lon="127.52886000000001">
        <ele>465.07000000000005</ele>
      </trkpt>
      <trkpt lat="35.597100000000005" lon="127.52893000000002">
        <ele>461.4800000000001</ele>
      </trkpt>
      <trkpt lat="35.59682" lon="127.52901000000001">
        <ele>460.21000000000004</ele>
      </trkpt>
      <trkpt lat="35.59666" lon="127.52900000000001">
        <ele>460.21000000000004</ele>
      </trkpt>
      <trkpt lat="35.59644" lon="127.52877000000001">
        <ele>458.77</ele>
      </trkpt>
      <trkpt lat="35.59635" lon="127.52879000000001">
        <ele>458.47</ele>
      </trkpt>
      <trkpt lat="35.596160000000005" lon="127.52891000000001">
        <ele>457.71000000000004</ele>
      </trkpt>
      <trkpt lat="35.59582500042063" lon="127.5292800017085">
        <ele>457.06</ele>
      </trkpt>
      <trkpt lat="35.595490000000005" lon="127.52965">
        <ele>456.61</ele>
      </trkpt>
      <trkpt lat="35.595290000000006" lon="127.52985000000001">
        <ele>455.99000000000007</ele>
      </trkpt>
      <trkpt lat="35.595150000000004" lon="127.52995000000001">
        <ele>455.99000000000007</ele>
      </trkpt>
      <trkpt lat="35.59497" lon="127.52999000000001">
        <ele>454.84000000000003</ele>
      </trkpt>
      <trkpt lat="35.594770000000004" lon="127.52998000000001">
        <ele>454.21000000000004</ele>
      </trkpt>
      <trkpt lat="35.59458" lon="127.52990000000001">
        <ele>453.44</ele>
      </trkpt>
      <trkpt lat="35.59443" lon="127.52973000000001">
        <ele>452.19000000000005</ele>
      </trkpt>
      <trkpt lat="35.59433000000001" lon="127.52954000000001">
        <ele>451.55000000000007</ele>
      </trkpt>
      <trkpt lat="35.59431" lon="127.52928000000001">
        <ele>451.11</ele>
      </trkpt>
      <trkpt lat="35.594080000000005" lon="127.52831">
        <ele>451.15000000000003</ele>
      </trkpt>
      <trkpt lat="35.59394" lon="127.52799000000002">
        <ele>454.64000000000004</ele>
      </trkpt>
      <trkpt lat="35.593810000000005" lon="127.52785000000002">
        <ele>455.82000000000005</ele>
      </trkpt>
      <trkpt lat="35.593650000000004" lon="127.52785000000002">
        <ele>456.44</ele>
      </trkpt>
      <trkpt lat="35.593270000000004" lon="127.528">
        <ele>457.54</ele>
      </trkpt>
      <trkpt lat="35.59277499998369" lon="127.52808000050162">
        <ele>457.40000000000003</ele>
      </trkpt>
      <trkpt lat="35.59228" lon="127.52816000000001">
        <ele>455.01</ele>
      </trkpt>
      <trkpt lat="35.59208" lon="127.52828000000001">
        <ele>452.0</ele>
      </trkpt>
      <trkpt lat="35.59179" lon="127.52856000000001">
        <ele>443.75</ele>
      </trkpt>
      <trkpt lat="35.59136" lon="127.52909000000001">
        <ele>439.00000000000006</ele>
      </trkpt>
      <trkpt lat="35.5912" lon="127.52928000000001">
        <ele>440.41</ele>
      </trkpt>
      <trkpt lat="35.59071" lon="127.52958000000001">
        <ele>446.21000000000004</ele>
      </trkpt>
      <trkpt lat="35.59056" lon="127.52964000000001">
        <ele>450.36</ele>
      </trkpt>
      <trkpt lat="35.590390000000006" lon="127.52964000000001">
        <ele>452.52000000000004</ele>
      </trkpt>
      <trkpt lat="35.59022" lon="127.52960000000002">
        <ele>453.75000000000006</ele>
      </trkpt>
      <trkpt lat="35.59006" lon="127.52947">
        <ele>454.21000000000004</ele>
      </trkpt>
      <trkpt lat="35.5899" lon="127.52931000000001">
        <ele>454.1600000000001</ele>
      </trkpt>
      <trkpt lat="35.589710000000004" lon="127.52927000000001">
        <ele>453.5</ele>
      </trkpt>
      <trkpt lat="35.589580000000005" lon="127.52936000000001">
        <ele>452.5</ele>
      </trkpt>
      <trkpt lat="35.589330000000004" lon="127.53006">
        <ele>445.73</ele>
      </trkpt>
      <trkpt lat="35.589150000000004" lon="127.53044000000001">
        <ele>440.58000000000004</ele>
      </trkpt>
      <trkpt lat="35.589000000000006" lon="127.53063000000002">
        <ele>440.58000000000004</ele>
      </trkpt>
      <trkpt lat="35.58859000062106" lon="127.53104500221652">
        <ele>432.74</ele>
      </trkpt>
      <trkpt lat="35.58818" lon="127.53146000000001">
        <ele>428.00000000000006</ele>
      </trkpt>
      <trkpt lat="35.588010000000004" lon="127.53154">
        <ele>426.75</ele>
      </trkpt>
      <trkpt lat="35.587860000000006" lon="127.53155000000001">
        <ele>425.74</ele>
      </trkpt>
      <trkpt lat="35.58773" lon="127.53151000000001">
        <ele>425.14</ele>
      </trkpt>
      <trkpt lat="35.58751" lon="127.53135000000002">
        <ele>422.95000000000005</ele>
      </trkpt>
      <trkpt lat="35.587070000000004" lon="127.53088000000001">
        <ele>420.38</ele>
      </trkpt>
      <trkpt lat="35.586450000000006" lon="127.53034000000001">
        <ele>417.47</ele>
      </trkpt>
      <trkpt lat="35.58607" lon="127.53006">
        <ele>417.61</ele>
      </trkpt>
      <trkpt lat="35.585440000000006" lon="127.52979">
        <ele>417.71000000000004</ele>
      </trkpt>
      <trkpt lat="35.584720000000004" lon="127.52945000000001">
        <ele>418.25</ele>
      </trkpt>
      <trkpt lat="35.5844" lon="127.52942000000002">
        <ele>418.00000000000006</ele>
      </trkpt>
      <trkpt lat="35.58399" lon="127.52948">
        <ele>416.15000000000003</ele>
      </trkpt>
      <trkpt lat="35.583800000000004" lon="127.52959000000001">
        <ele>415.51000000000005</ele>
      </trkpt>
      <trkpt lat="35.583560000000006" lon="127.52984000000001">
        <ele>415.42</ele>
      </trkpt>
      <trkpt lat="35.5833" lon="127.53017000000001">
        <ele>415.74000000000007</ele>
      </trkpt>
      <trkpt lat="35.5831" lon="127.53036000000002">
        <ele>415.46000000000004</ele>
      </trkpt>
      <trkpt lat="35.58285" lon="127.53047000000001">
        <ele>415.06000000000006</ele>
      </trkpt>
      <trkpt lat="35.582550000000005" lon="127.53051">
        <ele>415.06000000000006</ele>
      </trkpt>
      <trkpt lat="35.58221" lon="127.53054000000002">
        <ele>412.83000000000004</ele>
      </trkpt>
      <trkpt lat="35.581860000000006" lon="127.53045000000002">
        <ele>411.35</ele>
      </trkpt>
      <trkpt lat="35.58153" lon="127.53013000000001">
        <ele>408.1</ele>
      </trkpt>
      <trkpt lat="35.58128" lon="127.52976000000001">
        <ele>402.94</ele>
      </trkpt>
      <trkpt lat="35.581070002619406" lon="127.52895999781254">
        <ele>399.03000000000003</ele>
      </trkpt>
      <trkpt lat="35.58086" lon="127.52816000000001">
        <ele>397.19000000000005</ele>
      </trkpt>
      <trkpt lat="35.5808" lon="127.52778">
        <ele>395.71</ele>
      </trkpt>
      <trkpt lat="35.5808" lon="127.52751">
        <ele>395.16</ele>
      </trkpt>
      <trkpt lat="35.580830000000006" lon="127.52722000000001">
        <ele>393.40000000000003</ele>
      </trkpt>
      <trkpt lat="35.58088" lon="127.52699000000001">
        <ele>393.40000000000003</ele>
      </trkpt>
      <trkpt lat="35.58099" lon="127.52666">
        <ele>392.5</ele>
      </trkpt>
      <trkpt lat="35.581120000000006" lon="127.52642000000002">
        <ele>391.59000000000003</ele>
      </trkpt>
      <trkpt lat="35.58169000182338" lon="127.5257550047365">
        <ele>389.86</ele>
      </trkpt>
      <trkpt lat="35.582260000000005" lon="127.52509">
        <ele>387.77000000000004</ele>
      </trkpt>
      <trkpt lat="35.5824" lon="127.52481000000002">
        <ele>387.07</ele>
      </trkpt>
      <trkpt lat="35.58252" lon="127.52445000000002">
        <ele>385.63</ele>
      </trkpt>
      <trkpt lat="35.58259" lon="127.52411000000001">
        <ele>385.0</ele>
      </trkpt>
      <trkpt lat="35.58328" lon="127.52411000000001">
        <ele>385.0</ele>
      </trkpt>
      <trkpt lat="35.583400000000005" lon="127.52408000000001">
        <ele>385.0</ele>
      </trkpt>
      <trkpt lat="35.583560000000006" lon="127.52399000000001">
        <ele>390.99000000000007</ele>
      </trkpt>
      <trkpt lat="35.58364" lon="127.52386000000001">
        <ele>390.99000000000007</ele>
      </trkpt>
      <trkpt lat="35.583690000000004" lon="127.52372000000001">
        <ele>390.99000000000007</ele>
      </trkpt>
      <trkpt lat="35.583740000000006" lon="127.52324000000002">
        <ele>390.99000000000007</ele>
      </trkpt>
      <trkpt lat="35.58381" lon="127.52289">
        <ele>390.99000000000007</ele>
      </trkpt>
      <trkpt lat="35.583870000000005" lon="127.52276">
        <ele>392.15000000000003</ele>
      </trkpt>
      <trkpt lat="35.58397" lon="127.52264000000001">
        <ele>393.74</ele>
      </trkpt>
      <trkpt lat="35.5841" lon="127.52256000000001">
        <ele>395.08000000000004</ele>
      </trkpt>
      <trkpt lat="35.584250000000004" lon="127.52252000000001">
        <ele>395.83</ele>
      </trkpt>
      <trkpt lat="35.584950000170046" lon="127.52255499970231">
        <ele>402.9200000000001</ele>
      </trkpt>
      <trkpt lat="35.58565" lon="127.52259000000001">
        <ele>410.96000000000004</ele>
      </trkpt>
      <trkpt lat="35.58588" lon="127.52258">
        <ele>415.04</ele>
      </trkpt>
      <trkpt lat="35.58621" lon="127.52251000000001">
        <ele>419.57000000000005</ele>
      </trkpt>
      <trkpt lat="35.58677" lon="127.52223000000001">
        <ele>425.28000000000003</ele>
      </trkpt>
      <trkpt lat="35.58745333417243" lon="127.52191333873357">
        <ele>435.52</ele>
      </trkpt>
      <trkpt lat="35.58813666751658" lon="127.52159667206197">
        <ele>444.12</ele>
      </trkpt>
      <trkpt lat="35.588820000000005" lon="127.52128">
        <ele>454.17</ele>
      </trkpt>
      <trkpt lat="35.58926" lon="127.52121000000001">
        <ele>459.02000000000004</ele>
      </trkpt>
      <trkpt lat="35.58974999999593" lon="127.52117500021487">
        <ele>464.51000000000005</ele>
      </trkpt>
      <trkpt lat="35.59024" lon="127.52114000000002">
        <ele>469.03000000000003</ele>
      </trkpt>
      <trkpt lat="35.590360000000004" lon="127.52116000000001">
        <ele>471.36000000000007</ele>
      </trkpt>
      <trkpt lat="35.590830000000004" lon="127.52135000000001">
        <ele>475.78000000000003</ele>
      </trkpt>
      <trkpt lat="35.59093" lon="127.52136000000002">
        <ele>477.88</ele>
      </trkpt>
      <trkpt lat="35.591060000000006" lon="127.52134000000001">
        <ele>479.45000000000005</ele>
      </trkpt>
      <trkpt lat="35.591190000000005" lon="127.52126000000001">
        <ele>481.19000000000005</ele>
      </trkpt>
      <trkpt lat="35.59125" lon="127.52116000000001">
        <ele>481.73</ele>
      </trkpt>
      <trkpt lat="35.59129" lon="127.52102000000001">
        <ele>483.25</ele>
      </trkpt>
      <trkpt lat="35.59129" lon="127.52086000000001">
        <ele>483.25</ele>
      </trkpt>
      <trkpt lat="35.591260000000005" lon="127.52072000000001">
        <ele>488.18000000000006</ele>
      </trkpt>
      <trkpt lat="35.5912" lon="127.52063000000001">
        <ele>488.18000000000006</ele>
      </trkpt>
      <trkpt lat="35.59093" lon="127.52039">
        <ele>491.19</ele>
      </trkpt>
      <trkpt lat="35.59084" lon="127.52026000000001">
        <ele>492.91</ele>
      </trkpt>
      <trkpt lat="35.590810000000005" lon="127.52011000000002">
        <ele>494.00000000000006</ele>
      </trkpt>
      <trkpt lat="35.590830000000004" lon="127.51995000000001">
        <ele>496.6700000000001</ele>
      </trkpt>
      <trkpt lat="35.590920000000004" lon="127.51983000000001">
        <ele>497.2900000000001</ele>
      </trkpt>
      <trkpt lat="35.59105" lon="127.51977000000001">
        <ele>502.63</ele>
      </trkpt>
      <trkpt lat="35.591170000000005" lon="127.51978000000001">
        <ele>502.63</ele>
      </trkpt>
      <trkpt lat="35.59154" lon="127.52016">
        <ele>505.78</ele>
      </trkpt>
      <trkpt lat="35.5917" lon="127.52025">
        <ele>510.62000000000006</ele>
      </trkpt>
      <trkpt lat="35.5919" lon="127.52027000000001">
        <ele>512.15</ele>
      </trkpt>
      <trkpt lat="35.59207" lon="127.52025">
        <ele>513.23</ele>
      </trkpt>
      <trkpt lat="35.592220000000005" lon="127.52018000000001">
        <ele>516.29</ele>
      </trkpt>
      <trkpt lat="35.59237" lon="127.52008000000001">
        <ele>518.72</ele>
      </trkpt>
      <trkpt lat="35.592560000000006" lon="127.51986000000001">
        <ele>521.59</ele>
      </trkpt>
      <trkpt lat="35.59277" lon="127.51981">
        <ele>525.1800000000001</ele>
      </trkpt>
      <trkpt lat="35.5929" lon="127.51984000000002">
        <ele>525.1800000000001</ele>
      </trkpt>
      <trkpt lat="35.592980000000004" lon="127.5199">
        <ele>527.7</ele>
      </trkpt>
      <trkpt lat="35.59328" lon="127.52033000000002">
        <ele>532.86</ele>
      </trkpt>
      <trkpt lat="35.59338" lon="127.52038000000002">
        <ele>534.7</ele>
      </trkpt>
      <trkpt lat="35.59349" lon="127.52038000000002">
        <ele>536.6500000000001</ele>
      </trkpt>
      <trkpt lat="35.593590000000006" lon="127.52034">
        <ele>538.7</ele>
      </trkpt>
      <trkpt lat="35.593650000000004" lon="127.52029000000002">
        <ele>538.7</ele>
      </trkpt>
      <trkpt lat="35.59375" lon="127.52000000000001">
        <ele>543.3800000000001</ele>
      </trkpt>
      <trkpt lat="35.593830000000004" lon="127.51993000000002">
        <ele>545.47</ele>
      </trkpt>
      <trkpt lat="35.59394" lon="127.51988000000001">
        <ele>545.47</ele>
      </trkpt>
      <trkpt lat="35.594120000000004" lon="127.51988000000001">
        <ele>548.64</ele>
      </trkpt>
      <trkpt lat="35.594240000000006" lon="127.51982000000001">
        <ele>550.4300000000001</ele>
      </trkpt>
      <trkpt lat="35.59431" lon="127.51966000000002">
        <ele>552.33</ele>
      </trkpt>
      <trkpt lat="35.594300000000004" lon="127.51948000000002">
        <ele>554.0500000000001</ele>
      </trkpt>
      <trkpt lat="35.594240000000006" lon="127.51934000000001">
        <ele>556.27</ele>
      </trkpt>
      <trkpt lat="35.59394" lon="127.51895">
        <ele>561.7500000000001</ele>
      </trkpt>
      <trkpt lat="35.59382" lon="127.51888000000001">
        <ele>563.6500000000001</ele>
      </trkpt>
      <trkpt lat="35.59367" lon="127.51887">
        <ele>565.4</ele>
      </trkpt>
      <trkpt lat="35.593560000000004" lon="127.51892000000001">
        <ele>568.37</ele>
      </trkpt>
      <trkpt lat="35.593410000000006" lon="127.51909">
        <ele>571.5</ele>
      </trkpt>
      <trkpt lat="35.59333" lon="127.51913">
        <ele>571.5</ele>
      </trkpt>
      <trkpt lat="35.59322" lon="127.51914000000001">
        <ele>573.58</ele>
      </trkpt>
      <trkpt lat="35.593120000000006" lon="127.51911000000001">
        <ele>575.86</ele>
      </trkpt>
      <trkpt lat="35.59295" lon="127.51896">
        <ele>577.85</ele>
      </trkpt>
      <trkpt lat="35.592830000000006" lon="127.51890000000002">
        <ele>580.2400000000001</ele>
      </trkpt>
      <trkpt lat="35.592710000000004" lon="127.51890000000002">
        <ele>582.19</ele>
      </trkpt>
      <trkpt lat="35.592490000000005" lon="127.51895">
        <ele>584.26</ele>
      </trkpt>
      <trkpt lat="35.59235" lon="127.51890000000002">
        <ele>587.2</ele>
      </trkpt>
      <trkpt lat="35.592240000000004" lon="127.51881000000002">
        <ele>589.97</ele>
      </trkpt>
      <trkpt lat="35.592060000000004" lon="127.51855">
        <ele>592.8100000000001</ele>
      </trkpt>
      <trkpt lat="35.59201" lon="127.51839000000001">
        <ele>596.1500000000001</ele>
      </trkpt>
      <trkpt lat="35.59199" lon="127.51826000000001">
        <ele>596.58</ele>
      </trkpt>
      <trkpt lat="35.59199" lon="127.51824">
        <ele>596.7</ele>
      </trkpt>
      <trkpt lat="35.59201" lon="127.51780000000001">
        <ele>601.2700000000001</ele>
      </trkpt>
      <trkpt lat="35.59198" lon="127.51763000000001">
        <ele>601.2700000000001</ele>
      </trkpt>
      <trkpt lat="35.59183" lon="127.51722000000001">
        <ele>605.1500000000001</ele>
      </trkpt>
      <trkpt lat="35.591750000000005" lon="127.51691000000001">
        <ele>606.7600000000001</ele>
      </trkpt>
      <trkpt lat="35.59176" lon="127.51654">
        <ele>608.0000000000001</ele>
      </trkpt>
      <trkpt lat="35.59167668459238" lon="127.51560832849418">
        <ele>608.0000000000001</ele>
      </trkpt>
      <trkpt lat="35.59159336201476" lon="127.51467665892764">
        <ele>608.0000000000001</ele>
      </trkpt>
      <trkpt lat="35.5915100322672" lon="127.51374499130061">
        <ele>625.0</ele>
      </trkpt>
      <trkpt lat="35.591426695349725" lon="127.5128133256132">
        <ele>625.0</ele>
      </trkpt>
      <trkpt lat="35.591343351262374" lon="127.5118816618656">
        <ele>625.0</ele>
      </trkpt>
      <trkpt lat="35.591260000000005" lon="127.51095000000001">
        <ele>625.0</ele>
      </trkpt>
      <trkpt lat="35.591210000000004" lon="127.51068000000001">
        <ele>625.0</ele>
      </trkpt>
      <trkpt lat="35.59096" lon="127.51010000000001">
        <ele>625.0</ele>
      </trkpt>
      <trkpt lat="35.590790000000005" lon="127.50995">
        <ele>625.0</ele>
      </trkpt>
      <trkpt lat="35.59044" lon="127.50977000000002">
        <ele>625.0</ele>
      </trkpt>
      <trkpt lat="35.59004" lon="127.50968000000002">
        <ele>625.0</ele>
      </trkpt>
      <trkpt lat="35.5899" lon="127.50957000000001">
        <ele>625.0</ele>
      </trkpt>
      <trkpt lat="35.58977" lon="127.50942">
        <ele>625.0</ele>
      </trkpt>
      <trkpt lat="35.589470000000006" lon="127.50889000000001">
        <ele>625.0</ele>
      </trkpt>
      <trkpt lat="35.58932" lon="127.50877000000001">
        <ele>625.0</ele>
      </trkpt>
      <trkpt lat="35.58917" lon="127.50869000000002">
        <ele>625.0</ele>
      </trkpt>
      <trkpt lat="35.58853500016539" lon="127.50865999976973">
        <ele>543.25</ele>
      </trkpt>
      <trkpt lat="35.587900000000005" lon="127.50863000000001">
        <ele>543.25</ele>
      </trkpt>
      <trkpt lat="35.587790000000005" lon="127.50860000000002">
        <ele>543.25</ele>
      </trkpt>
      <trkpt lat="35.58771" lon="127.50852">
        <ele>543.25</ele>
      </trkpt>
      <trkpt lat="35.58766" lon="127.50842000000002">
        <ele>543.25</ele>
      </trkpt>
      <trkpt lat="35.58764" lon="127.50826">
        <ele>543.25</ele>
      </trkpt>
      <trkpt lat="35.587650000000004" lon="127.50807">
        <ele>543.25</ele>
      </trkpt>
      <trkpt lat="35.587700000000005" lon="127.50787000000001">
        <ele>543.25</ele>
      </trkpt>
      <trkpt lat="35.587790000000005" lon="127.50770000000001">
        <ele>543.25</ele>
      </trkpt>
      <trkpt lat="35.58804" lon="127.50691">
        <ele>543.25</ele>
      </trkpt>
      <trkpt lat="35.588100000000004" lon="127.5066">
        <ele>543.25</ele>
      </trkpt>
      <trkpt lat="35.588170000000005" lon="127.50568000000001">
        <ele>543.25</ele>
      </trkpt>
      <trkpt lat="35.588240000000006" lon="127.50544000000001">
        <ele>541.36</ele>
      </trkpt>
      <trkpt lat="35.588300000000004" lon="127.50529000000002">
        <ele>538.34</ele>
      </trkpt>
      <trkpt lat="35.588550000000005" lon="127.50497000000001">
        <ele>533.8900000000001</ele>
      </trkpt>
      <trkpt lat="35.588800000000006" lon="127.50469000000001">
        <ele>532.4000000000001</ele>
      </trkpt>
      <trkpt lat="35.58935" lon="127.50540000000001">
        <ele>530.02</ele>
      </trkpt>
      <trkpt lat="35.58968000048627" lon="127.5057949981826">
        <ele>529.4300000000001</ele>
      </trkpt>
      <trkpt lat="35.59001" lon="127.50619">
        <ele>528.61</ele>
      </trkpt>
      <trkpt lat="35.5904" lon="127.5066">
        <ele>526.76</ele>
      </trkpt>
      <trkpt lat="35.59056" lon="127.50674000000001">
        <ele>525.99</ele>
      </trkpt>
      <trkpt lat="35.59098" lon="127.50703000000001">
        <ele>525.1</ele>
      </trkpt>
      <trkpt lat="35.59149" lon="127.50727">
        <ele>524.23</ele>
      </trkpt>
      <trkpt lat="35.59192" lon="127.50744000000002">
        <ele>523.6800000000001</ele>
      </trkpt>
      <trkpt lat="35.59234" lon="127.50756000000001">
        <ele>523.0799999999999</ele>
      </trkpt>
      <trkpt lat="35.59275" lon="127.50764000000001">
        <ele>522.94</ele>
      </trkpt>
      <trkpt lat="35.59321000013536" lon="127.50769499969866">
        <ele>522.2900000000001</ele>
      </trkpt>
      <trkpt lat="35.59367" lon="127.50775000000002">
        <ele>521.45</ele>
      </trkpt>
      <trkpt lat="35.59442" lon="127.50789000000002">
        <ele>518.7700000000001</ele>
      </trkpt>
      <trkpt lat="35.595250000075005" lon="127.5080249986001">
        <ele>515.36</ele>
      </trkpt>
      <trkpt lat="35.59608" lon="127.50816">
        <ele>510.9600000000001</ele>
      </trkpt>
      <trkpt lat="35.59662" lon="127.50821">
        <ele>508.57000000000005</ele>
      </trkpt>
      <trkpt lat="35.597500000000004" lon="127.50814000000001">
        <ele>505.33000000000004</ele>
      </trkpt>
      <trkpt lat="35.59751" lon="127.50814000000001">
        <ele>505.33000000000004</ele>
      </trkpt>
      <trkpt lat="35.59767" lon="127.50813000000001">
        <ele>504.2300000000001</ele>
      </trkpt>
      <trkpt lat="35.598150000000004" lon="127.50805000000001">
        <ele>503.02000000000004</ele>
      </trkpt>
      <trkpt lat="35.598530000000004" lon="127.50808">
        <ele>501.96000000000004</ele>
      </trkpt>
      <trkpt lat="35.59915" lon="127.50829000000002">
        <ele>501.65999999999997</ele>
      </trkpt>
      <trkpt lat="35.59974666694701" lon="127.50846999731985">
        <ele>501.17</ele>
      </trkpt>
      <trkpt lat="35.60034333362636" lon="127.50864999732364">
        <ele>499.3</ele>
      </trkpt>
      <trkpt lat="35.60094" lon="127.50883000000002">
        <ele>496.48</ele>
      </trkpt>
      <trkpt lat="35.60143000005953" lon="127.50892499942262">
        <ele>494.68000000000006</ele>
      </trkpt>
      <trkpt lat="35.60192" lon="127.50902">
        <ele>491.82000000000005</ele>
      </trkpt>
      <trkpt lat="35.6026499999623" lon="127.50909499930955">
        <ele>490.24000000000007</ele>
      </trkpt>
      <trkpt lat="35.60338" lon="127.50917000000001">
        <ele>489.76</ele>
      </trkpt>
      <trkpt lat="35.604020000000006" lon="127.50919">
        <ele>489.24000000000007</ele>
      </trkpt>
      <trkpt lat="35.6047" lon="127.50929000000001">
        <ele>488.36</ele>
      </trkpt>
      <trkpt lat="35.60534000006826" lon="127.50943999879442">
        <ele>486.64</ele>
      </trkpt>
      <trkpt lat="35.60598" lon="127.50959000000002">
        <ele>483.23</ele>
      </trkpt>
      <trkpt lat="35.606460000000006" lon="127.50957000000001">
        <ele>482.43</ele>
      </trkpt>
      <trkpt lat="35.60734" lon="127.50948000000001">
        <ele>478.58000000000004</ele>
      </trkpt>
      <trkpt lat="35.607690000000005" lon="127.50953000000001">
        <ele>477.4200000000001</ele>
      </trkpt>
      <trkpt lat="35.60808" lon="127.50965000000001">
        <ele>476.68000000000006</ele>
      </trkpt>
      <trkpt lat="35.60890666686234" lon="127.50978666384917">
        <ele>474.88</ele>
      </trkpt>
      <trkpt lat="35.60973333357037" lon="127.50992333052261">
        <ele>473.1</ele>
      </trkpt>
      <trkpt lat="35.61056" lon="127.51006000000001">
        <ele>471.43</ele>
      </trkpt>
      <trkpt lat="35.611200000000004" lon="127.51012000000001">
        <ele>470.80000000000007</ele>
      </trkpt>
      <trkpt lat="35.611610000000006" lon="127.51013">
        <ele>469.26000000000005</ele>
      </trkpt>
      <trkpt lat="35.61193" lon="127.51008000000002">
        <ele>468.23</ele>
      </trkpt>
      <trkpt lat="35.61263" lon="127.50984000000001">
        <ele>467.17</ele>
      </trkpt>
      <trkpt lat="35.61332" lon="127.50956000000001">
        <ele>465.35</ele>
      </trkpt>
      <trkpt lat="35.613835000105546" lon="127.50938500113386">
        <ele>463.9200000000001</ele>
      </trkpt>
      <trkpt lat="35.61435" lon="127.50921000000001">
        <ele>462.57000000000005</ele>
      </trkpt>
      <trkpt lat="35.614860000334964" lon="127.50899500131018">
        <ele>461.0400000000001</ele>
      </trkpt>
      <trkpt lat="35.615370000000006" lon="127.50878000000002">
        <ele>460.41</ele>
      </trkpt>
      <trkpt lat="35.61586000028487" lon="127.50860500101554">
        <ele>458.95</ele>
      </trkpt>
      <trkpt lat="35.616350000000004" lon="127.50843">
        <ele>457.91</ele>
      </trkpt>
      <trkpt lat="35.61666" lon="127.50835000000001">
        <ele>457.38000000000005</ele>
      </trkpt>
      <trkpt lat="35.617390000121574" lon="127.50826000081061">
        <ele>456.63000000000005</ele>
      </trkpt>
      <trkpt lat="35.618120000000005" lon="127.50817">
        <ele>456.41</ele>
      </trkpt>
      <trkpt lat="35.618480000000005" lon="127.50801000000001">
        <ele>455.81000000000006</ele>
      </trkpt>
      <trkpt lat="35.61865" lon="127.50791000000001">
        <ele>455.76000000000005</ele>
      </trkpt>
      <trkpt lat="35.6190700003678" lon="127.50764000137517">
        <ele>454.51</ele>
      </trkpt>
      <trkpt lat="35.619490000000006" lon="127.50737000000001">
        <ele>453.46000000000004</ele>
      </trkpt>
      <trkpt lat="35.619820000000004" lon="127.50711000000001">
        <ele>452.71000000000004</ele>
      </trkpt>
      <trkpt lat="35.619980000000005" lon="127.50691">
        <ele>452.71000000000004</ele>
      </trkpt>
      <trkpt lat="35.620340000000006" lon="127.50639000000001">
        <ele>451.77000000000004</ele>
      </trkpt>
      <trkpt lat="35.6205" lon="127.50623000000002">
        <ele>451.48</ele>
      </trkpt>
      <trkpt lat="35.6206" lon="127.50616000000001">
        <ele>451.36</ele>
      </trkpt>
      <trkpt lat="35.62077" lon="127.50603000000001">
        <ele>451.31000000000006</ele>
      </trkpt>
      <trkpt lat="35.621010000000005" lon="127.50596000000002">
        <ele>451.36</ele>
      </trkpt>
      <trkpt lat="35.621460000000006" lon="127.50581000000001">
        <ele>451.32000000000005</ele>
      </trkpt>
      <trkpt lat="35.621860000000005" lon="127.50574000000002">
        <ele>451.44000000000005</ele>
      </trkpt>
      <trkpt lat="35.62219" lon="127.50574000000002">
        <ele>451.77000000000004</ele>
      </trkpt>
      <trkpt lat="35.6222" lon="127.50574000000002">
        <ele>450.95</ele>
      </trkpt>
      <trkpt lat="35.62268500020346" lon="127.50575499991528">
        <ele>452.39</ele>
      </trkpt>
      <trkpt lat="35.62317" lon="127.50577000000001">
        <ele>450.02000000000004</ele>
      </trkpt>
      <trkpt lat="35.6238400000947" lon="127.50590499887272">
        <ele>448.64000000000004</ele>
      </trkpt>
      <trkpt lat="35.62451" lon="127.50604000000001">
        <ele>449.0</ele>
      </trkpt>
      <trkpt lat="35.62527500050907" lon="127.50638499670691">
        <ele>451.84000000000003</ele>
      </trkpt>
      <trkpt lat="35.62604" lon="127.50673">
        <ele>445.90000000000003</ele>
      </trkpt>
      <trkpt lat="35.62682000101467" lon="127.50707332665205">
        <ele>450.12</ele>
      </trkpt>
      <trkpt lat="35.627600001055235" lon="127.5074166600031">
        <ele>447.41</ele>
      </trkpt>
      <trkpt lat="35.62838" lon="127.50776">
        <ele>446.09000000000003</ele>
      </trkpt>
      <trkpt lat="35.62865000338677" lon="127.50685500304773">
        <ele>443.07</ele>
      </trkpt>
      <trkpt lat="35.62892" lon="127.50595000000001">
        <ele>433.89000000000004</ele>
      </trkpt>
      <trkpt lat="35.628930000000004" lon="127.50595000000001">
        <ele>437.20000000000005</ele>
      </trkpt>
      <trkpt lat="35.62923" lon="127.50496000000001">
        <ele>431.99</ele>
      </trkpt>
      <trkpt lat="35.62924" lon="127.50497000000001">
        <ele>431.99</ele>
      </trkpt>
      <trkpt lat="35.6295" lon="127.50395000000002">
        <ele>433.22</ele>
      </trkpt>
      <trkpt lat="35.629670000000004" lon="127.50373">
        <ele>433.22</ele>
      </trkpt>
      <trkpt lat="35.62966" lon="127.50373">
        <ele>433.22</ele>
      </trkpt>
      <trkpt lat="35.62986" lon="127.50350000000002">
        <ele>433.22</ele>
      </trkpt>
      <trkpt lat="35.630190000000006" lon="127.50326000000001">
        <ele>433.22</ele>
      </trkpt>
      <trkpt lat="35.630665000804456" lon="127.50282500256412">
        <ele>436.03000000000003</ele>
      </trkpt>
      <trkpt lat="35.63114" lon="127.50239">
        <ele>436.03000000000003</ele>
      </trkpt>
      <trkpt lat="35.63157000182545" lon="127.50172500358009">
        <ele>436.03000000000003</ele>
      </trkpt>
      <trkpt lat="35.632000000000005" lon="127.50106000000001">
        <ele>438.04</ele>
      </trkpt>
      <trkpt lat="35.63212" lon="127.50093000000001">
        <ele>438.04</ele>
      </trkpt>
      <trkpt lat="35.63224" lon="127.50088000000001">
        <ele>438.04</ele>
      </trkpt>
      <trkpt lat="35.632490000000004" lon="127.50091">
        <ele>438.04</ele>
      </trkpt>
      <trkpt lat="35.632490000000004" lon="127.50040000000001">
        <ele>438.04</ele>
      </trkpt>
      <trkpt lat="35.63253" lon="127.5002">
        <ele>440.96000000000004</ele>
      </trkpt>
      <trkpt lat="35.632650000000005" lon="127.49980000000001">
        <ele>440.96000000000004</ele>
      </trkpt>
      <trkpt lat="35.632560000000005" lon="127.49949000000001">
        <ele>440.96000000000004</ele>
      </trkpt>
      <trkpt lat="35.63243" lon="127.49915000000001">
        <ele>443.13</ele>
      </trkpt>
      <trkpt lat="35.63243" lon="127.49914000000001">
        <ele>443.13</ele>
      </trkpt>
      <trkpt lat="35.63241" lon="127.49909000000001">
        <ele>443.13</ele>
      </trkpt>
      <trkpt lat="35.632400000000004" lon="127.49858">
        <ele>443.13</ele>
      </trkpt>
      <trkpt lat="35.63226" lon="127.49836">
        <ele>443.13</ele>
      </trkpt>
      <trkpt lat="35.632020000000004" lon="127.49814">
        <ele>443.13</ele>
      </trkpt>
      <trkpt lat="35.63167" lon="127.49799000000002">
        <ele>443.13</ele>
      </trkpt>
      <trkpt lat="35.63129" lon="127.49753000000001">
        <ele>443.13</ele>
      </trkpt>
      <trkpt lat="35.630930000000006" lon="127.49657">
        <ele>458.95</ele>
      </trkpt>
      <trkpt lat="35.630790000000005" lon="127.49626">
        <ele>458.95</ele>
      </trkpt>
      <trkpt lat="35.63069" lon="127.49616000000002">
        <ele>458.95</ele>
      </trkpt>
      <trkpt lat="35.63038" lon="127.49599">
        <ele>458.95</ele>
      </trkpt>
      <trkpt lat="35.63008" lon="127.49509">
        <ele>458.81000000000006</ele>
      </trkpt>
      <trkpt lat="35.63004" lon="127.49485000000001">
        <ele>458.18</ele>
      </trkpt>
      <trkpt lat="35.62988" lon="127.49430000000001">
        <ele>458.09000000000003</ele>
      </trkpt>
      <trkpt lat="35.629850000000005" lon="127.49410000000002">
        <ele>458.09000000000003</ele>
      </trkpt>
      <trkpt lat="35.62986" lon="127.49381000000001">
        <ele>465.44</ele>
      </trkpt>
      <trkpt lat="35.6302" lon="127.49323000000001">
        <ele>465.44</ele>
      </trkpt>
      <trkpt lat="35.63031" lon="127.49292000000001">
        <ele>465.44</ele>
      </trkpt>
      <trkpt lat="35.63031" lon="127.49293000000002">
        <ele>465.97</ele>
      </trkpt>
      <trkpt lat="35.630390000000006" lon="127.49276">
        <ele>466.66</ele>
      </trkpt>
      <trkpt lat="35.6308" lon="127.49272">
        <ele>466.94</ele>
      </trkpt>
      <trkpt lat="35.630930000000006" lon="127.49257000000001">
        <ele>466.9200000000001</ele>
      </trkpt>
      <trkpt lat="35.63163" lon="127.49285">
        <ele>465.77</ele>
      </trkpt>
      <trkpt lat="35.631620000000005" lon="127.49285">
        <ele>465.71</ele>
      </trkpt>
      <trkpt lat="35.63242000066634" lon="127.49324999599932">
        <ele>464.72</ele>
      </trkpt>
      <trkpt lat="35.63322" lon="127.49365000000002">
        <ele>466.69000000000005</ele>
      </trkpt>
      <trkpt lat="35.63373500041582" lon="127.4939449981315">
        <ele>467.55</ele>
      </trkpt>
      <trkpt lat="35.63425" lon="127.49424">
        <ele>468.65</ele>
      </trkpt>
      <trkpt lat="35.6348200004188" lon="127.49446499847815">
        <ele>473.30000000000007</ele>
      </trkpt>
      <trkpt lat="35.63539" lon="127.49469">
        <ele>481.19000000000005</ele>
      </trkpt>
      <trkpt lat="35.6355" lon="127.49469">
        <ele>482.11</ele>
      </trkpt>
      <trkpt lat="35.635630000000006" lon="127.49462000000001">
        <ele>482.37</ele>
      </trkpt>
      <trkpt lat="35.63557" lon="127.49454000000001">
        <ele>483.11</ele>
      </trkpt>
      <trkpt lat="35.63535" lon="127.49397">
        <ele>487.53000000000003</ele>
      </trkpt>
      <trkpt lat="35.635250000000006" lon="127.49378000000002">
        <ele>489.84000000000003</ele>
      </trkpt>
      <trkpt lat="35.63515" lon="127.49364000000001">
        <ele>490.56000000000006</ele>
      </trkpt>
      <trkpt lat="35.635090000000005" lon="127.49351000000001">
        <ele>490.56000000000006</ele>
      </trkpt>
      <trkpt lat="35.63468000046355" lon="127.49313499796888">
        <ele>495.38000000000005</ele>
      </trkpt>
      <trkpt lat="35.63427" lon="127.49276">
        <ele>500.46</ele>
      </trkpt>
      <trkpt lat="35.6338" lon="127.49193000000001">
        <ele>506.78</ele>
      </trkpt>
      <trkpt lat="35.63351" lon="127.49126000000001">
        <ele>514.0100000000001</ele>
      </trkpt>
      <trkpt lat="35.63337500137542" lon="127.49069499928153">
        <ele>516.4000000000001</ele>
      </trkpt>
      <trkpt lat="35.63324" lon="127.49013000000001">
        <ele>523.0400000000001</ele>
      </trkpt>
      <trkpt lat="35.63315" lon="127.48968">
        <ele>524.21</ele>
      </trkpt>
      <trkpt lat="35.63315" lon="127.48924000000001">
        <ele>528.0</ele>
      </trkpt>
      <trkpt lat="35.63322" lon="127.48910000000001">
        <ele>529.3</ele>
      </trkpt>
      <trkpt lat="35.63333" lon="127.48904000000002">
        <ele>531.64</ele>
      </trkpt>
      <trkpt lat="35.63354" lon="127.48901000000001">
        <ele>532.09</ele>
      </trkpt>
      <trkpt lat="35.6336" lon="127.48905">
        <ele>533.78</ele>
      </trkpt>
      <trkpt lat="35.63362" lon="127.48911000000001">
        <ele>533.78</ele>
      </trkpt>
      <trkpt lat="35.63369" lon="127.48916000000001">
        <ele>535.1100000000001</ele>
      </trkpt>
      <trkpt lat="35.63383" lon="127.48935000000002">
        <ele>536.63</ele>
      </trkpt>
      <trkpt lat="35.63369" lon="127.48916000000001">
        <ele>535.1100000000001</ele>
      </trkpt>
      <trkpt lat="35.63362" lon="127.48911000000001">
        <ele>533.78</ele>
      </trkpt>
      <trkpt lat="35.6336" lon="127.48905">
        <ele>533.78</ele>
      </trkpt>
      <trkpt lat="35.63354" lon="127.48901000000001">
        <ele>532.09</ele>
      </trkpt>
      <trkpt lat="35.63333" lon="127.48904000000002">
        <ele>531.64</ele>
      </trkpt>
      <trkpt lat="35.63322" lon="127.48910000000001">
        <ele>529.3</ele>
      </trkpt>
      <trkpt lat="35.63315" lon="127.48924000000001">
        <ele>528.0</ele>
      </trkpt>
      <trkpt lat="35.63315" lon="127.48968">
        <ele>524.21</ele>
      </trkpt>
      <trkpt lat="35.63324" lon="127.49013000000001">
        <ele>523.0400000000001</ele>
      </trkpt>
      <trkpt lat="35.63337500126275" lon="127.49069499881001">
        <ele>516.4000000000001</ele>
      </trkpt>
      <trkpt lat="35.63351" lon="127.49126000000001">
        <ele>514.0100000000001</ele>
      </trkpt>
      <trkpt lat="35.6338" lon="127.49193000000001">
        <ele>506.78</ele>
      </trkpt>
      <trkpt lat="35.634240000000005" lon="127.49270000000001">
        <ele>500.74000000000007</ele>
      </trkpt>
      <trkpt lat="35.63423" lon="127.49270000000001">
        <ele>500.7900000000001</ele>
      </trkpt>
      <trkpt lat="35.6338" lon="127.49193000000001">
        <ele>506.78</ele>
      </trkpt>
      <trkpt lat="35.63351" lon="127.49126000000001">
        <ele>514.0100000000001</ele>
      </trkpt>
      <trkpt lat="35.63337500137542" lon="127.49069499928153">
        <ele>516.4000000000001</ele>
      </trkpt>
      <trkpt lat="35.63324" lon="127.49013000000001">
        <ele>523.0400000000001</ele>
      </trkpt>
      <trkpt lat="35.63315" lon="127.48968">
        <ele>524.21</ele>
      </trkpt>
      <trkpt lat="35.63315" lon="127.48924000000001">
        <ele>528.0</ele>
      </trkpt>
      <trkpt lat="35.63322" lon="127.48910000000001">
        <ele>529.3</ele>
      </trkpt>
      <trkpt lat="35.63333" lon="127.48904000000002">
        <ele>531.64</ele>
      </trkpt>
      <trkpt lat="35.63354" lon="127.48901000000001">
        <ele>532.09</ele>
      </trkpt>
      <trkpt lat="35.6336" lon="127.48905">
        <ele>533.78</ele>
      </trkpt>
      <trkpt lat="35.63362" lon="127.48911000000001">
        <ele>533.78</ele>
      </trkpt>
      <trkpt lat="35.63369" lon="127.48916000000001">
        <ele>535.1100000000001</ele>
      </trkpt>
      <trkpt lat="35.63389" lon="127.48941">
        <ele>536.63</ele>
      </trkpt>
      <trkpt lat="35.63411" lon="127.48952000000001">
        <ele>538.52</ele>
      </trkpt>
      <trkpt lat="35.63427" lon="127.48956000000001">
        <ele>539.96</ele>
      </trkpt>
      <trkpt lat="35.634440000000005" lon="127.48963">
        <ele>540.75</ele>
      </trkpt>
      <trkpt lat="35.63449" lon="127.48967">
        <ele>541.71</ele>
      </trkpt>
      <trkpt lat="35.63454" lon="127.48975000000002">
        <ele>541.71</ele>
      </trkpt>
      <trkpt lat="35.63474" lon="127.49012">
        <ele>543.75</ele>
      </trkpt>
      <trkpt lat="35.63496" lon="127.49040000000001">
        <ele>545.6</ele>
      </trkpt>
      <trkpt lat="35.63512" lon="127.49050000000001">
        <ele>546.59</ele>
      </trkpt>
      <trkpt lat="35.635270000000006" lon="127.49056000000002">
        <ele>547.48</ele>
      </trkpt>
      <trkpt lat="35.63542" lon="127.49057">
        <ele>547.7200000000001</ele>
      </trkpt>
      <trkpt lat="35.63559" lon="127.49051000000001">
        <ele>548.76</ele>
      </trkpt>
      <trkpt lat="35.63624" lon="127.49008">
        <ele>552.9200000000001</ele>
      </trkpt>
      <trkpt lat="35.636300000000006" lon="127.49007000000002">
        <ele>553.22</ele>
      </trkpt>
      <trkpt lat="35.636390000000006" lon="127.49002000000002">
        <ele>553.8700000000001</ele>
      </trkpt>
      <trkpt lat="35.63656" lon="127.48989000000002">
        <ele>556.5</ele>
      </trkpt>
      <trkpt lat="35.63674" lon="127.48979000000001">
        <ele>557.32</ele>
      </trkpt>
      <trkpt lat="35.637350000000005" lon="127.48960000000001">
        <ele>564.2</ele>
      </trkpt>
      <trkpt lat="35.637510000000006" lon="127.48962000000002">
        <ele>567.2</ele>
      </trkpt>
      <trkpt lat="35.6377" lon="127.48968">
        <ele>567.2</ele>
      </trkpt>
      <trkpt lat="35.63785" lon="127.48976">
        <ele>570.57</ele>
      </trkpt>
      <trkpt lat="35.63796" lon="127.48979000000001">
        <ele>571.08</ele>
      </trkpt>
      <trkpt lat="35.638070000000006" lon="127.48979000000001">
        <ele>572.79</ele>
      </trkpt>
      <trkpt lat="35.638180000000006" lon="127.48971000000002">
        <ele>574.89</ele>
      </trkpt>
      <trkpt lat="35.638270000000006" lon="127.48960000000001">
        <ele>576.1700000000001</ele>
      </trkpt>
      <trkpt lat="35.63828" lon="127.48935000000002">
        <ele>577.55</ele>
      </trkpt>
      <trkpt lat="35.63817" lon="127.48918">
        <ele>578.7500000000001</ele>
      </trkpt>
      <trkpt lat="35.63783" lon="127.48876000000001">
        <ele>582.49</ele>
      </trkpt>
      <trkpt lat="35.637600000000006" lon="127.48816000000001">
        <ele>587.35</ele>
      </trkpt>
      <trkpt lat="35.637040000000006" lon="127.48733000000001">
        <ele>595.7300000000001</ele>
      </trkpt>
      <trkpt lat="35.6368" lon="127.48688000000001">
        <ele>598.96</ele>
      </trkpt>
      <trkpt lat="35.63667" lon="127.48653000000002">
        <ele>601.48</ele>
      </trkpt>
      <trkpt lat="35.63653" lon="127.48608000000002">
        <ele>608.7600000000001</ele>
      </trkpt>
      <trkpt lat="35.63647" lon="127.48577000000002">
        <ele>609.6100000000001</ele>
      </trkpt>
      <trkpt lat="35.63647" lon="127.48539000000001">
        <ele>611.84</ele>
      </trkpt>
      <trkpt lat="35.63658" lon="127.48511">
        <ele>615.6700000000001</ele>
      </trkpt>
      <trkpt lat="35.63676" lon="127.4848">
        <ele>618.14</ele>
      </trkpt>
      <trkpt lat="35.63687" lon="127.48465000000002">
        <ele>619.38</ele>
      </trkpt>
      <trkpt lat="35.63712" lon="127.48439">
        <ele>623.09</ele>
      </trkpt>
      <trkpt lat="35.637350000000005" lon="127.48411000000002">
        <ele>625.02</ele>
      </trkpt>
      <trkpt lat="35.63756" lon="127.4839">
        <ele>627.68</ele>
      </trkpt>
      <trkpt lat="35.63765" lon="127.48383000000001">
        <ele>627.68</ele>
      </trkpt>
      <trkpt lat="35.63776" lon="127.48382000000001">
        <ele>628.34</ele>
      </trkpt>
      <trkpt lat="35.63803" lon="127.48385">
        <ele>630.8000000000001</ele>
      </trkpt>
      <trkpt lat="35.63824" lon="127.48396000000001">
        <ele>632.0100000000001</ele>
      </trkpt>
      <trkpt lat="35.63893" lon="127.48427000000001">
        <ele>637.0300000000001</ele>
      </trkpt>
      <trkpt lat="35.639300000000006" lon="127.48425000000002">
        <ele>640.5300000000001</ele>
      </trkpt>
      <trkpt lat="35.63942" lon="127.48422000000001">
        <ele>640.5300000000001</ele>
      </trkpt>
      <trkpt lat="35.63983" lon="127.48406000000001">
        <ele>643.51</ele>
      </trkpt>
      <trkpt lat="35.64005" lon="127.48401000000001">
        <ele>645.0300000000001</ele>
      </trkpt>
      <trkpt lat="35.64023" lon="127.48403">
        <ele>646.6700000000001</ele>
      </trkpt>
      <trkpt lat="35.640420000000006" lon="127.48411000000002">
        <ele>647.23</ele>
      </trkpt>
      <trkpt lat="35.64079" lon="127.48434000000002">
        <ele>651.17</ele>
      </trkpt>
      <trkpt lat="35.64121" lon="127.48453">
        <ele>653.4700000000001</ele>
      </trkpt>
      <trkpt lat="35.64148" lon="127.48456000000002">
        <ele>655.1300000000001</ele>
      </trkpt>
      <trkpt lat="35.64200500007671" lon="127.48464999941613">
        <ele>659.07</ele>
      </trkpt>
      <trkpt lat="35.64253" lon="127.48474000000002">
        <ele>664.2600000000001</ele>
      </trkpt>
      <trkpt lat="35.642680000000006" lon="127.4847">
        <ele>666.51</ele>
      </trkpt>
      <trkpt lat="35.64275" lon="127.48466">
        <ele>666.51</ele>
      </trkpt>
      <trkpt lat="35.64294" lon="127.48447000000002">
        <ele>669.3</ele>
      </trkpt>
      <trkpt lat="35.64334000198949" lon="127.48377000356645">
        <ele>674.0</ele>
      </trkpt>
      <trkpt lat="35.64374" lon="127.48307000000001">
        <ele>682.0</ele>
      </trkpt>
      <trkpt lat="35.644110000000005" lon="127.48250000000002">
        <ele>688.5400000000001</ele>
      </trkpt>
      <trkpt lat="35.64426" lon="127.48238">
        <ele>689.6800000000001</ele>
      </trkpt>
      <trkpt lat="35.64443" lon="127.48234000000001">
        <ele>692.0500000000001</ele>
      </trkpt>
      <trkpt lat="35.645100000000006" lon="127.48246000000002">
        <ele>695.83</ele>
      </trkpt>
      <trkpt lat="35.645250000000004" lon="127.48244000000001">
        <ele>697.7500000000001</ele>
      </trkpt>
      <trkpt lat="35.645500000000006" lon="127.48233">
        <ele>698.64</ele>
      </trkpt>
      <trkpt lat="35.64571" lon="127.48219000000002">
        <ele>700.01</ele>
      </trkpt>
      <trkpt lat="35.645920000000004" lon="127.48202">
        <ele>701.95</ele>
      </trkpt>
      <trkpt lat="35.64636" lon="127.48144">
        <ele>706.01</ele>
      </trkpt>
      <trkpt lat="35.64666500085244" lon="127.48100000160429">
        <ele>709.9300000000001</ele>
      </trkpt>
      <trkpt lat="35.64697" lon="127.48056000000001">
        <ele>714.43</ele>
      </trkpt>
      <trkpt lat="35.647020000000005" lon="127.48036">
        <ele>715.13</ele>
      </trkpt>
      <trkpt lat="35.647020000000005" lon="127.48030000000001">
        <ele>715.71</ele>
      </trkpt>
      <trkpt lat="35.64694" lon="127.48019000000001">
        <ele>716.23</ele>
      </trkpt>
      <trkpt lat="35.64685" lon="127.48015000000001">
        <ele>716.69</ele>
      </trkpt>
      <trkpt lat="35.646280000000004" lon="127.48011000000001">
        <ele>720.62</ele>
      </trkpt>
      <trkpt lat="35.64565" lon="127.47984000000001">
        <ele>724.31</ele>
      </trkpt>
      <trkpt lat="35.645160000000004" lon="127.47948000000001">
        <ele>729.7900000000001</ele>
      </trkpt>
      <trkpt lat="35.64495" lon="127.47912000000001">
        <ele>731.33</ele>
      </trkpt>
      <trkpt lat="35.644800000000004" lon="127.47842000000001">
        <ele>737.45</ele>
      </trkpt>
      <trkpt lat="35.64468" lon="127.47833000000001">
        <ele>739.2800000000001</ele>
      </trkpt>
      <trkpt lat="35.64434" lon="127.47824000000001">
        <ele>741.5200000000001</ele>
      </trkpt>
      <trkpt lat="35.644070000000006" lon="127.47758000000002">
        <ele>746.26</ele>
      </trkpt>
      <trkpt lat="35.64397" lon="127.47751000000001">
        <ele>747.6600000000001</ele>
      </trkpt>
      <trkpt lat="35.643820000000005" lon="127.47746000000001">
        <ele>749.11</ele>
      </trkpt>
      <trkpt lat="35.64372" lon="127.47734000000001">
        <ele>749.11</ele>
      </trkpt>
      <trkpt lat="35.64361" lon="127.47698000000001">
        <ele>751.7600000000001</ele>
      </trkpt>
      <trkpt lat="35.6435" lon="127.47692">
        <ele>752.5500000000001</ele>
      </trkpt>
      <trkpt lat="35.643240000000006" lon="127.47682">
        <ele>753.5500000000001</ele>
      </trkpt>
      <trkpt lat="35.64307" lon="127.47638">
        <ele>754.57</ele>
      </trkpt>
      <trkpt lat="35.642880000000005" lon="127.47608000000001">
        <ele>754.73</ele>
      </trkpt>
      <trkpt lat="35.6422" lon="127.47545000000001">
        <ele>755.63</ele>
      </trkpt>
      <trkpt lat="35.64188" lon="127.4749">
        <ele>756.23</ele>
      </trkpt>
      <trkpt lat="35.6413" lon="127.47457000000001">
        <ele>757.8100000000001</ele>
      </trkpt>
      <trkpt lat="35.640910000000005" lon="127.47438000000001">
        <ele>762.4900000000001</ele>
      </trkpt>
      <trkpt lat="35.64043" lon="127.47369">
        <ele>768.6</ele>
      </trkpt>
      <trkpt lat="35.64014" lon="127.47341000000002">
        <ele>772.26</ele>
      </trkpt>
      <trkpt lat="35.63994" lon="127.47315">
        <ele>774.83</ele>
      </trkpt>
      <trkpt lat="35.63989" lon="127.47287000000001">
        <ele>777.57</ele>
      </trkpt>
      <trkpt lat="35.640010000000004" lon="127.47222000000001">
        <ele>782.9200000000001</ele>
      </trkpt>
      <trkpt lat="35.63994" lon="127.47162000000002">
        <ele>786.6400000000001</ele>
      </trkpt>
      <trkpt lat="35.63982" lon="127.47096">
        <ele>790.58</ele>
      </trkpt>
      <trkpt lat="35.639610000000005" lon="127.47066000000001">
        <ele>792.54</ele>
      </trkpt>
      <trkpt lat="35.639250000000004" lon="127.47021000000001">
        <ele>794.94</ele>
      </trkpt>
      <trkpt lat="35.6389" lon="127.47008000000001">
        <ele>797.78</ele>
      </trkpt>
      <trkpt lat="35.638540000000006" lon="127.47011">
        <ele>799.44</ele>
      </trkpt>
      <trkpt lat="35.6379" lon="127.46986000000001">
        <ele>803.4300000000001</ele>
      </trkpt>
      <trkpt lat="35.63749" lon="127.46996000000001">
        <ele>806.0</ele>
      </trkpt>
      <trkpt lat="35.63725" lon="127.46981000000001">
        <ele>808.27</ele>
      </trkpt>
      <trkpt lat="35.637060000000005" lon="127.46976000000001">
        <ele>811.47</ele>
      </trkpt>
      <trkpt lat="35.63692" lon="127.46979000000002">
        <ele>811.47</ele>
      </trkpt>
      <trkpt lat="35.63653" lon="127.47025000000001">
        <ele>816.46</ele>
      </trkpt>
      <trkpt lat="35.63635" lon="127.47027000000001">
        <ele>818.57</ele>
      </trkpt>
      <trkpt lat="35.636190000000006" lon="127.47022000000001">
        <ele>821.64</ele>
      </trkpt>
      <trkpt lat="35.63611" lon="127.47005000000001">
        <ele>822.5000000000001</ele>
      </trkpt>
      <trkpt lat="35.63613" lon="127.46988">
        <ele>822.86</ele>
      </trkpt>
      <trkpt lat="35.63624" lon="127.46967000000001">
        <ele>824.6800000000001</ele>
      </trkpt>
      <trkpt lat="35.63693" lon="127.46919000000001">
        <ele>830.4100000000001</ele>
      </trkpt>
      <trkpt lat="35.63709" lon="127.46913">
        <ele>831.3800000000001</ele>
      </trkpt>
      <trkpt lat="35.637080000000005" lon="127.46913">
        <ele>831.3800000000001</ele>
      </trkpt>
      <trkpt lat="35.637510000000006" lon="127.46922">
        <ele>835.69</ele>
      </trkpt>
      <trkpt lat="35.63758" lon="127.46920000000001">
        <ele>835.69</ele>
      </trkpt>
      <trkpt lat="35.637710000000006" lon="127.46913">
        <ele>837.08</ele>
      </trkpt>
      <trkpt lat="35.63783" lon="127.46900000000001">
        <ele>837.89</ele>
      </trkpt>
      <trkpt lat="35.637950000000004" lon="127.46889000000002">
        <ele>838.7800000000001</ele>
      </trkpt>
      <trkpt lat="35.63797" lon="127.46887000000001">
        <ele>833.96</ele>
      </trkpt>
      <trkpt lat="35.63801" lon="127.46865000000001">
        <ele>843.0000000000001</ele>
      </trkpt>
      <trkpt lat="35.63794" lon="127.46829000000001">
        <ele>856.4200000000001</ele>
      </trkpt>
      <trkpt lat="35.63806" lon="127.46792">
        <ele>867.89</ele>
      </trkpt>
      <trkpt lat="35.638090000000005" lon="127.46786000000002">
        <ele>861.9700000000001</ele>
      </trkpt>
      <trkpt lat="35.63812" lon="127.46766000000001">
        <ele>865.21</ele>
      </trkpt>
      <trkpt lat="35.638160000000006" lon="127.46754000000001">
        <ele>876.0300000000001</ele>
      </trkpt>
      <trkpt lat="35.63812" lon="127.46750000000002">
        <ele>876.0300000000001</ele>
      </trkpt>
      <trkpt lat="35.63808" lon="127.46733">
        <ele>876.0300000000001</ele>
      </trkpt>
      <trkpt lat="35.637980000000006" lon="127.46714000000001">
        <ele>878.58</ele>
      </trkpt>
      <trkpt lat="35.63787" lon="127.46707">
        <ele>886.53</ele>
      </trkpt>
      <trkpt lat="35.63768" lon="127.46681000000001">
        <ele>891.96</ele>
      </trkpt>
      <trkpt lat="35.63761" lon="127.46666">
        <ele>894.3700000000001</ele>
      </trkpt>
      <trkpt lat="35.63758" lon="127.46663000000001">
        <ele>895.0400000000001</ele>
      </trkpt>
      <trkpt lat="35.637620000000005" lon="127.46661000000002">
        <ele>895.4000000000001</ele>
      </trkpt>
      <trkpt lat="35.6377" lon="127.46648">
        <ele>897.32</ele>
      </trkpt>
      <trkpt lat="35.63777" lon="127.46644">
        <ele>898.82</ele>
      </trkpt>
      <trkpt lat="35.637800000000006" lon="127.46643000000002">
        <ele>899.0100000000001</ele>
      </trkpt>
      <trkpt lat="35.63799" lon="127.46651000000001">
        <ele>899.1800000000001</ele>
      </trkpt>
      <trkpt lat="35.638020000000004" lon="127.46659000000001">
        <ele>897.6700000000001</ele>
      </trkpt>
      <trkpt lat="35.63815" lon="127.46673000000001">
        <ele>893.46</ele>
      </trkpt>
      <trkpt lat="35.638400000000004" lon="127.46689">
        <ele>890.08</ele>
      </trkpt>
      <trkpt lat="35.63843" lon="127.46693">
        <ele>889.35</ele>
      </trkpt>
      <trkpt lat="35.638600000000004" lon="127.46701000000002">
        <ele>888.2500000000001</ele>
      </trkpt>
      <trkpt lat="35.63871" lon="127.46701000000002">
        <ele>885.19</ele>
      </trkpt>
      <trkpt lat="35.63881" lon="127.46689">
        <ele>882.0300000000001</ele>
      </trkpt>
      <trkpt lat="35.638960000000004" lon="127.46685000000001">
        <ele>875.3100000000001</ele>
      </trkpt>
      <trkpt lat="35.639050000000005" lon="127.46673000000001">
        <ele>871.4200000000001</ele>
      </trkpt>
      <trkpt lat="35.639120000000005" lon="127.46681000000001">
        <ele>867.1700000000001</ele>
      </trkpt>
      <trkpt lat="35.639120000000005" lon="127.46693">
        <ele>864.6600000000001</ele>
      </trkpt>
      <trkpt lat="35.63931" lon="127.46714000000001">
        <ele>862.82</ele>
      </trkpt>
      <trkpt lat="35.63936" lon="127.46722000000001">
        <ele>864.9100000000001</ele>
      </trkpt>
      <trkpt lat="35.63955" lon="127.46733">
        <ele>872.86</ele>
      </trkpt>
      <trkpt lat="35.639630000000004" lon="127.46730000000001">
        <ele>875.14</ele>
      </trkpt>
      <trkpt lat="35.63967" lon="127.46731000000001">
        <ele>876.87</ele>
      </trkpt>
      <trkpt lat="35.63975" lon="127.46740000000001">
        <ele>878.3700000000001</ele>
      </trkpt>
      <trkpt lat="35.63998" lon="127.46748000000001">
        <ele>878.35</ele>
      </trkpt>
      <trkpt lat="35.640170000000005" lon="127.46758000000001">
        <ele>881.2800000000001</ele>
      </trkpt>
      <trkpt lat="35.64023" lon="127.46766000000001">
        <ele>884.21</ele>
      </trkpt>
      <trkpt lat="35.640460000000004" lon="127.46779000000001">
        <ele>888.63</ele>
      </trkpt>
      <trkpt lat="35.640800000000006" lon="127.46787">
        <ele>896.7100000000002</ele>
      </trkpt>
      <trkpt lat="35.64086" lon="127.46793000000001">
        <ele>898.5000000000001</ele>
      </trkpt>
      <trkpt lat="35.64101" lon="127.46818">
        <ele>906.2</ele>
      </trkpt>
      <trkpt lat="35.64117" lon="127.46824000000001">
        <ele>912.5500000000001</ele>
      </trkpt>
      <trkpt lat="35.641360000000006" lon="127.46852000000001">
        <ele>920.9100000000001</ele>
      </trkpt>
      <trkpt lat="35.64139" lon="127.46860000000001">
        <ele>922.75</ele>
      </trkpt>
      <trkpt lat="35.6415" lon="127.46868">
        <ele>925.0500000000001</ele>
      </trkpt>
      <trkpt lat="35.641630000000006" lon="127.46871000000002">
        <ele>926.8100000000001</ele>
      </trkpt>
      <trkpt lat="35.64171" lon="127.46878000000001">
        <ele>930.7</ele>
      </trkpt>
      <trkpt lat="35.64188" lon="127.46882000000001">
        <ele>933.3000000000001</ele>
      </trkpt>
      <trkpt lat="35.642030000000005" lon="127.46881">
        <ele>935.4300000000001</ele>
      </trkpt>
      <trkpt lat="35.64218" lon="127.46883000000001">
        <ele>939.64</ele>
      </trkpt>
      <trkpt lat="35.64249" lon="127.46908">
        <ele>952.01</ele>
      </trkpt>
      <trkpt lat="35.6426" lon="127.46932000000001">
        <ele>954.73</ele>
      </trkpt>
      <trkpt lat="35.64271" lon="127.46936000000001">
        <ele>955.2800000000001</ele>
      </trkpt>
      <trkpt lat="35.642770000000006" lon="127.46943000000002">
        <ele>956.1</ele>
      </trkpt>
      <trkpt lat="35.642970000000005" lon="127.46948">
        <ele>959.85</ele>
      </trkpt>
      <trkpt lat="35.643060000000006" lon="127.46958000000001">
        <ele>961.61</ele>
      </trkpt>
      <trkpt lat="35.643080000000005" lon="127.46964000000001">
        <ele>962.67</ele>
      </trkpt>
      <trkpt lat="35.64323" lon="127.46985000000001">
        <ele>970.1700000000001</ele>
      </trkpt>
      <trkpt lat="35.643350000000005" lon="127.46996000000001">
        <ele>975.8100000000001</ele>
      </trkpt>
      <trkpt lat="35.64338" lon="127.47004000000001">
        <ele>979.1500000000001</ele>
      </trkpt>
      <trkpt lat="35.64349" lon="127.47019000000002">
        <ele>984.0200000000001</ele>
      </trkpt>
      <trkpt lat="35.64356" lon="127.47022000000001">
        <ele>984.8000000000001</ele>
      </trkpt>
      <trkpt lat="35.643730000000005" lon="127.47021000000001">
        <ele>986.5800000000002</ele>
      </trkpt>
      <trkpt lat="35.64385" lon="127.47026000000001">
        <ele>986.4600000000002</ele>
      </trkpt>
      <trkpt lat="35.643930000000005" lon="127.47022000000001">
        <ele>985.6800000000001</ele>
      </trkpt>
      <trkpt lat="35.64401" lon="127.47015">
        <ele>986.07</ele>
      </trkpt>
      <trkpt lat="35.64416" lon="127.47007">
        <ele>988.7500000000001</ele>
      </trkpt>
      <trkpt lat="35.64426" lon="127.47009000000001">
        <ele>992.0300000000001</ele>
      </trkpt>
      <trkpt lat="35.644310000000004" lon="127.47006">
        <ele>992.99</ele>
      </trkpt>
      <trkpt lat="35.644360000000006" lon="127.47009000000001">
        <ele>993.8000000000001</ele>
      </trkpt>
      <trkpt lat="35.6445" lon="127.47005000000001">
        <ele>994.69</ele>
      </trkpt>
      <trkpt lat="35.64455" lon="127.47008000000001">
        <ele>994.38</ele>
      </trkpt>
      <trkpt lat="35.644670000000005" lon="127.47006">
        <ele>993.2400000000001</ele>
      </trkpt>
      <trkpt lat="35.644780000000004" lon="127.47013000000001">
        <ele>992.7900000000001</ele>
      </trkpt>
      <trkpt lat="35.644890000000004" lon="127.47015">
        <ele>992.2</ele>
      </trkpt>
      <trkpt lat="35.644960000000005" lon="127.47021000000001">
        <ele>990.99</ele>
      </trkpt>
      <trkpt lat="35.64497" lon="127.47027000000001">
        <ele>990.0300000000001</ele>
      </trkpt>
      <trkpt lat="35.645050000000005" lon="127.47036000000001">
        <ele>987.94</ele>
      </trkpt>
      <trkpt lat="35.645100000000006" lon="127.47063000000001">
        <ele>984.46</ele>
      </trkpt>
      <trkpt lat="35.645160000000004" lon="127.47079000000001">
        <ele>983.6400000000001</ele>
      </trkpt>
      <trkpt lat="35.64522" lon="127.47087">
        <ele>983.08</ele>
      </trkpt>
      <trkpt lat="35.64528" lon="127.47105">
        <ele>981.94</ele>
      </trkpt>
      <trkpt lat="35.64529" lon="127.47114">
        <ele>980.8000000000001</ele>
      </trkpt>
      <trkpt lat="35.645270000000004" lon="127.47134000000001">
        <ele>977.95</ele>
      </trkpt>
      <trkpt lat="35.645230000000005" lon="127.47142000000001">
        <ele>977.3000000000001</ele>
      </trkpt>
      <trkpt lat="35.645210000000006" lon="127.47172">
        <ele>976.6600000000001</ele>
      </trkpt>
      <trkpt lat="35.645230000000005" lon="127.47189000000002">
        <ele>977.98</ele>
      </trkpt>
      <trkpt lat="35.64533" lon="127.47206000000001">
        <ele>979.7800000000001</ele>
      </trkpt>
      <trkpt lat="35.645340000000004" lon="127.47212">
        <ele>979.9300000000001</ele>
      </trkpt>
      <trkpt lat="35.645340000000004" lon="127.47213">
        <ele>979.9300000000001</ele>
      </trkpt>
      <trkpt lat="35.645390000000006" lon="127.47229000000002">
        <ele>977.9100000000001</ele>
      </trkpt>
      <trkpt lat="35.64542" lon="127.47234000000002">
        <ele>976.84</ele>
      </trkpt>
      <trkpt lat="35.64551" lon="127.47238000000002">
        <ele>974.58</ele>
      </trkpt>
      <trkpt lat="35.64564" lon="127.47249000000001">
        <ele>972.3000000000001</ele>
      </trkpt>
      <trkpt lat="35.64574" lon="127.47253">
        <ele>972.35</ele>
      </trkpt>
      <trkpt lat="35.64587" lon="127.47264000000001">
        <ele>973.52</ele>
      </trkpt>
      <trkpt lat="35.646" lon="127.47267000000001">
        <ele>975.61</ele>
      </trkpt>
      <trkpt lat="35.64614" lon="127.47273000000001">
        <ele>979.9000000000001</ele>
      </trkpt>
      <trkpt lat="35.64621" lon="127.47278000000001">
        <ele>980.89</ele>
      </trkpt>
      <trkpt lat="35.646420000000006" lon="127.47300000000001">
        <ele>982.8800000000001</ele>
      </trkpt>
      <trkpt lat="35.646530000000006" lon="127.47304000000001">
        <ele>983.45</ele>
      </trkpt>
      <trkpt lat="35.646570000000004" lon="127.47318000000001">
        <ele>983.59</ele>
      </trkpt>
      <trkpt lat="35.64669" lon="127.47342">
        <ele>983.6700000000001</ele>
      </trkpt>
      <trkpt lat="35.646770000000004" lon="127.47347">
        <ele>984.9000000000001</ele>
      </trkpt>
      <trkpt lat="35.64685" lon="127.47359000000002">
        <ele>988.5600000000001</ele>
      </trkpt>
      <trkpt lat="35.64696" lon="127.47365">
        <ele>991.6100000000001</ele>
      </trkpt>
      <trkpt lat="35.64707" lon="127.47379000000001">
        <ele>995.87</ele>
      </trkpt>
      <trkpt lat="35.64728" lon="127.47385000000001">
        <ele>995.21</ele>
      </trkpt>
      <trkpt lat="35.64755" lon="127.47397000000001">
        <ele>997.8500000000001</ele>
      </trkpt>
      <trkpt lat="35.64777" lon="127.47397000000001">
        <ele>997.26</ele>
      </trkpt>
      <trkpt lat="35.647890000000004" lon="127.47388000000001">
        <ele>994.71</ele>
      </trkpt>
      <trkpt lat="35.64831" lon="127.47368000000002">
        <ele>995.3600000000001</ele>
      </trkpt>
      <trkpt lat="35.648390000000006" lon="127.47371000000001">
        <ele>997.62</ele>
      </trkpt>
      <trkpt lat="35.648500000000006" lon="127.47368000000002">
        <ele>999.5500000000001</ele>
      </trkpt>
      <trkpt lat="35.64864" lon="127.47369">
        <ele>999.99</ele>
      </trkpt>
      <trkpt lat="35.64873" lon="127.47364000000002">
        <ele>1000.2800000000001</ele>
      </trkpt>
      <trkpt lat="35.64882" lon="127.47364000000002">
        <ele>1001.07</ele>
      </trkpt>
      <trkpt lat="35.649080000000005" lon="127.47348000000001">
        <ele>1001.0400000000001</ele>
      </trkpt>
      <trkpt lat="35.649150000000006" lon="127.47348000000001">
        <ele>999.5</ele>
      </trkpt>
      <trkpt lat="35.649210000000004" lon="127.47351">
        <ele>998.1900000000002</ele>
      </trkpt>
      <trkpt lat="35.649350000000005" lon="127.47366000000001">
        <ele>989.7500000000001</ele>
      </trkpt>
      <trkpt lat="35.64952" lon="127.47373000000002">
        <ele>983.59</ele>
      </trkpt>
      <trkpt lat="35.64981" lon="127.47380000000001">
        <ele>980.6300000000001</ele>
      </trkpt>
      <trkpt lat="35.649950000000004" lon="127.47386000000002">
        <ele>980.7000000000002</ele>
      </trkpt>
      <trkpt lat="35.650020000000005" lon="127.47385000000001">
        <ele>980.95</ele>
      </trkpt>
      <trkpt lat="35.65028" lon="127.47388000000001">
        <ele>982.11</ele>
      </trkpt>
      <trkpt lat="35.65034" lon="127.47395000000002">
        <ele>982.6800000000001</ele>
      </trkpt>
      <trkpt lat="35.650560000000006" lon="127.47414">
        <ele>985.8000000000001</ele>
      </trkpt>
      <trkpt lat="35.65072" lon="127.47419000000001">
        <ele>987.6700000000001</ele>
      </trkpt>
      <trkpt lat="35.65077" lon="127.47422000000002">
        <ele>988.4800000000001</ele>
      </trkpt>
      <trkpt lat="35.65075" lon="127.47421000000001">
        <ele>988.34</ele>
      </trkpt>
      <trkpt lat="35.65101" lon="127.47437000000001">
        <ele>990.7500000000001</ele>
      </trkpt>
      <trkpt lat="35.651140000000005" lon="127.47441">
        <ele>992.8000000000001</ele>
      </trkpt>
      <trkpt lat="35.6512" lon="127.47441">
        <ele>993.59</ele>
      </trkpt>
      <trkpt lat="35.651340000000005" lon="127.47448000000001">
        <ele>994.33</ele>
      </trkpt>
      <trkpt lat="35.651500000000006" lon="127.47448000000001">
        <ele>995.35</ele>
      </trkpt>
      <trkpt lat="35.65162" lon="127.47454">
        <ele>995.87</ele>
      </trkpt>
      <trkpt lat="35.65184" lon="127.47453000000002">
        <ele>997.1800000000001</ele>
      </trkpt>
      <trkpt lat="35.65195000000001" lon="127.47462000000002">
        <ele>998.1600000000001</ele>
      </trkpt>
      <trkpt lat="35.65218" lon="127.47465000000001">
        <ele>1000.0</ele>
      </trkpt>
      <trkpt lat="35.65231" lon="127.47459">
        <ele>1000.4399999999999</ele>
      </trkpt>
      <trkpt lat="35.652570000000004" lon="127.47460000000001">
        <ele>1002.6700000000002</ele>
      </trkpt>
      <trkpt lat="35.65265" lon="127.47464000000001">
        <ele>1003.8</ele>
      </trkpt>
      <trkpt lat="35.65297" lon="127.47473000000001">
        <ele>1012.78</ele>
      </trkpt>
      <trkpt lat="35.653180000000006" lon="127.47463">
        <ele>1017.1700000000001</ele>
      </trkpt>
      <trkpt lat="35.653310000000005" lon="127.47460000000001">
        <ele>1018.9400000000002</ele>
      </trkpt>
      <trkpt lat="35.65361" lon="127.47463">
        <ele>1023.6500000000002</ele>
      </trkpt>
      <trkpt lat="35.653780000000005" lon="127.47459">
        <ele>1029.9</ele>
      </trkpt>
      <trkpt lat="35.654" lon="127.47465000000001">
        <ele>1032.38</ele>
      </trkpt>
      <trkpt lat="35.654430000000005" lon="127.47465000000001">
        <ele>1044.92</ele>
      </trkpt>
      <trkpt lat="35.654680000000006" lon="127.47453000000002">
        <ele>1055.73</ele>
      </trkpt>
      <trkpt lat="35.65493" lon="127.47437000000001">
        <ele>1064.3600000000001</ele>
      </trkpt>
      <trkpt lat="35.655080000000005" lon="127.47431000000002">
        <ele>1067.13</ele>
      </trkpt>
      <trkpt lat="35.655300000000004" lon="127.47446000000001">
        <ele>1068.0400000000002</ele>
      </trkpt>
      <trkpt lat="35.655550000000005" lon="127.47475000000001">
        <ele>1069.83</ele>
      </trkpt>
      <trkpt lat="35.65578" lon="127.47509000000001">
        <ele>1070.0800000000002</ele>
      </trkpt>
      <trkpt lat="35.655910000000006" lon="127.47525000000002">
        <ele>1070.6200000000001</ele>
      </trkpt>
      <trkpt lat="35.65617" lon="127.47535">
        <ele>1072.87</ele>
      </trkpt>
      <trkpt lat="35.65634" lon="127.47537000000001">
        <ele>1075.48</ele>
      </trkpt>
      <trkpt lat="35.65657" lon="127.47555000000001">
        <ele>1072.3200000000002</ele>
      </trkpt>
      <trkpt lat="35.657120000000006" lon="127.47589">
        <ele>1066.98</ele>
      </trkpt>
      <trkpt lat="35.657450000000004" lon="127.47598">
        <ele>1064.2500000000002</ele>
      </trkpt>
      <trkpt lat="35.65775" lon="127.47614000000002">
        <ele>1065.91</ele>
      </trkpt>
      <trkpt lat="35.65789" lon="127.47632000000002">
        <ele>1069.82</ele>
      </trkpt>
      <trkpt lat="35.6582" lon="127.47656">
        <ele>1076.4600000000003</ele>
      </trkpt>
      <trkpt lat="35.658440000000006" lon="127.47687">
        <ele>1079.5</ele>
      </trkpt>
      <trkpt lat="35.65847" lon="127.47702000000001">
        <ele>1079.68</ele>
      </trkpt>
      <trkpt lat="35.658460000000005" lon="127.47715000000001">
        <ele>1079.73</ele>
      </trkpt>
      <trkpt lat="35.65851" lon="127.47742000000001">
        <ele>1082.0800000000002</ele>
      </trkpt>
      <trkpt lat="35.658680000000004" lon="127.47768">
        <ele>1089.91</ele>
      </trkpt>
      <trkpt lat="35.6587" lon="127.47784000000001">
        <ele>1092.72</ele>
      </trkpt>
      <trkpt lat="35.658730000000006" lon="127.47786">
        <ele>1092.8300000000002</ele>
      </trkpt>
      <trkpt lat="35.65917" lon="127.47793000000001">
        <ele>1087.9</ele>
      </trkpt>
      <trkpt lat="35.65932" lon="127.47783000000001">
        <ele>1082.9</ele>
      </trkpt>
      <trkpt lat="35.659440000000004" lon="127.47787000000001">
        <ele>1078.44</ele>
      </trkpt>
      <trkpt lat="35.65957" lon="127.47780000000002">
        <ele>1073.71</ele>
      </trkpt>
      <trkpt lat="35.65964" lon="127.47778000000001">
        <ele>1070.17</ele>
      </trkpt>
      <trkpt lat="35.659800000000004" lon="127.47753000000002">
        <ele>1061.35</ele>
      </trkpt>
      <trkpt lat="35.66004" lon="127.47732">
        <ele>1059.47</ele>
      </trkpt>
      <trkpt lat="35.660320000000006" lon="127.47725000000001">
        <ele>1051.65</ele>
      </trkpt>
      <trkpt lat="35.660590000000006" lon="127.47731000000002">
        <ele>1044.71</ele>
      </trkpt>
      <trkpt lat="35.660700000000006" lon="127.47726000000002">
        <ele>1042.96</ele>
      </trkpt>
      <trkpt lat="35.66091" lon="127.47707000000001">
        <ele>1038.31</ele>
      </trkpt>
      <trkpt lat="35.660990000000005" lon="127.47689000000001">
        <ele>1035.32</ele>
      </trkpt>
      <trkpt lat="35.66105" lon="127.47667000000001">
        <ele>1028.24</ele>
      </trkpt>
      <trkpt lat="35.66113" lon="127.47623000000002">
        <ele>1019.46</ele>
      </trkpt>
      <trkpt lat="35.66114" lon="127.47602">
        <ele>1015.3800000000001</ele>
      </trkpt>
      <trkpt lat="35.66127" lon="127.47562">
        <ele>1013.63</ele>
      </trkpt>
      <trkpt lat="35.661390000000004" lon="127.47549000000001">
        <ele>1012.4399999999999</ele>
      </trkpt>
      <trkpt lat="35.661480000000005" lon="127.47525000000002">
        <ele>1008.32</ele>
      </trkpt>
      <trkpt lat="35.661500000000004" lon="127.47503">
        <ele>1005.93</ele>
      </trkpt>
      <trkpt lat="35.661590000000004" lon="127.47487000000001">
        <ele>1003.84</ele>
      </trkpt>
      <trkpt lat="35.661660000000005" lon="127.47460000000001">
        <ele>1002.6700000000002</ele>
      </trkpt>
      <trkpt lat="35.661730000000006" lon="127.47446000000001">
        <ele>1001.0400000000001</ele>
      </trkpt>
      <trkpt lat="35.66176" lon="127.47427">
        <ele>996.9300000000001</ele>
      </trkpt>
      <trkpt lat="35.661840000000005" lon="127.47407000000001">
        <ele>994.94</ele>
      </trkpt>
      <trkpt lat="35.661950000000004" lon="127.47394000000001">
        <ele>995.3600000000001</ele>
      </trkpt>
      <trkpt lat="35.66199" lon="127.4736">
        <ele>993.25</ele>
      </trkpt>
      <trkpt lat="35.66214" lon="127.47335000000001">
        <ele>986.28</ele>
      </trkpt>
      <trkpt lat="35.662220000000005" lon="127.47311">
        <ele>976.3000000000001</ele>
      </trkpt>
      <trkpt lat="35.66236" lon="127.47293">
        <ele>972.2100000000002</ele>
      </trkpt>
      <trkpt lat="35.66255" lon="127.47258000000001">
        <ele>969.2</ele>
      </trkpt>
      <trkpt lat="35.66255" lon="127.47241000000001">
        <ele>968.9200000000001</ele>
      </trkpt>
      <trkpt lat="35.662580000000005" lon="127.47232000000001">
        <ele>969.0200000000001</ele>
      </trkpt>
      <trkpt lat="35.66281" lon="127.47207000000002">
        <ele>972.58</ele>
      </trkpt>
      <trkpt lat="35.663000000000004" lon="127.47175000000001">
        <ele>968.6000000000001</ele>
      </trkpt>
      <trkpt lat="35.663360000000004" lon="127.47143000000001">
        <ele>955.25</ele>
      </trkpt>
      <trkpt lat="35.66366" lon="127.47128000000001">
        <ele>949.25</ele>
      </trkpt>
      <trkpt lat="35.66371" lon="127.47118">
        <ele>947.24</ele>
      </trkpt>
      <trkpt lat="35.66376" lon="127.47115000000001">
        <ele>947.24</ele>
      </trkpt>
      <trkpt lat="35.663810000000005" lon="127.47103000000001">
        <ele>943.39</ele>
      </trkpt>
      <trkpt lat="35.663990000000005" lon="127.47083">
        <ele>938.59</ele>
      </trkpt>
      <trkpt lat="35.66414" lon="127.47072000000001">
        <ele>935.47</ele>
      </trkpt>
      <trkpt lat="35.6642" lon="127.47070000000001">
        <ele>934.9300000000001</ele>
      </trkpt>
      <trkpt lat="35.66431" lon="127.47072000000001">
        <ele>933.64</ele>
      </trkpt>
      <trkpt lat="35.66447" lon="127.47070000000001">
        <ele>931.8700000000001</ele>
      </trkpt>
      <trkpt lat="35.66476" lon="127.47038">
        <ele>925.61</ele>
      </trkpt>
      <trkpt lat="35.664930000000005" lon="127.47026000000001">
        <ele>923.87</ele>
      </trkpt>
      <trkpt lat="35.665090000000006" lon="127.47021000000001">
        <ele>921.6700000000001</ele>
      </trkpt>
      <trkpt lat="35.66516" lon="127.47015">
        <ele>919.22</ele>
      </trkpt>
      <trkpt lat="35.66525" lon="127.47014000000001">
        <ele>917.63</ele>
      </trkpt>
      <trkpt lat="35.66528" lon="127.47009000000001">
        <ele>914.1</ele>
      </trkpt>
      <trkpt lat="35.665350000000004" lon="127.47009000000001">
        <ele>914.1</ele>
      </trkpt>
      <trkpt lat="35.66546" lon="127.47006">
        <ele>906.78</ele>
      </trkpt>
      <trkpt lat="35.66555" lon="127.46993">
        <ele>898.78</ele>
      </trkpt>
      <trkpt lat="35.66563" lon="127.46987000000001">
        <ele>894.1500000000001</ele>
      </trkpt>
      <trkpt lat="35.66563" lon="127.4698">
        <ele>894.1500000000001</ele>
      </trkpt>
      <trkpt lat="35.66564" lon="127.46979000000002">
        <ele>894.1500000000001</ele>
      </trkpt>
      <trkpt lat="35.66565" lon="127.46974000000002">
        <ele>894.1500000000001</ele>
      </trkpt>
      <trkpt lat="35.66572" lon="127.46960000000001">
        <ele>886.21</ele>
      </trkpt>
      <trkpt lat="35.66579" lon="127.46957">
        <ele>882.94</ele>
      </trkpt>
      <trkpt lat="35.66583" lon="127.46941000000001">
        <ele>879.46</ele>
      </trkpt>
      <trkpt lat="35.66604" lon="127.46951000000001">
        <ele>874.1300000000001</ele>
      </trkpt>
      <trkpt lat="35.66619" lon="127.46955000000001">
        <ele>864.04</ele>
      </trkpt>
      <trkpt lat="35.666320000000006" lon="127.46956000000002">
        <ele>864.04</ele>
      </trkpt>
      <trkpt lat="35.66657" lon="127.46961000000002">
        <ele>858.16</ele>
      </trkpt>
      <trkpt lat="35.666720000000005" lon="127.46967000000001">
        <ele>854.25</ele>
      </trkpt>
      <trkpt lat="35.66682" lon="127.46974000000002">
        <ele>848.1</ele>
      </trkpt>
      <trkpt lat="35.6672" lon="127.47027000000001">
        <ele>832.6300000000001</ele>
      </trkpt>
      <trkpt lat="35.66747" lon="127.47070000000001">
        <ele>817.83</ele>
      </trkpt>
      <trkpt lat="35.66752" lon="127.47085000000001">
        <ele>815.18</ele>
      </trkpt>
      <trkpt lat="35.66772" lon="127.47175000000001">
        <ele>785.83</ele>
      </trkpt>
      <trkpt lat="35.667840000000005" lon="127.4719">
        <ele>782.1600000000001</ele>
      </trkpt>
      <trkpt lat="35.667930000000005" lon="127.47197000000001">
        <ele>780.99</ele>
      </trkpt>
      <trkpt lat="35.66792" lon="127.47197000000001">
        <ele>780.9200000000001</ele>
      </trkpt>
      <trkpt lat="35.66842500061082" lon="127.47233499773441">
        <ele>780.34</ele>
      </trkpt>
      <trkpt lat="35.66893" lon="127.47270000000002">
        <ele>762.7400000000001</ele>
      </trkpt>
      <trkpt lat="35.669140000000006" lon="127.47289">
        <ele>753.57</ele>
      </trkpt>
      <trkpt lat="35.669250000000005" lon="127.47309000000001">
        <ele>747.5200000000001</ele>
      </trkpt>
      <trkpt lat="35.669430000000006" lon="127.47336000000001">
        <ele>736.9300000000001</ele>
      </trkpt>
      <trkpt lat="35.6696" lon="127.47353000000001">
        <ele>733.96</ele>
      </trkpt>
      <trkpt lat="35.66973" lon="127.47362000000001">
        <ele>732.47</ele>
      </trkpt>
      <trkpt lat="35.670230000000004" lon="127.47383">
        <ele>720.46</ele>
      </trkpt>
      <trkpt lat="35.67034" lon="127.47395000000002">
        <ele>717.08</ele>
      </trkpt>
      <trkpt lat="35.670480000000005" lon="127.47430000000001">
        <ele>712.95</ele>
      </trkpt>
      <trkpt lat="35.67054" lon="127.47439000000001">
        <ele>712.73</ele>
      </trkpt>
      <trkpt lat="35.67071" lon="127.47454">
        <ele>712.4</ele>
      </trkpt>
      <trkpt lat="35.671240000000004" lon="127.4749">
        <ele>703.85</ele>
      </trkpt>
      <trkpt lat="35.671440000000004" lon="127.47500000000001">
        <ele>700.9399999999999</ele>
      </trkpt>
      <trkpt lat="35.671620000000004" lon="127.47514000000001">
        <ele>697.7500000000001</ele>
      </trkpt>
      <trkpt lat="35.67186" lon="127.47525000000002">
        <ele>694.23</ele>
      </trkpt>
      <trkpt lat="35.67203" lon="127.4753">
        <ele>692.5</ele>
      </trkpt>
      <trkpt lat="35.672160000000005" lon="127.47536000000001">
        <ele>687.67</ele>
      </trkpt>
      <trkpt lat="35.6723" lon="127.47550000000001">
        <ele>684.1600000000001</ele>
      </trkpt>
      <trkpt lat="35.672560000000004" lon="127.47582000000001">
        <ele>678.1600000000001</ele>
      </trkpt>
      <trkpt lat="35.67264" lon="127.47589">
        <ele>678.1600000000001</ele>
      </trkpt>
      <trkpt lat="35.67282" lon="127.47591000000001">
        <ele>673.88</ele>
      </trkpt>
      <trkpt lat="35.67298" lon="127.47588">
        <ele>671.8000000000001</ele>
      </trkpt>
      <trkpt lat="35.673140000000004" lon="127.47586000000001">
        <ele>668.39</ele>
      </trkpt>
      <trkpt lat="35.67396" lon="127.47612000000001">
        <ele>653.2600000000001</ele>
      </trkpt>
      <trkpt lat="35.674150000000004" lon="127.47621000000001">
        <ele>650.98</ele>
      </trkpt>
      <trkpt lat="35.674310000000006" lon="127.47626000000001">
        <ele>649.5200000000001</ele>
      </trkpt>
      <trkpt lat="35.6749" lon="127.47654000000001">
        <ele>642.14</ele>
      </trkpt>
      <trkpt lat="35.6754" lon="127.47681000000001">
        <ele>637.41</ele>
      </trkpt>
      <trkpt lat="35.67559" lon="127.47689000000001">
        <ele>636.61</ele>
      </trkpt>
      <trkpt lat="35.675900000000006" lon="127.47688000000001">
        <ele>633.09</ele>
      </trkpt>
      <trkpt lat="35.67618" lon="127.47695000000002">
        <ele>627.9800000000001</ele>
      </trkpt>
      <trkpt lat="35.6762" lon="127.47696">
        <ele>627.83</ele>
      </trkpt>
      <trkpt lat="35.6764" lon="127.47705">
        <ele>625.6400000000001</ele>
      </trkpt>
      <trkpt lat="35.67645" lon="127.47710000000001">
        <ele>625.34</ele>
      </trkpt>
      <trkpt lat="35.676520000000004" lon="127.47735000000002">
        <ele>623.9200000000001</ele>
      </trkpt>
      <trkpt lat="35.676610000000004" lon="127.47738000000001">
        <ele>623.07</ele>
      </trkpt>
      <trkpt lat="35.676640000000006" lon="127.47736">
        <ele>622.56</ele>
      </trkpt>
      <trkpt lat="35.67674" lon="127.47738000000001">
        <ele>621.1800000000001</ele>
      </trkpt>
      <trkpt lat="35.676790000000004" lon="127.47751000000001">
        <ele>621.1800000000001</ele>
      </trkpt>
      <trkpt lat="35.677310000000006" lon="127.47777">
        <ele>615.33</ele>
      </trkpt>
      <trkpt lat="35.67736" lon="127.47783000000001">
        <ele>613.32</ele>
      </trkpt>
      <trkpt lat="35.67737" lon="127.47784000000001">
        <ele>613.32</ele>
      </trkpt>
      <trkpt lat="35.67743" lon="127.4779">
        <ele>612.94</ele>
      </trkpt>
      <trkpt lat="35.677510000000005" lon="127.47806000000001">
        <ele>610.1500000000001</ele>
      </trkpt>
      <trkpt lat="35.67772" lon="127.47800000000001">
        <ele>608.1800000000001</ele>
      </trkpt>
      <trkpt lat="35.67793" lon="127.47781">
        <ele>603.09</ele>
      </trkpt>
      <trkpt lat="35.67794" lon="127.47757000000001">
        <ele>600.4200000000001</ele>
      </trkpt>
      <trkpt lat="35.678070000000005" lon="127.47740000000002">
        <ele>598.0000000000001</ele>
      </trkpt>
      <trkpt lat="35.67853" lon="127.47743000000001">
        <ele>590.28</ele>
      </trkpt>
      <trkpt lat="35.678610000000006" lon="127.47747000000001">
        <ele>590.28</ele>
      </trkpt>
      <trkpt lat="35.6794" lon="127.47762000000002">
        <ele>579.1800000000001</ele>
      </trkpt>
      <trkpt lat="35.679640000000006" lon="127.47778000000001">
        <ele>576.5100000000001</ele>
      </trkpt>
      <trkpt lat="35.68018" lon="127.47854000000001">
        <ele>568.55</ele>
      </trkpt>
      <trkpt lat="35.680460000000004" lon="127.47875">
        <ele>564.61</ele>
      </trkpt>
      <trkpt lat="35.68119" lon="127.47928000000002">
        <ele>555.46</ele>
      </trkpt>
      <trkpt lat="35.681140000000006" lon="127.47950000000002">
        <ele>556.52</ele>
      </trkpt>
      <trkpt lat="35.681070000000005" lon="127.48014">
        <ele>560.97</ele>
      </trkpt>
      <trkpt lat="35.680870000000006" lon="127.48033000000001">
        <ele>562.9900000000001</ele>
      </trkpt>
      <trkpt lat="35.68047" lon="127.48043000000001">
        <ele>566.4300000000001</ele>
      </trkpt>
      <trkpt lat="35.680110000000006" lon="127.48038000000001">
        <ele>568.5600000000001</ele>
      </trkpt>
      <trkpt lat="35.68005" lon="127.48039000000001">
        <ele>569.07</ele>
      </trkpt>
      <trkpt lat="35.679930000000006" lon="127.48053000000002">
        <ele>571.4</ele>
      </trkpt>
      <trkpt lat="35.679840000000006" lon="127.48058">
        <ele>573.6</ele>
      </trkpt>
      <trkpt lat="35.679640000000006" lon="127.48060000000001">
        <ele>575.45</ele>
      </trkpt>
      <trkpt lat="35.679370000000006" lon="127.48066000000001">
        <ele>579.55</ele>
      </trkpt>
      <trkpt lat="35.67924" lon="127.48074000000001">
        <ele>582.19</ele>
      </trkpt>
      <trkpt lat="35.67915" lon="127.48074000000001">
        <ele>582.19</ele>
      </trkpt>
      <trkpt lat="35.67889" lon="127.48118000000001">
        <ele>588.74</ele>
      </trkpt>
      <trkpt lat="35.67868000111722" lon="127.48170000137026">
        <ele>596.8</ele>
      </trkpt>
      <trkpt lat="35.678470000000004" lon="127.48222000000001">
        <ele>603.7300000000001</ele>
      </trkpt>
      <trkpt lat="35.6784" lon="127.48231000000001">
        <ele>605.0000000000001</ele>
      </trkpt>
      <trkpt lat="35.678340000000006" lon="127.48233">
        <ele>605.0000000000001</ele>
      </trkpt>
      <trkpt lat="35.678290000000004" lon="127.48227000000001">
        <ele>607.3400000000001</ele>
      </trkpt>
      <trkpt lat="35.678270000000005" lon="127.48201000000002">
        <ele>609.9300000000001</ele>
      </trkpt>
      <trkpt lat="35.67821" lon="127.48192000000002">
        <ele>609.9300000000001</ele>
      </trkpt>
      <trkpt lat="35.678160000000005" lon="127.48192000000002">
        <ele>612.77</ele>
      </trkpt>
      <trkpt lat="35.67813" lon="127.48196000000002">
        <ele>612.77</ele>
      </trkpt>
      <trkpt lat="35.67815" lon="127.48225000000001">
        <ele>616.24</ele>
      </trkpt>
      <trkpt lat="35.6781" lon="127.48244000000001">
        <ele>618.9100000000001</ele>
      </trkpt>
      <trkpt lat="35.67799" lon="127.48278">
        <ele>621.96</ele>
      </trkpt>
      <trkpt lat="35.67783" lon="127.48305">
        <ele>627.78</ele>
      </trkpt>
      <trkpt lat="35.6775" lon="127.48338000000001">
        <ele>632.45</ele>
      </trkpt>
      <trkpt lat="35.677310000000006" lon="127.48351000000001">
        <ele>634.87</ele>
      </trkpt>
      <trkpt lat="35.677200000000006" lon="127.48370000000001">
        <ele>635.7</ele>
      </trkpt>
      <trkpt lat="35.67678" lon="127.48423000000001">
        <ele>640.23</ele>
      </trkpt>
      <trkpt lat="35.67678" lon="127.4843">
        <ele>640.5200000000001</ele>
      </trkpt>
      <trkpt lat="35.676820000000006" lon="127.48434000000002">
        <ele>640.8900000000001</ele>
      </trkpt>
      <trkpt lat="35.67718" lon="127.48437000000001">
        <ele>646.54</ele>
      </trkpt>
      <trkpt lat="35.677530000000004" lon="127.48420000000002">
        <ele>651.72</ele>
      </trkpt>
      <trkpt lat="35.678140000000006" lon="127.48401000000001">
        <ele>656.1800000000001</ele>
      </trkpt>
      <trkpt lat="35.678430000000006" lon="127.48383000000001">
        <ele>660.93</ele>
      </trkpt>
      <trkpt lat="35.67848" lon="127.48383000000001">
        <ele>660.93</ele>
      </trkpt>
      <trkpt lat="35.67859" lon="127.48389000000002">
        <ele>662.2600000000001</ele>
      </trkpt>
      <trkpt lat="35.678760000000004" lon="127.48384000000001">
        <ele>663.36</ele>
      </trkpt>
      <trkpt lat="35.67904" lon="127.48348000000001">
        <ele>666.52</ele>
      </trkpt>
      <trkpt lat="35.679120000000005" lon="127.48335000000002">
        <ele>667.46</ele>
      </trkpt>
      <trkpt lat="35.679210000000005" lon="127.48334000000001">
        <ele>667.74</ele>
      </trkpt>
      <trkpt lat="35.679280000000006" lon="127.48336">
        <ele>667.82</ele>
      </trkpt>
      <trkpt lat="35.67933" lon="127.48348000000001">
        <ele>667.76</ele>
      </trkpt>
      <trkpt lat="35.67938" lon="127.48381">
        <ele>667.22</ele>
      </trkpt>
      <trkpt lat="35.679570000000005" lon="127.48413000000001">
        <ele>668.7700000000001</ele>
      </trkpt>
      <trkpt lat="35.679500000000004" lon="127.48424000000001">
        <ele>669.94</ele>
      </trkpt>
      <trkpt lat="35.67915" lon="127.48450000000001">
        <ele>675.59</ele>
      </trkpt>
      <trkpt lat="35.679120000000005" lon="127.48465000000002">
        <ele>675.97</ele>
      </trkpt>
      <trkpt lat="35.67916" lon="127.48495000000001">
        <ele>678.6600000000001</ele>
      </trkpt>
      <trkpt lat="35.67925" lon="127.48515">
        <ele>681.5000000000001</ele>
      </trkpt>
      <trkpt lat="35.67927" lon="127.48523000000002">
        <ele>681.59</ele>
      </trkpt>
      <trkpt lat="35.679260000000006" lon="127.48528000000002">
        <ele>681.5600000000001</ele>
      </trkpt>
      <trkpt lat="35.679210000000005" lon="127.48539000000001">
        <ele>680.46</ele>
      </trkpt>
      <trkpt lat="35.67909" lon="127.48539000000001">
        <ele>679.64</ele>
      </trkpt>
      <trkpt lat="35.679010000000005" lon="127.48544000000001">
        <ele>678.69</ele>
      </trkpt>
      <trkpt lat="35.67888" lon="127.48570000000001">
        <ele>675.61</ele>
      </trkpt>
      <trkpt lat="35.67884" lon="127.48575000000001">
        <ele>675.61</ele>
      </trkpt>
      <trkpt lat="35.678760000000004" lon="127.48570000000001">
        <ele>674.64</ele>
      </trkpt>
      <trkpt lat="35.6786" lon="127.48544000000001">
        <ele>672.42</ele>
      </trkpt>
      <trkpt lat="35.67855" lon="127.48540000000001">
        <ele>670.86</ele>
      </trkpt>
      <trkpt lat="35.678430000000006" lon="127.48542">
        <ele>670.4300000000001</ele>
      </trkpt>
      <trkpt lat="35.678160000000005" lon="127.48564">
        <ele>666.3500000000001</ele>
      </trkpt>
      <trkpt lat="35.67804" lon="127.48583">
        <ele>665.22</ele>
      </trkpt>
      <trkpt lat="35.67801" lon="127.48603000000001">
        <ele>661.6899999999999</ele>
      </trkpt>
      <trkpt lat="35.67813" lon="127.48633000000001">
        <ele>659.84</ele>
      </trkpt>
      <trkpt lat="35.678140000000006" lon="127.48639000000001">
        <ele>657.97</ele>
      </trkpt>
      <trkpt lat="35.678110000000004" lon="127.48642000000001">
        <ele>657.97</ele>
      </trkpt>
      <trkpt lat="35.67785" lon="127.48643000000001">
        <ele>655.72</ele>
      </trkpt>
      <trkpt lat="35.677670000000006" lon="127.48639000000001">
        <ele>652.69</ele>
      </trkpt>
      <trkpt lat="35.677490000000006" lon="127.48638000000001">
        <ele>651.82</ele>
      </trkpt>
      <trkpt lat="35.677400000000006" lon="127.48641">
        <ele>651.05</ele>
      </trkpt>
      <trkpt lat="35.67739" lon="127.48654">
        <ele>650.5500000000001</ele>
      </trkpt>
      <trkpt lat="35.67748" lon="127.48671000000002">
        <ele>649.5600000000001</ele>
      </trkpt>
      <trkpt lat="35.677690000000005" lon="127.48694">
        <ele>646.7</ele>
      </trkpt>
      <trkpt lat="35.67797" lon="127.48736000000001">
        <ele>643.4000000000001</ele>
      </trkpt>
      <trkpt lat="35.678560000000004" lon="127.48803000000001">
        <ele>628.19</ele>
      </trkpt>
      <trkpt lat="35.678810000000006" lon="127.48837000000002">
        <ele>625.17</ele>
      </trkpt>
      <trkpt lat="35.678810000000006" lon="127.48844000000001">
        <ele>624.12</ele>
      </trkpt>
      <trkpt lat="35.67875" lon="127.48857000000001">
        <ele>622.2200000000001</ele>
      </trkpt>
      <trkpt lat="35.678760000000004" lon="127.48864">
        <ele>622.2200000000001</ele>
      </trkpt>
      <trkpt lat="35.67904" lon="127.48912000000001">
        <ele>616.44</ele>
      </trkpt>
      <trkpt lat="35.67891" lon="127.48935000000002">
        <ele>615.8100000000001</ele>
      </trkpt>
      <trkpt lat="35.678720000000006" lon="127.48985">
        <ele>614.5500000000001</ele>
      </trkpt>
      <trkpt lat="35.67866" lon="127.49014000000001">
        <ele>612.9499999999999</ele>
      </trkpt>
      <trkpt lat="35.67873" lon="127.49114000000002">
        <ele>603.2</ele>
      </trkpt>
      <trkpt lat="35.678830000000005" lon="127.49152000000001">
        <ele>600.63</ele>
      </trkpt>
      <trkpt lat="35.67895" lon="127.49173">
        <ele>600.08</ele>
      </trkpt>
      <trkpt lat="35.67898" lon="127.49186000000002">
        <ele>600.26</ele>
      </trkpt>
      <trkpt lat="35.678960000000004" lon="127.49210000000001">
        <ele>600.97</ele>
      </trkpt>
      <trkpt lat="35.67904" lon="127.49244000000002">
        <ele>602.7800000000001</ele>
      </trkpt>
      <trkpt lat="35.679050000000004" lon="127.49260000000001">
        <ele>602.7800000000001</ele>
      </trkpt>
      <trkpt lat="35.678900000000006" lon="127.49275000000002">
        <ele>604.1899999999999</ele>
      </trkpt>
      <trkpt lat="35.678580000000004" lon="127.49300000000001">
        <ele>606.25</ele>
      </trkpt>
      <trkpt lat="35.67853" lon="127.49305000000001">
        <ele>606.5100000000001</ele>
      </trkpt>
      <trkpt lat="35.678470000000004" lon="127.49324000000001">
        <ele>606.8100000000001</ele>
      </trkpt>
      <trkpt lat="35.67848" lon="127.49367000000001">
        <ele>606.13</ele>
      </trkpt>
      <trkpt lat="35.6784" lon="127.49382000000001">
        <ele>605.4200000000001</ele>
      </trkpt>
      <trkpt lat="35.678250000000006" lon="127.49400000000001">
        <ele>603.5500000000001</ele>
      </trkpt>
      <trkpt lat="35.678230000000006" lon="127.49412000000001">
        <ele>603.5500000000001</ele>
      </trkpt>
      <trkpt lat="35.6783" lon="127.49430000000001">
        <ele>602.3000000000001</ele>
      </trkpt>
      <trkpt lat="35.678630000000005" lon="127.49455">
        <ele>596.92</ele>
      </trkpt>
      <trkpt lat="35.67875" lon="127.49470000000001">
        <ele>596.92</ele>
      </trkpt>
      <trkpt lat="35.678850000000004" lon="127.49506000000001">
        <ele>596.92</ele>
      </trkpt>
      <trkpt lat="35.67897" lon="127.49526000000002">
        <ele>593.16</ele>
      </trkpt>
      <trkpt lat="35.679080000000006" lon="127.49539000000001">
        <ele>593.16</ele>
      </trkpt>
      <trkpt lat="35.67909" lon="127.49552000000001">
        <ele>593.16</ele>
      </trkpt>
      <trkpt lat="35.678990000000006" lon="127.49620000000002">
        <ele>589.7</ele>
      </trkpt>
      <trkpt lat="35.679030000000004" lon="127.49638000000002">
        <ele>585.84</ele>
      </trkpt>
      <trkpt lat="35.679640000000006" lon="127.49697">
        <ele>582.23</ele>
      </trkpt>
      <trkpt lat="35.67974" lon="127.49713000000001">
        <ele>581.1200000000001</ele>
      </trkpt>
      <trkpt lat="35.67978" lon="127.49729">
        <ele>580.04</ele>
      </trkpt>
      <trkpt lat="35.679730000000006" lon="127.49783000000001">
        <ele>577.73</ele>
      </trkpt>
      <trkpt lat="35.67963" lon="127.49797000000001">
        <ele>577.35</ele>
      </trkpt>
      <trkpt lat="35.67949" lon="127.498">
        <ele>577.35</ele>
      </trkpt>
      <trkpt lat="35.67933" lon="127.49793000000001">
        <ele>575.77</ele>
      </trkpt>
      <trkpt lat="35.679190000000006" lon="127.49781000000002">
        <ele>575.77</ele>
      </trkpt>
      <trkpt lat="35.679030000000004" lon="127.49776000000001">
        <ele>575.49</ele>
      </trkpt>
      <trkpt lat="35.678900000000006" lon="127.49782">
        <ele>574.32</ele>
      </trkpt>
      <trkpt lat="35.67882" lon="127.49793000000001">
        <ele>574.32</ele>
      </trkpt>
      <trkpt lat="35.67861500183226" lon="127.49858500149577">
        <ele>571.47</ele>
      </trkpt>
      <trkpt lat="35.67841" lon="127.49924000000001">
        <ele>567.6500000000001</ele>
      </trkpt>
      <trkpt lat="35.67831" lon="127.49935">
        <ele>565.91</ele>
      </trkpt>
      <trkpt lat="35.678000000000004" lon="127.49936000000001">
        <ele>564.44</ele>
      </trkpt>
      <trkpt lat="35.67788" lon="127.49940000000001">
        <ele>563.23</ele>
      </trkpt>
      <trkpt lat="35.67779" lon="127.49956000000002">
        <ele>562.08</ele>
      </trkpt>
      <trkpt lat="35.67775" lon="127.49987000000002">
        <ele>560.59</ele>
      </trkpt>
      <trkpt lat="35.677710000000005" lon="127.50005000000002">
        <ele>559.98</ele>
      </trkpt>
      <trkpt lat="35.677600000000005" lon="127.50013000000001">
        <ele>558.6800000000001</ele>
      </trkpt>
      <trkpt lat="35.67728" lon="127.5002">
        <ele>555.61</ele>
      </trkpt>
      <trkpt lat="35.67721" lon="127.50027000000001">
        <ele>554.84</ele>
      </trkpt>
      <trkpt lat="35.6771" lon="127.50073">
        <ele>551.9000000000001</ele>
      </trkpt>
      <trkpt lat="35.677040000000005" lon="127.50083000000001">
        <ele>551.4499999999999</ele>
      </trkpt>
      <trkpt lat="35.676950000000005" lon="127.50090000000002">
        <ele>551.0500000000001</ele>
      </trkpt>
      <trkpt lat="35.67687" lon="127.50093000000001">
        <ele>551.0500000000001</ele>
      </trkpt>
      <trkpt lat="35.676790000000004" lon="127.50092000000001">
        <ele>549.96</ele>
      </trkpt>
      <trkpt lat="35.67669" lon="127.50085000000001">
        <ele>549.96</ele>
      </trkpt>
      <trkpt lat="35.67649" lon="127.50058000000001">
        <ele>548.79</ele>
      </trkpt>
      <trkpt lat="35.67636" lon="127.50054000000002">
        <ele>547.73</ele>
      </trkpt>
      <trkpt lat="35.676280000000006" lon="127.50057000000001">
        <ele>547.49</ele>
      </trkpt>
      <trkpt lat="35.676050000000004" lon="127.50073">
        <ele>546.1</ele>
      </trkpt>
      <trkpt lat="35.67586" lon="127.50079000000001">
        <ele>544.42</ele>
      </trkpt>
      <trkpt lat="35.675700000000006" lon="127.50077000000002">
        <ele>542.85</ele>
      </trkpt>
      <trkpt lat="35.6753" lon="127.50064">
        <ele>538.87</ele>
      </trkpt>
      <trkpt lat="35.67483500011635" lon="127.50069000027989">
        <ele>535.03</ele>
      </trkpt>
      <trkpt lat="35.67437" lon="127.50074000000001">
        <ele>533.47</ele>
      </trkpt>
      <trkpt lat="35.67421" lon="127.50077000000002">
        <ele>533.0400000000001</ele>
      </trkpt>
      <trkpt lat="35.674110000000006" lon="127.50089000000001">
        <ele>533.0400000000001</ele>
      </trkpt>
      <trkpt lat="35.674060000000004" lon="127.50103000000001">
        <ele>532.73</ele>
      </trkpt>
      <trkpt lat="35.67407" lon="127.50121000000001">
        <ele>532.47</ele>
      </trkpt>
      <trkpt lat="35.6743" lon="127.50160000000001">
        <ele>533.59</ele>
      </trkpt>
      <trkpt lat="35.67436" lon="127.50184000000002">
        <ele>535.2300000000001</ele>
      </trkpt>
      <trkpt lat="35.67454" lon="127.50217">
        <ele>538.2</ele>
      </trkpt>
      <trkpt lat="35.67466" lon="127.50226">
        <ele>539.0600000000001</ele>
      </trkpt>
      <trkpt lat="35.674760000000006" lon="127.50240000000001">
        <ele>539.0600000000001</ele>
      </trkpt>
      <trkpt lat="35.674800000000005" lon="127.50254000000001">
        <ele>543.1700000000001</ele>
      </trkpt>
      <trkpt lat="35.674820000000004" lon="127.50269000000002">
        <ele>543.1700000000001</ele>
      </trkpt>
      <trkpt lat="35.67497" lon="127.50291000000001">
        <ele>545.15</ele>
      </trkpt>
      <trkpt lat="35.67502" lon="127.50296000000002">
        <ele>546.58</ele>
      </trkpt>
      <trkpt lat="35.6753" lon="127.50309000000001">
        <ele>549.25</ele>
      </trkpt>
      <trkpt lat="35.67548" lon="127.50321000000001">
        <ele>550.7800000000001</ele>
      </trkpt>
      <trkpt lat="35.67555" lon="127.50338">
        <ele>553.11</ele>
      </trkpt>
      <trkpt lat="35.67555" lon="127.50363000000002">
        <ele>553.71</ele>
      </trkpt>
      <trkpt lat="35.67546" lon="127.50386000000002">
        <ele>555.1</ele>
      </trkpt>
      <trkpt lat="35.67526" lon="127.50404">
        <ele>555.89</ele>
      </trkpt>
      <trkpt lat="35.67448" lon="127.50458">
        <ele>559.9200000000001</ele>
      </trkpt>
      <trkpt lat="35.67436" lon="127.50481">
        <ele>558.44</ele>
      </trkpt>
      <trkpt lat="35.67423" lon="127.50498000000002">
        <ele>556.5600000000001</ele>
      </trkpt>
      <trkpt lat="35.67376" lon="127.50514000000001">
        <ele>548.7700000000001</ele>
      </trkpt>
      <trkpt lat="35.67362" lon="127.50512">
        <ele>548.7700000000001</ele>
      </trkpt>
      <trkpt lat="35.67311" lon="127.50497000000001">
        <ele>542.5600000000001</ele>
      </trkpt>
      <trkpt lat="35.672810000000005" lon="127.50495000000001">
        <ele>537.72</ele>
      </trkpt>
      <trkpt lat="35.67257" lon="127.50498000000002">
        <ele>533.82</ele>
      </trkpt>
      <trkpt lat="35.67242" lon="127.50513000000001">
        <ele>530.1800000000001</ele>
      </trkpt>
      <trkpt lat="35.67233" lon="127.50529000000002">
        <ele>527.54</ele>
      </trkpt>
      <trkpt lat="35.672250000000005" lon="127.50568000000001">
        <ele>522.3500000000001</ele>
      </trkpt>
      <trkpt lat="35.672140000000006" lon="127.50577000000001">
        <ele>522.3500000000001</ele>
      </trkpt>
      <trkpt lat="35.67175" lon="127.50583000000002">
        <ele>516.49</ele>
      </trkpt>
      <trkpt lat="35.6713" lon="127.50615">
        <ele>505.09999999999997</ele>
      </trkpt>
      <trkpt lat="35.670860000000005" lon="127.50684000000001">
        <ele>493.97</ele>
      </trkpt>
      <trkpt lat="35.67076" lon="127.50695">
        <ele>493.97</ele>
      </trkpt>
      <trkpt lat="35.67054" lon="127.50705">
        <ele>488.78000000000003</ele>
      </trkpt>
      <trkpt lat="35.6704" lon="127.50704">
        <ele>486.79</ele>
      </trkpt>
      <trkpt lat="35.670260000000006" lon="127.50697000000001">
        <ele>485.76</ele>
      </trkpt>
      <trkpt lat="35.669590002859785" lon="127.50638332349759">
        <ele>488.08</ele>
      </trkpt>
      <trkpt lat="35.6689200028739" lon="127.50579665684342">
        <ele>493.07000000000005</ele>
      </trkpt>
      <trkpt lat="35.66825" lon="127.50521">
        <ele>501.39</ele>
      </trkpt>
      <trkpt lat="35.66807" lon="127.50513000000001">
        <ele>505.34</ele>
      </trkpt>
      <trkpt lat="35.667930000000005" lon="127.50509000000001">
        <ele>505.34</ele>
      </trkpt>
      <trkpt lat="35.66771" lon="127.50513000000001">
        <ele>508.53999999999996</ele>
      </trkpt>
      <trkpt lat="35.667550000000006" lon="127.50521">
        <ele>511.0800000000001</ele>
      </trkpt>
      <trkpt lat="35.667125001049484" lon="127.50570000254294">
        <ele>517.5300000000001</ele>
      </trkpt>
      <trkpt lat="35.666700000000006" lon="127.50619">
        <ele>523.73</ele>
      </trkpt>
      <trkpt lat="35.66655" lon="127.50633">
        <ele>525.54</ele>
      </trkpt>
      <trkpt lat="35.666140000000006" lon="127.50654000000002">
        <ele>529.32</ele>
      </trkpt>
      <trkpt lat="35.666030000000006" lon="127.50668000000002">
        <ele>530.2</ele>
      </trkpt>
      <trkpt lat="35.66579" lon="127.50731">
        <ele>532.57</ele>
      </trkpt>
      <trkpt lat="35.66568" lon="127.50737000000001">
        <ele>532.35</ele>
      </trkpt>
      <trkpt lat="35.66552" lon="127.5074">
        <ele>531.5000000000001</ele>
      </trkpt>
      <trkpt lat="35.66526" lon="127.50725000000001">
        <ele>529.42</ele>
      </trkpt>
      <trkpt lat="35.66507" lon="127.50727">
        <ele>525.72</ele>
      </trkpt>
      <trkpt lat="35.66485" lon="127.50736">
        <ele>522.23</ele>
      </trkpt>
      <trkpt lat="35.6647" lon="127.50747000000001">
        <ele>519.3800000000001</ele>
      </trkpt>
      <trkpt lat="35.664460000000005" lon="127.50801000000001">
        <ele>511.63</ele>
      </trkpt>
      <trkpt lat="35.664260000000006" lon="127.50817">
        <ele>507.56</ele>
      </trkpt>
      <trkpt lat="35.66378000026195" lon="127.50836000109766">
        <ele>501.97</ele>
      </trkpt>
      <trkpt lat="35.6633" lon="127.50855000000001">
        <ele>496.77000000000004</ele>
      </trkpt>
      <trkpt lat="35.662650000000006" lon="127.50873000000001">
        <ele>493.36</ele>
      </trkpt>
      <trkpt lat="35.66237" lon="127.50874000000002">
        <ele>492.94000000000005</ele>
      </trkpt>
      <trkpt lat="35.66208" lon="127.50857">
        <ele>489.99</ele>
      </trkpt>
      <trkpt lat="35.661750000000005" lon="127.50859000000001">
        <ele>489.1</ele>
      </trkpt>
      <trkpt lat="35.661460000000005" lon="127.50865000000002">
        <ele>488.03000000000003</ele>
      </trkpt>
      <trkpt lat="35.661100000000005" lon="127.50878000000002">
        <ele>485.87</ele>
      </trkpt>
      <trkpt lat="35.66064999997005" lon="127.50885000040232">
        <ele>484.18000000000006</ele>
      </trkpt>
      <trkpt lat="35.6602" lon="127.50892">
        <ele>481.66</ele>
      </trkpt>
      <trkpt lat="35.65981" lon="127.50897">
        <ele>478.43</ele>
      </trkpt>
      <trkpt lat="35.65964" lon="127.50912000000001">
        <ele>474.53000000000003</ele>
      </trkpt>
      <trkpt lat="35.65912" lon="127.50940000000001">
        <ele>469.21</ele>
      </trkpt>
      <trkpt lat="35.65889" lon="127.50950000000002">
        <ele>465.89000000000004</ele>
      </trkpt>
      <trkpt lat="35.658390000000004" lon="127.50952000000001">
        <ele>462.69000000000005</ele>
      </trkpt>
      <trkpt lat="35.658190000000005" lon="127.50959000000002">
        <ele>461.84000000000003</ele>
      </trkpt>
      <trkpt lat="35.65762" lon="127.50983000000001">
        <ele>459.09000000000003</ele>
      </trkpt>
      <trkpt lat="35.657090000000004" lon="127.51008000000002">
        <ele>459.98</ele>
      </trkpt>
      <trkpt lat="35.65636" lon="127.51061000000001">
        <ele>457.78000000000003</ele>
      </trkpt>
      <trkpt lat="35.656240000000004" lon="127.51076">
        <ele>455.72</ele>
      </trkpt>
      <trkpt lat="35.656060000000004" lon="127.5109">
        <ele>455.72</ele>
      </trkpt>
      <trkpt lat="35.65589" lon="127.51094">
        <ele>450.56</ele>
      </trkpt>
      <trkpt lat="35.655440000000006" lon="127.51085">
        <ele>447.02000000000004</ele>
      </trkpt>
      <trkpt lat="35.65529" lon="127.51088000000001">
        <ele>446.1</ele>
      </trkpt>
      <trkpt lat="35.654865000550686" lon="127.51120000160688">
        <ele>439.76000000000005</ele>
      </trkpt>
      <trkpt lat="35.65444" lon="127.51152">
        <ele>434.54</ele>
      </trkpt>
      <trkpt lat="35.65380000099175" lon="127.51201000392678">
        <ele>424.75</ele>
      </trkpt>
      <trkpt lat="35.65316" lon="127.51250000000002">
        <ele>414.91</ele>
      </trkpt>
      <trkpt lat="35.65298" lon="127.51273">
        <ele>413.06</ele>
      </trkpt>
      <trkpt lat="35.65256" lon="127.51344000000002">
        <ele>412.61</ele>
      </trkpt>
      <trkpt lat="35.65252" lon="127.51349">
        <ele>412.61</ele>
      </trkpt>
      <trkpt lat="35.65195000000001" lon="127.51297000000001">
        <ele>412.71000000000004</ele>
      </trkpt>
      <trkpt lat="35.65167" lon="127.51268000000002">
        <ele>412.56</ele>
      </trkpt>
      <trkpt lat="35.65144" lon="127.51251">
        <ele>412.59000000000003</ele>
      </trkpt>
      <trkpt lat="35.65086" lon="127.51214000000002">
        <ele>412.6</ele>
      </trkpt>
      <trkpt lat="35.65042000040321" lon="127.51182999829672">
        <ele>412.65000000000003</ele>
      </trkpt>
      <trkpt lat="35.649980000000006" lon="127.51152">
        <ele>413.18000000000006</ele>
      </trkpt>
      <trkpt lat="35.649910000000006" lon="127.51148">
        <ele>413.56</ele>
      </trkpt>
      <trkpt lat="35.64992" lon="127.51149000000001">
        <ele>413.51000000000005</ele>
      </trkpt>
      <trkpt lat="35.64974" lon="127.51141000000001">
        <ele>414.05</ele>
      </trkpt>
      <trkpt lat="35.64961" lon="127.51140000000001">
        <ele>414.16</ele>
      </trkpt>
      <trkpt lat="35.649390000000004" lon="127.51134">
        <ele>414.11</ele>
      </trkpt>
      <trkpt lat="35.649170000000005" lon="127.51135000000001">
        <ele>414.19000000000005</ele>
      </trkpt>
      <trkpt lat="35.64855" lon="127.51150000000001">
        <ele>414.69000000000005</ele>
      </trkpt>
      <trkpt lat="35.64824" lon="127.51169000000002">
        <ele>415.1</ele>
      </trkpt>
      <trkpt lat="35.647680000695345" lon="127.51207000259684">
        <ele>415.35</ele>
      </trkpt>
      <trkpt lat="35.64712" lon="127.51245000000002">
        <ele>415.49</ele>
      </trkpt>
      <trkpt lat="35.646890000000006" lon="127.51255">
        <ele>414.27000000000004</ele>
      </trkpt>
      <trkpt lat="35.6467" lon="127.51274000000001">
        <ele>414.07000000000005</ele>
      </trkpt>
      <trkpt lat="35.6464" lon="127.51334000000001">
        <ele>415.13000000000005</ele>
      </trkpt>
      <trkpt lat="35.646040000000006" lon="127.5138">
        <ele>414.98</ele>
      </trkpt>
      <trkpt lat="35.64591" lon="127.5139">
        <ele>414.89000000000004</ele>
      </trkpt>
      <trkpt lat="35.64591" lon="127.51389">
        <ele>411.74000000000007</ele>
      </trkpt>
      <trkpt lat="35.645590000000006" lon="127.51419000000001">
        <ele>411.80000000000007</ele>
      </trkpt>
      <trkpt lat="35.64526" lon="127.51505000000002">
        <ele>414.17</ele>
      </trkpt>
      <trkpt lat="35.6447" lon="127.51500000000001">
        <ele>411.94</ele>
      </trkpt>
      <trkpt lat="35.64443" lon="127.51561000000001">
        <ele>414.54</ele>
      </trkpt>
      <trkpt lat="35.644020003041256" lon="127.51646500434538">
        <ele>417.96000000000004</ele>
      </trkpt>
      <trkpt lat="35.64361" lon="127.51732000000001">
        <ele>418.92</ele>
      </trkpt>
      <trkpt lat="35.6434" lon="127.51777000000001">
        <ele>420.34000000000003</ele>
      </trkpt>
      <trkpt lat="35.6428150000421" lon="127.51789500091998">
        <ele>428.77000000000004</ele>
      </trkpt>
      <trkpt lat="35.642230000000005" lon="127.51802">
        <ele>429.89000000000004</ele>
      </trkpt>
      <trkpt lat="35.641830000000006" lon="127.51807000000001">
        <ele>431.16</ele>
      </trkpt>
      <trkpt lat="35.64139" lon="127.5186">
        <ele>431.86</ele>
      </trkpt>
      <trkpt lat="35.6415" lon="127.51967">
        <ele>433.1700000000001</ele>
      </trkpt>
      <trkpt lat="35.64163500244592" lon="127.52042999904788">
        <ele>433.94000000000005</ele>
      </trkpt>
      <trkpt lat="35.64177" lon="127.52119">
        <ele>435.55</ele>
      </trkpt>
      <trkpt lat="35.641760000000005" lon="127.52134000000001">
        <ele>435.49</ele>
      </trkpt>
      <trkpt lat="35.6415" lon="127.52131000000001">
        <ele>437.14000000000004</ele>
      </trkpt>
      <trkpt lat="35.64128" lon="127.52108000000001">
        <ele>438.58000000000004</ele>
      </trkpt>
      <trkpt lat="35.64096" lon="127.52017000000001">
        <ele>435.58000000000004</ele>
      </trkpt>
      <trkpt lat="35.640240000000006" lon="127.52021">
        <ele>438.6700000000001</ele>
      </trkpt>
    </trkseg>
  </trk>
</gpx>